"KeyType","KeyValue","Value","Description"
"BR18","UE","FP","Fire Penetration"
"BR18","UE","FD","Fire Door"
"BR18","UE","FG","Fire Gate"
"BR18","UE","FH","Fire Hatch"
"BR18","UF","D","Door"
"BR18","UF","G","Gate"
"BR18","UF","H","Hatch"
"Aggregate","AH","ELF","Køle- og opvarmningsaggregater, såfremt der er drevet elektrisk eller på anden måde, f.eks. kalorifere (se endvidere AC)."
"Aggregate","GQ","ELF","Kraftstikkontakter."
"Aggregate","GR","ELF","Batterier."
"Aggregate","GS","ELF","Kasser, paneler, instrumentstativer mv., som indeholder aktive komponenter."
"Aggregate","GT","ELF","Transformere."
"Aggregate","GU","ELF","Omformere."
"Aggregate","AB","MKP","Døre, sluser, brandventilationsspjæld inkl. drev (se endvidere AA)."
"Aggregate","AE","MKP","Taljer, løftegrej, transportører."
"Aggregate","AF","MKP","Fødere, tildelere for faste medier, f.eks. kulfødere, kultransportbånd (se endvidere AN, AP)."
"Aggregate","AG","MKP","Generatoraggregater."
"Aggregate","AJ","MKP","Formalings- og knuseaggregater, f.eks. kulmøller, kværne."
"Aggregate","AK","MKP","Presse- og komprimeringsaggregater for faste medier."
"Aggregate","AM","MKP","Røre- og blandeaggregater."
"Aggregate","AS","MKP","Forstillings- og spændeanordninger."
"Aggregate","AU","MKP","Omsættere (ikke rent elektriske), f.eks. elektro-hydraulisk omformer, gear, Voith-gear."
"Aggregate","AV","MKP","Brændere og øvrige brænderindretninger, f.eks. riste."
"Aggregate","AW","MKP","Behandlings- og værktøjsmaskiner."
"Aggregate","AX","MKP","Prøveudstyr og overvågningsindretninger (ikke målekredse), f.eks. TV og kulprøveudtagningsindretning."
"Aggregate","BE","MKP","(Reserveret)."
"Aggregate","BF","MKP","Fundamenter."
"Aggregate","BN","MKP","Ejektorer, injektorer, indsprøjtningsdyser."
"Aggregate","BP","MKP","Drøvleblænder, flow- og gennemstrømningsbegrænsere, ikke måleblænder."
"Aggregate","BS","MKP","Lyddæmpere."
"Aggregate","BU","MKP","Isolering, dækplader."
"Aggregate","GZ","MKP","Ophæng, kabelbakker og anden udrustning for elektrotekniske installationer."
"Aggregate","HA","MKP","Maskinhusdele (statordele)."
"Aggregate","HB","MKP","Maskinløberdele (rotordele)."
"Aggregate","HD","MKP","Lejedele."
"Aggregate","UA","MKP","Åbne områder"
"Aggregate","UB","MKP","Trafikruter, fx veje, pladser"
"Aggregate","UC","MKP","Støtteelementer for civile objekter, fx broer"
"Aggregate","UD","MKP","Skakter, kanaler"
"Aggregate","UE","MKP","Isolerende elementer, sikkerhedsrelaterede, fx branddør"
"Aggregate","UF","MKP","Isolerende elementer, ikke sikkerhedsrelaterede, fx dør"
"Aggregate","UG","MKP","Støtteelementer, fx lofter, vægge"
"Aggregate","UH","MKP","Ikke Støttende elementer, fx lofter, vægge"
"Aggregate","US","MKP","Bolig, fx, rum, korridor, forhal, trapper"
"Aggregate","AN","MKP_FA","Kompressorer, ventilatorer, sugere af alle medier undtagen flydende (se endvidere AF, AP)."
"Aggregate","AT","MKP_FI","Centrifuger, rensnings-, tørrings- og adskillelsesaggregater, f.eks. fangesi i taproggeanlæg, sodblæsere, kuglerensningsanlæg."
"Aggregate","BT","MKP_FI","Katalysatorer, filtre, tørrere, udskillere, sier, vandudladere, kondensomater."
"Aggregate","AC","MKP_HE","Varmevekslere (se endvidere AH)."
"Aggregate","BR","MKP_PI","Rørledninger, kanaler, render, kompensatorer, samlere, bælge."
"Aggregate","AP","MKP_PU","Pumpeaggregater (flydende medier) (se endvidere AF, AN)."
"Aggregate","BB","MKP_TA","Beholdere, kondenspotter, standrør (se endvidere komponentnøgle QS)."
"Aggregate","AA","MKP_VA","Armaturer, spjæld, jalousier inkl. drev (også håndbetjente ventiler) (se endvidere AB)."
"Aggregate","CD","MAA","Massefylde."
"Aggregate","CE","MAA","Elektriske størrelser (strøm, spænding, effekt mv.)"
"Aggregate","CF","MAA","Flow."
"Aggregate","CG","MAA","Position, stilling, afstand, eksentricitet."
"Aggregate","CH","MAA","Manuelt betjent giver, f.eks. brandmelder."
"Aggregate","CK","MAA","Tid."
"Aggregate","CL","MAA","Niveau."
"Aggregate","CM","MAA","Fugtighed."
"Aggregate","CP","MAA","Tryk."
"Aggregate","CQ","MAA","Analysemåling (pH-værdi, ledningsevne mv.)."
"Aggregate","CR","MAA","Strålings- og lysintensitet, flammeovervågning."
"Aggregate","CS","MAA","Omdrejning, frekvens, hastighed."
"Aggregate","CT","MAA","Temperatur."
"Aggregate","CU","MAA","Sammensatte størrelser."
"Aggregate","CV","MAA","Viskositet."
"Aggregate","CW","MAA","Masse, kraft."
"Aggregate","CX","MAA","Neutronflux (reaktoreffektmåling)."
"Aggregate","CY","MAA","Vibrationer, udvidelse."
"Aggregate","DD","MAA","Massefylde."
"Aggregate","DE","MAA","Elektriske størrelser (strøm, spænding, effekt mv.)."
"Aggregate","DF","MAA","Flow."
"Aggregate","DG","MAA","Position, stilling, afstand, eksentricitet."
"Aggregate","DK","MAA","Tid."
"Aggregate","DL","MAA","Niveau."
"Aggregate","DM","MAA","Fugtighed."
"Aggregate","DP","MAA",""
"Aggregate","DQ","MAA","Analysemåling (pH-værdi, ledningsevne mv. andre end DD*, DM*, DV*)."
"Aggregate","DR","MAA","Strålings- og lysintensitet, flammeovervågning."
"Aggregate","DS","MAA","Omdrejning, frekvens, hastighed."
"Aggregate","DT","MAA","Temperatur."
"Aggregate","DU","MAA","Sammensatte størrelser."
"Aggregate","DV","MAA","Viskositet."
"Aggregate","DW","MAA","Masse, kraft."
"Aggregate","DX","MAA","Neutronflux (reaktoreffektmåling)."
"Aggregate","DY","MAA","Vibrationer, udvidelse."
"Aggregate","GV","TAF","Ledningsadskillere, jordsluttere, effektafbrydere."
"Aggregate","GX","TAF","Kasser eller paneler til fordeling af forsyningsspænding."
"Aggregate","GA","UNF","Underfordelere"
"Aggregate","GB","UNF","Underfordelere"
"Aggregate","GC","UNF","Underfordelere, Kan opdeles efter aftale"
"Aggregate","GD","UNF","Underfordelere"
"Aggregate","GE","UNF","Underfordelere"
"Aggregate","GF","UNF","Underfordelere generelt."
"Aggregate","GG","UNF","Gennemføringer, kabler."
"Aggregate","GH","UNF","Indbygningsenheder - processorienteret (skabe og kasser for E/SRO)"
"Aggregate","GJ","UNF","-"
"Aggregate","GK","UNF","Informations- og betjeningsudstyr for regneanlæg og automatiseringssystemer. Anvendes kun efter aftale."
"Aggregate","GL","UNF","-"
"Aggregate","GM","UNF","Underfordelere for telefon og telex."
"Aggregate","GP","UNF","Underfordelere for belysning."
"Aggregate","GW","UNF","Kasser eller paneler til fordeling af forsyningsspænding."
"Aggregate","GY","UNF","Underfordelere for kommunikationsanlæg."
"Aggregate","BQ","NO CLASS","Bæringer, traverser, rørgennemføringer, kranbaner, stålkonstruktioner."
"Aggregate","EA","NO CLASS",""
"Aggregate","EB","NO CLASS",""
"Aggregate","EC","NO CLASS",""
"Aggregate","ED","NO CLASS",""
"Aggregate","EE","NO CLASS",""
"Aggregate","EF","NO CLASS",""
"Aggregate","EG","NO CLASS",""
"Aggregate","EH","NO CLASS",""
"Aggregate","EJ","NO CLASS",""
"Aggregate","EK","NO CLASS",""
"Aggregate","EL","NO CLASS",""
"Aggregate","EM","NO CLASS",""
"Aggregate","EN","NO CLASS",""
"Aggregate","EP","NO CLASS",""
"Aggregate","EQ","NO CLASS",""
"Aggregate","ER","NO CLASS",""
"Aggregate","ES","NO CLASS",""
"Aggregate","ET","NO CLASS",""
"Aggregate","EU","NO CLASS",""
"Aggregate","EV","NO CLASS",""
"Aggregate","EW","NO CLASS",""
"Aggregate","EX","NO CLASS",""
"Aggregate","EY","NO CLASS",""
"Aggregate","EZ","NO CLASS",""
"Aggregate","FA","NO CLASS",""
"Aggregate","FB","NO CLASS",""
"Aggregate","FC","NO CLASS",""
"Aggregate","FD","NO CLASS",""
"Aggregate","FE","NO CLASS",""
"Aggregate","FF","NO CLASS",""
"Aggregate","FG","NO CLASS",""
"Aggregate","FH","NO CLASS",""
"Aggregate","FJ","NO CLASS",""
"Aggregate","FK","NO CLASS",""
"Aggregate","FL","NO CLASS",""
"Aggregate","FM","NO CLASS",""
"Aggregate","FN","NO CLASS",""
"Aggregate","FP","NO CLASS",""
"Aggregate","FQ","NO CLASS",""
"Aggregate","FR","NO CLASS",""
"Aggregate","FS","NO CLASS",""
"Aggregate","FT","NO CLASS",""
"Aggregate","FU","NO CLASS",""
"Aggregate","FV","NO CLASS",""
"Aggregate","FW","NO CLASS",""
"Aggregate","FX","NO CLASS",""
"Aggregate","FY","NO CLASS",""
"Aggregate","GN","NO CLASS","-"
"Component","-A","ELF","APPARATKOMBINATION, ELEKTRONIKKORT"
"Component","-B","GIV","ANALOG GIVERE (LOKAL), OMSÆTTERE AF IKKE ELEKTRISK TIL ELEKTRISK STØRRELSE ELLER OMVENDT"
"Component","-C","NO CLASS","KONDENSATORER"
"Component","-D","GIV","TIDSFORSINKELSES-, HUKOMMELSES-, LOGISKE ELEMENTER OG BINÆRE STYRINGSELEMENTER"
"Component","-E","ELF","SPECIELLE KOMPONENTER"
"Component","-F","GIV","BINÆRE GIVERE (LOKAL) OG BESKYTTELSESKOMPONENTER"
"Component","-G","ELF","STRØMFORSYNING, ENSRETTERE OG VEKSELRETTERE"
"Component","-H","GIV","MELDEINDRETNINGER, SIGNALKOMPONENTER"
"Component","-J","ELF","MEKANISKE INDRETNINGER TIL ELEKTROTEKNISK UDSTYR ANBRAGT LOKALT"
"Component","-K","NO CLASS","RELÆER"
"Component","KA","MKP_VA","Skydeventiler, ventiler, klapper, haner, ventilblokke, prøveventiler"
"Component","KB","MKP","Porte, døre"
"Component","KC","MKP_HE","Varmevekslere"
"Component","KD","MKP_TA","Beholder, udligningsbeholder, bassin"
"Component","KE","MKP","Dreje-, køre-, løfte-, svingemaskineri"
"Component","KF","MKP","Transportører, tildelere"
"Component","KJ","MKP","Knusemaskiner"
"Component","KK","MKP","Presse-, pakkemaskiner"
"Component","KM","MKP","Blander, omrører"
"Component","KN","MKP_FA","Kompressorer, ventilatorer (for gasformige medier)"
"Component","KP","MKP_PU","Pumper (for flydende medier)"
"Component","KT","MKP_FI","Rensemaskiner, tørrer, separatorer, filtre, kationfiltre"
"Component","KU","ELF","Omsættere, f.eks. kraftforstærkere"
"Component","KV","MKP","Brændere, riste"
"Component","KW","MKP","Stationære bearbejdningsmaskiner (værktøjsmaskiner)"
"Component","-L","NO CLASS","REAKTANSER"
"Component","-M","ELF","MOTORER"
"Component","MB","MKP","Bremser"
"Component","MF","MKP","Fundamenter"
"Component","MG","MKP","Gear"
"Component","MK","MKP","Koblinger"
"Component","MM","MKP","Motorer (ikke elektriske)"
"Component","MN","MKP_PU","Pumper, ejektorer, injektorer."
"Component","MP","MKP","Permanente tilslutninger (hvis MQ ikke er nok)"
"Component","MQ","MKP","Uopløselige forbindelser, fx svejsesøm, klæbende sammenkoblinger"
"Component","MR","MKP_PI","Rørledningsdele, kanaldele"
"Component","MS","MKP_AC","Drev (ikke elektriske)"
"Component","MT","MKP","Turbiner"
"Component","MU","MKP","Overdragerelementer, f.eks. stangtræk, faste og bøjelige aksler"
"Component","MV","MKP","Hængerer tilbehør, stativer, rørgennemføringer"
"Component","-N","GIV","FORSTÆRKERE, REGULATORER"
"Component","NB","MKP",""
"Component","NC","MKP",""
"Component","ND","MKP",""
"Component","NE","MKP",""
"Component","NF","MKP",""
"Component","NG","MKP",""
"Component","NH","MKP",""
"Component","-P","GIV","MÅLEUDSTYR, PRØVEUDSTYR OG INSTRUMENTER"
"Component","-Q","TAF","STRÆKSTRØMSOMKOBLINGSKOMPONENTER"
"Component","QB","MKP","Måleværdigivere, f.eks. måleblænder, måledyser, venturidyser, prøveudtagssonder (undtagen QP)"
"Component","QH","GIV","Meldeudstyr, stillingsvisere (binær)"
"Component","QN","MKP","Regulatorer (mekaniske)"
"Component","QP","GIV","Måleudstyr, prøveudstyr, f.eks. lokale visninger af tryk, temperatur, niveau incl. kontakttermometre, kontaktmanometre mv. (analog visning)"
"Component","QR","MKP_PI","Målerør, impulsledninger"
"Component","QS","MKP_TA","Udligningsbeholdere, slampotter, kondenspotter mv."
"Component","QT","MAA","Termolommer, beskyttelsesrør, halsrør (kun til beskyttelse af måleværdigivere)"
"Component","QU","MKP","Omsættere, f.eks. pneumatiske"
"Component","-R","NO CLASS","MODSTANDE (FASTE OG VARIABLE)"
"Component","-S","ELF","BETJENINGSKOMPONENTER, OMSKIFTERE OG VÆLGERE"
"Component","-T","ELF","TRANSFORMATORER"
"Component","-U","GIV","MÅLEVÆRDIOMFORMERE, OMSÆTTER AF ELEKTRISK TIL ANDEN ELEKTRISK STØRRELSE"
"Component","-V","NO CLASS","HALVLEDERE OG ELEKTRONIKRØR"
"Component","-W","KAB","KABLER, LYSLEDERE, SAMLESKINNER OG ANTENNER"
"Component","-X","UNF","KLEMRÆKKE"
"Component","XA","SIGNAL",""
"Component","XB","SIGNAL",""
"Component","XC","SIGNAL",""
"Component","XD","SIGNAL",""
"Component","XE","SIGNAL",""
"Component","XF","SIGNAL",""
"Component","XG","SIGNAL",""
"Component","XH","SIGNAL",""
"Component","XJ","SIGNAL",""
"Component","XK","SIGNAL",""
"Component","XL","SIGNAL",""
"Component","XM","SIGNAL",""
"Component","XN","SIGNAL",""
"Component","XP","SIGNAL",""
"Component","XQ","SIGNAL",""
"Component","XR","SIGNAL",""
"Component","XS","SIGNAL",""
"Component","XT","SIGNAL",""
"Component","XU","SIGNAL",""
"Component","XV","SIGNAL",""
"Component","XW","SIGNAL",""
"Component","XX","SIGNAL",""
"Component","XY","SIGNAL",""
"Component","XZ","SIGNAL",""
"Component","-Y","ELF","ELEKTRISK BETJENTE MEKANISKE KOMPONENTER"
"Component","YA","SIGNAL",""
"Component","YB","SIGNAL",""
"Component","YC","SIGNAL",""
"Component","YD","SIGNAL",""
"Component","YE","SIGNAL",""
"Component","YF","SIGNAL",""
"Component","YG","SIGNAL",""
"Component","YH","SIGNAL",""
"Component","YJ","SIGNAL",""
"Component","YK","SIGNAL",""
"Component","YL","SIGNAL",""
"Component","YM","SIGNAL",""
"Component","YN","SIGNAL",""
"Component","YP","SIGNAL",""
"Component","YQ","SIGNAL",""
"Component","YR","SIGNAL",""
"Component","YS","SIGNAL",""
"Component","YT","SIGNAL",""
"Component","YU","SIGNAL",""
"Component","YV","SIGNAL",""
"Component","YW","SIGNAL",""
"Component","YX","SIGNAL",""
"Component","YY","SIGNAL",""
"Component","YZ","SIGNAL",""
"Component","ZA","SIGNAL",""
"Component","ZB","SIGNAL",""
"Component","ZC","SIGNAL",""
"Component","ZD","SIGNAL",""
"Component","ZE","SIGNAL",""
"Component","ZF","SIGNAL",""
"Component","ZG","SIGNAL",""
"Component","ZH","SIGNAL",""
"Component","ZJ","SIGNAL",""
"Component","ZK","SIGNAL",""
"Component","ZL","SIGNAL",""
"Component","ZM","SIGNAL",""
"Component","ZN","SIGNAL",""
"Component","ZP","SIGNAL",""
"Component","ZQ","SIGNAL",""
"Component","ZR","SIGNAL",""
"Component","ZS","SIGNAL",""
"Component","ZT","SIGNAL",""
"Component","ZU","SIGNAL",""
"Component","ZV","SIGNAL",""
"Component","ZW","SIGNAL",""
"Component","ZX","SIGNAL",""
"Component","ZY","SIGNAL",""
"Component","ZZ","SIGNAL",""
"Component","-Z","MKP","TILPASNINGS- OG UDLIGNINGKOMPONENTER, FILTRE, KABELMUFFER"
"Function","A","",""
"Function","AB","",""
"Function","ABA","",""
"Function","ABB","",""
"Function","ABC","",""
"Function","ABD","",""
"Function","ABE","",""
"Function","ABF","",""
"Function","ABG","",""
"Function","ABH","",""
"Function","ABJ","",""
"Function","ABK","",""
"Function","ABL","",""
"Function","ABM","",""
"Function","ABN","",""
"Function","ABP","",""
"Function","ABQ","",""
"Function","ABR","",""
"Function","ABS","",""
"Function","ABT","",""
"Function","ABU","",""
"Function","ABV","",""
"Function","ABW","",""
"Function","ABX","",""
"Function","ABY","",""
"Function","ABZ","",""
"Function","AC","",""
"Function","ACA","",""
"Function","ACB","",""
"Function","ACC","",""
"Function","ACD","",""
"Function","ACE","",""
"Function","ACF","",""
"Function","ACG","",""
"Function","ACH","",""
"Function","ACJ","",""
"Function","ACK","",""
"Function","ACL","",""
"Function","ACM","",""
"Function","ACN","",""
"Function","ACP","",""
"Function","ACQ","",""
"Function","ACR","",""
"Function","ACS","",""
"Function","ACT","",""
"Function","ACU","",""
"Function","ACV","",""
"Function","ACW","",""
"Function","ACX","",""
"Function","ACY","",""
"Function","ACZ","",""
"Function","AD","",""
"Function","ADA","",""
"Function","ADB","",""
"Function","ADC","",""
"Function","ADD","",""
"Function","ADE","",""
"Function","ADF","",""
"Function","ADG","",""
"Function","ADH","",""
"Function","ADJ","",""
"Function","ADK","",""
"Function","ADL","",""
"Function","ADM","",""
"Function","ADN","",""
"Function","ADP","",""
"Function","ADQ","",""
"Function","ADR","",""
"Function","ADS","",""
"Function","ADT","",""
"Function","ADU","",""
"Function","ADV","",""
"Function","ADW","",""
"Function","ADX","",""
"Function","ADY","",""
"Function","ADZ","",""
"Function","AE","",""
"Function","AEA","",""
"Function","AEB","",""
"Function","AEC","",""
"Function","AED","",""
"Function","AEE","",""
"Function","AEF","",""
"Function","AEG","",""
"Function","AEH","",""
"Function","AEJ","",""
"Function","AEK","",""
"Function","AEL","",""
"Function","AEM","",""
"Function","AEN","",""
"Function","AEP","",""
"Function","AEQ","",""
"Function","AER","",""
"Function","AES","",""
"Function","AET","",""
"Function","AEU","",""
"Function","AEV","",""
"Function","AEW","",""
"Function","AEX","",""
"Function","AEY","",""
"Function","AEZ","",""
"Function","AF","",""
"Function","AFA","",""
"Function","AFB","",""
"Function","AFC","",""
"Function","AFD","",""
"Function","AFE","",""
"Function","AFF","",""
"Function","AFG","",""
"Function","AFH","",""
"Function","AFJ","",""
"Function","AFK","",""
"Function","AFL","",""
"Function","AFM","",""
"Function","AFN","",""
"Function","AFP","",""
"Function","AFQ","",""
"Function","AFR","",""
"Function","AFS","",""
"Function","AFT","",""
"Function","AFU","",""
"Function","AFV","",""
"Function","AFW","",""
"Function","AFX","",""
"Function","AFY","",""
"Function","AFZ","",""
"Function","AG","",""
"Function","AGA","",""
"Function","AGB","",""
"Function","AGC","",""
"Function","AGD","",""
"Function","AGE","",""
"Function","AGF","",""
"Function","AGG","",""
"Function","AGH","",""
"Function","AGJ","",""
"Function","AGK","",""
"Function","AGL","",""
"Function","AGM","",""
"Function","AGN","",""
"Function","AGP","",""
"Function","AGQ","",""
"Function","AGR","",""
"Function","AGS","",""
"Function","AGT","",""
"Function","AGU","",""
"Function","AGV","",""
"Function","AGW","",""
"Function","AGX","",""
"Function","AGY","",""
"Function","AGZ","",""
"Function","AH","",""
"Function","AHA","",""
"Function","AHB","",""
"Function","AHC","",""
"Function","AHD","",""
"Function","AHE","",""
"Function","AHF","",""
"Function","AHG","",""
"Function","AHH","",""
"Function","AHJ","",""
"Function","AHK","",""
"Function","AHL","",""
"Function","AHM","",""
"Function","AHN","",""
"Function","AHP","",""
"Function","AHQ","",""
"Function","AHR","",""
"Function","AHS","",""
"Function","AHT","",""
"Function","AHU","",""
"Function","AHV","",""
"Function","AHW","",""
"Function","AHX","",""
"Function","AHY","",""
"Function","AHZ","",""
"Function","AJ","",""
"Function","AJA","",""
"Function","AJB","",""
"Function","AJC","",""
"Function","AJD","",""
"Function","AJE","",""
"Function","AJF","",""
"Function","AJG","",""
"Function","AJH","",""
"Function","AJJ","",""
"Function","AJK","",""
"Function","AJL","",""
"Function","AJM","",""
"Function","AJN","",""
"Function","AJP","",""
"Function","AJQ","",""
"Function","AJR","",""
"Function","AJS","",""
"Function","AJT","",""
"Function","AJU","",""
"Function","AJV","",""
"Function","AJW","",""
"Function","AJX","",""
"Function","AJY","",""
"Function","AJZ","",""
"Function","AK","",""
"Function","AKA","",""
"Function","AKB","",""
"Function","AKC","",""
"Function","AKD","",""
"Function","AKE","",""
"Function","AKF","",""
"Function","AKG","",""
"Function","AKH","",""
"Function","AKJ","",""
"Function","AKK","",""
"Function","AKL","",""
"Function","AKM","",""
"Function","AKN","",""
"Function","AKP","",""
"Function","AKQ","",""
"Function","AKR","",""
"Function","AKS","",""
"Function","AKT","",""
"Function","AKU","",""
"Function","AKV","",""
"Function","AKW","",""
"Function","AKX","",""
"Function","AKY","",""
"Function","AKZ","",""
"Function","AL","",""
"Function","ALA","",""
"Function","ALB","",""
"Function","ALC","",""
"Function","ALD","",""
"Function","ALE","",""
"Function","ALF","",""
"Function","ALG","",""
"Function","ALH","",""
"Function","ALJ","",""
"Function","ALK","",""
"Function","ALL","",""
"Function","ALM","",""
"Function","ALN","",""
"Function","ALP","",""
"Function","ALQ","",""
"Function","ALR","",""
"Function","ALS","",""
"Function","ALT","",""
"Function","ALU","",""
"Function","ALV","",""
"Function","ALW","",""
"Function","ALX","",""
"Function","ALY","",""
"Function","ALZ","",""
"Function","AM","",""
"Function","AMA","",""
"Function","AMB","",""
"Function","AMC","",""
"Function","AMD","",""
"Function","AME","",""
"Function","AMF","",""
"Function","AMG","",""
"Function","AMH","",""
"Function","AMJ","",""
"Function","AMK","",""
"Function","AML","",""
"Function","AMM","",""
"Function","AMN","",""
"Function","AMP","",""
"Function","AMQ","",""
"Function","AMR","",""
"Function","AMS","",""
"Function","AMT","",""
"Function","AMU","",""
"Function","AMV","",""
"Function","AMW","",""
"Function","AMX","",""
"Function","AMY","",""
"Function","AMZ","",""
"Function","AN","",""
"Function","ANA","",""
"Function","ANB","",""
"Function","ANC","",""
"Function","ANE","",""
"Function","ANF","",""
"Function","ANG","",""
"Function","ANH","",""
"Function","ANK","",""
"Function","ANL","",""
"Function","ANM","",""
"Function","ANN","",""
"Function","ANQ","",""
"Function","ANR","",""
"Function","ANS","",""
"Function","ANU","",""
"Function","ANV","",""
"Function","ANW","",""
"Function","AP","",""
"Function","APA","",""
"Function","APB","",""
"Function","APC","",""
"Function","APD","",""
"Function","APE","",""
"Function","APF","",""
"Function","APG","",""
"Function","APH","",""
"Function","APJ","",""
"Function","APK","",""
"Function","APL","",""
"Function","APM","",""
"Function","APN","",""
"Function","APP","",""
"Function","APQ","",""
"Function","APR","",""
"Function","APS","",""
"Function","APT","",""
"Function","APU","",""
"Function","APV","",""
"Function","APW","",""
"Function","APX","",""
"Function","APY","",""
"Function","APZ","",""
"Function","AQ","",""
"Function","AQA","",""
"Function","AQB","",""
"Function","AQC","",""
"Function","AQD","",""
"Function","AQE","",""
"Function","AQF","",""
"Function","AQG","",""
"Function","AQH","",""
"Function","AQJ","",""
"Function","AQK","",""
"Function","AQL","",""
"Function","AQM","",""
"Function","AQN","",""
"Function","AQP","",""
"Function","AQQ","",""
"Function","AQR","",""
"Function","AQS","",""
"Function","AQT","",""
"Function","AQU","",""
"Function","AQV","",""
"Function","AQW","",""
"Function","AQX","",""
"Function","AQY","",""
"Function","AQZ","",""
"Function","AR","",""
"Function","ARA","",""
"Function","ARB","",""
"Function","ARC","",""
"Function","ARD","",""
"Function","ARE","",""
"Function","ARF","",""
"Function","ARG","",""
"Function","ARH","",""
"Function","ARJ","",""
"Function","ARK","",""
"Function","ARL","",""
"Function","ARM","",""
"Function","ARN","",""
"Function","ARP","",""
"Function","ARQ","",""
"Function","ARR","",""
"Function","ARS","",""
"Function","ART","",""
"Function","ARU","",""
"Function","ARV","",""
"Function","ARW","",""
"Function","ARX","",""
"Function","ARY","",""
"Function","ARZ","",""
"Function","AS","",""
"Function","ASA","",""
"Function","ASB","",""
"Function","ASC","",""
"Function","ASD","",""
"Function","ASJ","",""
"Function","ASL","",""
"Function","ASM","",""
"Function","ASN","",""
"Function","ASP","",""
"Function","ASQ","",""
"Function","ASR","",""
"Function","ASS","",""
"Function","AST","",""
"Function","ASU","",""
"Function","ASV","",""
"Function","ASW","",""
"Function","ASX","",""
"Function","AT","",""
"Function","ATA","",""
"Function","ATB","",""
"Function","ATC","",""
"Function","ATD","",""
"Function","ATE","",""
"Function","ATF","",""
"Function","ATG","",""
"Function","ATH","",""
"Function","ATJ","",""
"Function","ATK","",""
"Function","ATL","",""
"Function","ATM","",""
"Function","ATN","",""
"Function","ATP","",""
"Function","ATQ","",""
"Function","ATR","",""
"Function","ATS","",""
"Function","ATT","",""
"Function","ATU","",""
"Function","ATV","",""
"Function","ATW","",""
"Function","ATX","",""
"Function","ATY","",""
"Function","ATZ","",""
"Function","AU","",""
"Function","AUA","",""
"Function","AUB","",""
"Function","AUC","",""
"Function","AUD","",""
"Function","AUE","",""
"Function","AUF","",""
"Function","AUG","",""
"Function","AUH","",""
"Function","AUJ","",""
"Function","AUK","",""
"Function","AUL","",""
"Function","AUM","",""
"Function","AUN","",""
"Function","AUP","",""
"Function","AUQ","",""
"Function","AUR","",""
"Function","AUS","",""
"Function","AUT","",""
"Function","AUU","",""
"Function","AUV","",""
"Function","AUW","",""
"Function","AUX","",""
"Function","AUY","",""
"Function","AUZ","",""
"Function","AV","",""
"Function","AVA","",""
"Function","AVB","",""
"Function","AVC","",""
"Function","AVD","",""
"Function","AVE","",""
"Function","AVF","",""
"Function","AVG","",""
"Function","AVH","",""
"Function","AVJ","",""
"Function","AVK","",""
"Function","AVL","",""
"Function","AVM","",""
"Function","AVN","",""
"Function","AVP","",""
"Function","AVQ","",""
"Function","AVR","",""
"Function","AVS","",""
"Function","AVT","",""
"Function","AVU","",""
"Function","AVV","",""
"Function","AVW","",""
"Function","AVX","",""
"Function","AVY","",""
"Function","AVZ","",""
"Function","AW","",""
"Function","AWA","",""
"Function","AWB","",""
"Function","AWC","",""
"Function","AWD","",""
"Function","AWE","",""
"Function","AWF","",""
"Function","AWG","",""
"Function","AWH","",""
"Function","AWJ","",""
"Function","AWK","",""
"Function","AWL","",""
"Function","AWM","",""
"Function","AWN","",""
"Function","AWP","",""
"Function","AWQ","",""
"Function","AWR","",""
"Function","AWS","",""
"Function","AWT","",""
"Function","AWU","",""
"Function","AWV","",""
"Function","AWW","",""
"Function","AWX","",""
"Function","AWY","",""
"Function","AWZ","",""
"Function","AX","",""
"Function","AXA","",""
"Function","AXB","",""
"Function","AXC","",""
"Function","AXD","",""
"Function","AXE","",""
"Function","AXF","",""
"Function","AXG","",""
"Function","AXH","",""
"Function","AXJ","",""
"Function","AXK","",""
"Function","AXL","",""
"Function","AXM","",""
"Function","AXN","",""
"Function","AXP","",""
"Function","AXQ","",""
"Function","AXR","",""
"Function","AXS","",""
"Function","AXT","",""
"Function","AXU","",""
"Function","AXV","",""
"Function","AXW","",""
"Function","AXX","",""
"Function","AXY","",""
"Function","AXZ","",""
"Function","AY","",""
"Function","AYA","",""
"Function","AYB","",""
"Function","AYC","",""
"Function","AYD","",""
"Function","AYE","",""
"Function","AYF","",""
"Function","AYG","",""
"Function","AYH","",""
"Function","AYJ","",""
"Function","AYK","",""
"Function","AYL","",""
"Function","AYM","",""
"Function","AYN","",""
"Function","AYP","",""
"Function","AYQ","",""
"Function","AYS","",""
"Function","B","",""
"Function","BA","",""
"Function","BAB","",""
"Function","BAC","",""
"Function","BAE","",""
"Function","BAS","",""
"Function","BAT","",""
"Function","BAU","",""
"Function","BAX","",""
"Function","BAY","",""
"Function","BB","",""
"Function","BBA","",""
"Function","BBB","",""
"Function","BBC","",""
"Function","BBD","",""
"Function","BBE","",""
"Function","BBF","",""
"Function","BBG","",""
"Function","BBH","",""
"Function","BBJ","",""
"Function","BBK","",""
"Function","BBL","",""
"Function","BBM","",""
"Function","BBN","",""
"Function","BBP","",""
"Function","BBQ","",""
"Function","BBR","",""
"Function","BBS","",""
"Function","BBT","",""
"Function","BBX","",""
"Function","BBY","",""
"Function","BC","",""
"Function","BCA","",""
"Function","BCB","",""
"Function","BCC","",""
"Function","BCD","",""
"Function","BCE","",""
"Function","BCF","",""
"Function","BCG","",""
"Function","BCH","",""
"Function","BCJ","",""
"Function","BCK","",""
"Function","BCL","",""
"Function","BCM","",""
"Function","BCN","",""
"Function","BCP","",""
"Function","BCQ","",""
"Function","BCR","",""
"Function","BCS","",""
"Function","BCT","",""
"Function","BCX","",""
"Function","BCY","",""
"Function","BD","",""
"Function","BDA","",""
"Function","BDB","",""
"Function","BDC","",""
"Function","BDD","",""
"Function","BDE","",""
"Function","BDF","",""
"Function","BDG","",""
"Function","BDH","",""
"Function","BDJ","",""
"Function","BDK","",""
"Function","BDL","",""
"Function","BDM","",""
"Function","BDN","",""
"Function","BDP","",""
"Function","BDQ","",""
"Function","BDR","",""
"Function","BDS","",""
"Function","BDT","",""
"Function","BDX","",""
"Function","BDY","",""
"Function","BF","",""
"Function","BFA","",""
"Function","BFB","",""
"Function","BFC","",""
"Function","BFD","",""
"Function","BFE","",""
"Function","BFF","",""
"Function","BFG","",""
"Function","BFH","",""
"Function","BFJ","",""
"Function","BFK","",""
"Function","BFL","",""
"Function","BFM","",""
"Function","BFN","",""
"Function","BFP","",""
"Function","BFQ","",""
"Function","BFR","",""
"Function","BFS","",""
"Function","BFT","",""
"Function","BFU","",""
"Function","BFV","",""
"Function","BFW","",""
"Function","BFX","",""
"Function","BFY","",""
"Function","BG","",""
"Function","BGA","",""
"Function","BGB","",""
"Function","BGC","",""
"Function","BGD","",""
"Function","BGE","",""
"Function","BGF","",""
"Function","BGG","",""
"Function","BGH","",""
"Function","BGJ","",""
"Function","BGK","",""
"Function","BGL","",""
"Function","BGM","",""
"Function","BGN","",""
"Function","BGP","",""
"Function","BGQ","",""
"Function","BGR","",""
"Function","BGS","",""
"Function","BGT","",""
"Function","BGU","",""
"Function","BGV","",""
"Function","BGW","",""
"Function","BGX","",""
"Function","BGY","",""
"Function","BH","",""
"Function","BHA","",""
"Function","BHB","",""
"Function","BHC","",""
"Function","BHD","",""
"Function","BHE","",""
"Function","BHF","",""
"Function","BHG","",""
"Function","BHH","",""
"Function","BHJ","",""
"Function","BHK","",""
"Function","BHL","",""
"Function","BHM","",""
"Function","BHN","",""
"Function","BHP","",""
"Function","BHQ","",""
"Function","BHR","",""
"Function","BHS","",""
"Function","BHT","",""
"Function","BHU","",""
"Function","BHV","",""
"Function","BHW","",""
"Function","BHX","",""
"Function","BHY","",""
"Function","BJ","",""
"Function","BJA","",""
"Function","BJB","",""
"Function","BJC","",""
"Function","BJD","",""
"Function","BJE","",""
"Function","BJF","",""
"Function","BJG","",""
"Function","BJH","",""
"Function","BJJ","",""
"Function","BJK","",""
"Function","BJL","",""
"Function","BJM","",""
"Function","BJN","",""
"Function","BJP","",""
"Function","BJQ","",""
"Function","BJR","",""
"Function","BJS","",""
"Function","BJT","",""
"Function","BJX","",""
"Function","BJY","",""
"Function","BK","",""
"Function","BKA","",""
"Function","BKB","",""
"Function","BKC","",""
"Function","BKD","",""
"Function","BKE","",""
"Function","BKF","",""
"Function","BKG","",""
"Function","BKH","",""
"Function","BKJ","",""
"Function","BKK","",""
"Function","BKL","",""
"Function","BKM","",""
"Function","BKN","",""
"Function","BKP","",""
"Function","BKQ","",""
"Function","BKR","",""
"Function","BKS","",""
"Function","BKT","",""
"Function","BKU","",""
"Function","BKV","",""
"Function","BKW","",""
"Function","BKX","",""
"Function","BKY","",""
"Function","BL","",""
"Function","BLA","",""
"Function","BLB","",""
"Function","BLC","",""
"Function","BLD","",""
"Function","BLE","",""
"Function","BLF","",""
"Function","BLG","",""
"Function","BLH","",""
"Function","BLJ","",""
"Function","BLK","",""
"Function","BLL","",""
"Function","BLM","",""
"Function","BLN","",""
"Function","BLP","",""
"Function","BLQ","",""
"Function","BLR","",""
"Function","BLS","",""
"Function","BLT","",""
"Function","BLX","",""
"Function","BLY","",""
"Function","BM","",""
"Function","BMA","",""
"Function","BMB","",""
"Function","BMC","",""
"Function","BMD","",""
"Function","BME","",""
"Function","BMF","",""
"Function","BMG","",""
"Function","BMH","",""
"Function","BMJ","",""
"Function","BMK","",""
"Function","BML","",""
"Function","BMM","",""
"Function","BMN","",""
"Function","BMP","",""
"Function","BMQ","",""
"Function","BMR","",""
"Function","BMS","",""
"Function","BMT","",""
"Function","BMU","",""
"Function","BMV","",""
"Function","BMW","",""
"Function","BMX","",""
"Function","BMY","",""
"Function","BN","",""
"Function","BNA","",""
"Function","BNB","",""
"Function","BNC","",""
"Function","BND","",""
"Function","BNE","",""
"Function","BNF","",""
"Function","BNG","",""
"Function","BNH","",""
"Function","BNJ","",""
"Function","BNK","",""
"Function","BNL","",""
"Function","BNM","",""
"Function","BNN","",""
"Function","BNP","",""
"Function","BNQ","",""
"Function","BNR","",""
"Function","BNS","",""
"Function","BNT","",""
"Function","BNU","",""
"Function","BNV","",""
"Function","BNW","",""
"Function","BNX","",""
"Function","BNY","",""
"Function","BP","",""
"Function","BPA","",""
"Function","BPB","",""
"Function","BPC","",""
"Function","BPD","",""
"Function","BPE","",""
"Function","BPF","",""
"Function","BPG","",""
"Function","BPH","",""
"Function","BPJ","",""
"Function","BPK","",""
"Function","BPL","",""
"Function","BPM","",""
"Function","BPN","",""
"Function","BPP","",""
"Function","BPQ","",""
"Function","BPR","",""
"Function","BPS","",""
"Function","BPT","",""
"Function","BPU","",""
"Function","BPX","",""
"Function","BPY","",""
"Function","BQB","",""
"Function","BR","",""
"Function","BRA","",""
"Function","BRB","",""
"Function","BRC","",""
"Function","BRD","",""
"Function","BRE","",""
"Function","BRF","",""
"Function","BRG","",""
"Function","BRH","",""
"Function","BRJ","",""
"Function","BRK","",""
"Function","BRL","",""
"Function","BRM","",""
"Function","BRN","",""
"Function","BRP","",""
"Function","BRQ","",""
"Function","BRR","",""
"Function","BRS","",""
"Function","BRT","",""
"Function","BRU","",""
"Function","BRV","",""
"Function","BRX","",""
"Function","BRY","",""
"Function","BT","",""
"Function","BTA","",""
"Function","BTB","",""
"Function","BTC","",""
"Function","BTD","",""
"Function","BTE","",""
"Function","BTF","",""
"Function","BTG","",""
"Function","BTH","",""
"Function","BTJ","",""
"Function","BTK","",""
"Function","BTL","",""
"Function","BTM","",""
"Function","BTN","",""
"Function","BTP","",""
"Function","BTQ","",""
"Function","BTR","",""
"Function","BTS","",""
"Function","BTT","",""
"Function","BTU","",""
"Function","BTV","",""
"Function","BTW","",""
"Function","BTX","",""
"Function","BTY","",""
"Function","BTZ","",""
"Function","BU","",""
"Function","BUA","",""
"Function","BUB","",""
"Function","BUC","",""
"Function","BUD","",""
"Function","BUE","",""
"Function","BUF","",""
"Function","BUG","",""
"Function","BUH","",""
"Function","BUJ","",""
"Function","BUK","",""
"Function","BUL","",""
"Function","BUM","",""
"Function","BUN","",""
"Function","BUP","",""
"Function","BUQ","",""
"Function","BUR","",""
"Function","BUS","",""
"Function","BUX","",""
"Function","BUY","",""
"Function","BV","",""
"Function","BVA","",""
"Function","BVB","",""
"Function","BVC","",""
"Function","BVD","",""
"Function","BVE","",""
"Function","BVF","",""
"Function","BVG","",""
"Function","BVH","",""
"Function","BVJ","",""
"Function","BVK","",""
"Function","BVL","",""
"Function","BVM","",""
"Function","BVN","",""
"Function","BVP","",""
"Function","BVQ","",""
"Function","BVR","",""
"Function","BVS","",""
"Function","BVX","",""
"Function","BVY","",""
"Function","BW","",""
"Function","BWA","",""
"Function","BWB","",""
"Function","BWC","",""
"Function","BWD","",""
"Function","BWE","",""
"Function","BWF","",""
"Function","BWG","",""
"Function","BWH","",""
"Function","BWJ","",""
"Function","BWK","",""
"Function","BWL","",""
"Function","BWM","",""
"Function","BWN","",""
"Function","BWP","",""
"Function","BWQ","",""
"Function","BWR","",""
"Function","BWS","",""
"Function","BWX","",""
"Function","BWY","",""
"Function","BX","",""
"Function","BXA","",""
"Function","BXB","",""
"Function","BXC","",""
"Function","BXD","",""
"Function","BXE","",""
"Function","BXF","",""
"Function","BXG","",""
"Function","BXH","",""
"Function","BXJ","",""
"Function","BXK","",""
"Function","BXL","",""
"Function","BXM","",""
"Function","BXN","",""
"Function","BXP","",""
"Function","BXQ","",""
"Function","BXR","",""
"Function","BXS","",""
"Function","BXT","",""
"Function","BXU","",""
"Function","BY","",""
"Function","BYA","",""
"Function","BYB","",""
"Function","BYC","",""
"Function","BYD","",""
"Function","BYE","",""
"Function","BYF","",""
"Function","BYG","",""
"Function","BYH","",""
"Function","BYJ","",""
"Function","BYK","",""
"Function","BYL","",""
"Function","BYM","",""
"Function","BYN","",""
"Function","BYP","",""
"Function","BYQ","",""
"Function","BYR","",""
"Function","BYS","",""
"Function","BYT","",""
"Function","BYU","",""
"Function","BAA","",""
"Function","C","",""
"Function","CA","",""
"Function","CAB","",""
"Function","CAC","",""
"Function","CAD","",""
"Function","CAE","",""
"Function","CAF","",""
"Function","CAG","",""
"Function","CAH","",""
"Function","CAJ","",""
"Function","CAK","",""
"Function","CAL","",""
"Function","CAM","",""
"Function","CAN","",""
"Function","CAP","",""
"Function","CAQ","",""
"Function","CAR","",""
"Function","CAS","",""
"Function","CAT","",""
"Function","CAU","",""
"Function","CAV","",""
"Function","CAW","",""
"Function","CAX","",""
"Function","CAY","",""
"Function","CB","",""
"Function","CBA","",""
"Function","CBB","",""
"Function","CBC","",""
"Function","CBD","",""
"Function","CBE","",""
"Function","CBF","",""
"Function","CBG","",""
"Function","CBH","",""
"Function","CBJ","",""
"Function","CBK","",""
"Function","CBL","",""
"Function","CBM","",""
"Function","CBN","",""
"Function","CBP","",""
"Function","CBQ","",""
"Function","CBR","",""
"Function","CBS","",""
"Function","CBT","",""
"Function","CBU","",""
"Function","CBV","",""
"Function","CBW","",""
"Function","CBX","",""
"Function","CBY","",""
"Function","CC","",""
"Function","CCA","",""
"Function","CCB","",""
"Function","CCC","",""
"Function","CCD","",""
"Function","CCE","",""
"Function","CCF","",""
"Function","CCG","",""
"Function","CCH","",""
"Function","CCJ","",""
"Function","CCK","",""
"Function","CCL","",""
"Function","CCM","",""
"Function","CCN","",""
"Function","CCP","",""
"Function","CCQ","",""
"Function","CCR","",""
"Function","CCS","",""
"Function","CCT","",""
"Function","CCU","",""
"Function","CCV","",""
"Function","CCW","",""
"Function","CCX","",""
"Function","CCY","",""
"Function","CD","",""
"Function","CDA","",""
"Function","CDB","",""
"Function","CDC","",""
"Function","CDD","",""
"Function","CDE","",""
"Function","CDF","",""
"Function","CDG","",""
"Function","CDH","",""
"Function","CDJ","",""
"Function","CDK","",""
"Function","CDL","",""
"Function","CDM","",""
"Function","CDN","",""
"Function","CDP","",""
"Function","CDQ","",""
"Function","CDR","",""
"Function","CDS","",""
"Function","CDT","",""
"Function","CDU","",""
"Function","CDV","",""
"Function","CDW","",""
"Function","CDX","",""
"Function","CDY","",""
"Function","CE","",""
"Function","CEA","",""
"Function","CEB","",""
"Function","CEC","",""
"Function","CED","",""
"Function","CEE","",""
"Function","CEF","",""
"Function","CEG","",""
"Function","CEH","",""
"Function","CEJ","",""
"Function","CEK","",""
"Function","CEL","",""
"Function","CEM","",""
"Function","CEN","",""
"Function","CEP","",""
"Function","CEQ","",""
"Function","CER","",""
"Function","CES","",""
"Function","CET","",""
"Function","CEU","",""
"Function","CEV","",""
"Function","CEW","",""
"Function","CEX","",""
"Function","CEY","",""
"Function","CF","",""
"Function","CFA","",""
"Function","CFB","",""
"Function","CFC","",""
"Function","CFD","",""
"Function","CFE","",""
"Function","CFF","",""
"Function","CFG","",""
"Function","CFH","",""
"Function","CFJ","",""
"Function","CFK","",""
"Function","CFL","",""
"Function","CFM","",""
"Function","CFN","",""
"Function","CFP","",""
"Function","CFQ","",""
"Function","CFR","",""
"Function","CFS","",""
"Function","CFT","",""
"Function","CFU","",""
"Function","CFV","",""
"Function","CFW","",""
"Function","CFX","",""
"Function","CFY","",""
"Function","CG","",""
"Function","CGA","",""
"Function","CGB","",""
"Function","CGC","",""
"Function","CGD","",""
"Function","CGE","",""
"Function","CGF","",""
"Function","CGG","",""
"Function","CGH","",""
"Function","CGJ","",""
"Function","CGK","",""
"Function","CGL","",""
"Function","CGM","",""
"Function","CGN","",""
"Function","CGP","",""
"Function","CGQ","",""
"Function","CGR","",""
"Function","CGS","",""
"Function","CGT","",""
"Function","CGU","",""
"Function","CGV","",""
"Function","CGW","",""
"Function","CGX","",""
"Function","CGY","",""
"Function","CH","",""
"Function","CHA","",""
"Function","CHB","",""
"Function","CHC","",""
"Function","CHD","",""
"Function","CHE","",""
"Function","CHF","",""
"Function","CHG","",""
"Function","CHH","",""
"Function","CHJ","",""
"Function","CHK","",""
"Function","CHL","",""
"Function","CHM","",""
"Function","CHN","",""
"Function","CHP","",""
"Function","CHQ","",""
"Function","CHR","",""
"Function","CHS","",""
"Function","CHT","",""
"Function","CHU","",""
"Function","CHV","",""
"Function","CHW","",""
"Function","CHX","",""
"Function","CHY","",""
"Function","CJ","",""
"Function","CJA","",""
"Function","CJD","",""
"Function","CJF","",""
"Function","CJJ","",""
"Function","CJK","",""
"Function","CJL","",""
"Function","CJM","",""
"Function","CJN","",""
"Function","CJP","",""
"Function","CJQ","",""
"Function","CJR","",""
"Function","CJS","",""
"Function","CJT","",""
"Function","CJU","",""
"Function","CJV","",""
"Function","CJW","",""
"Function","CJX","",""
"Function","CJY","",""
"Function","CK","",""
"Function","CKA","",""
"Function","CKB","",""
"Function","CKC","",""
"Function","CKD","",""
"Function","CKE","",""
"Function","CKF","",""
"Function","CKG","",""
"Function","CKH","",""
"Function","CKJ","",""
"Function","CKK","",""
"Function","CKL","",""
"Function","CKM","",""
"Function","CKN","",""
"Function","CKP","",""
"Function","CKQ","",""
"Function","CKR","",""
"Function","CKS","",""
"Function","CKT","",""
"Function","CKU","",""
"Function","CKV","",""
"Function","CKW","",""
"Function","CKX","",""
"Function","CKY","",""
"Function","CKZ","",""
"Function","CL","",""
"Function","CLA","",""
"Function","CLB","",""
"Function","CLC","",""
"Function","CLD","",""
"Function","CLE","",""
"Function","CLF","",""
"Function","CLG","",""
"Function","CLH","",""
"Function","CLJ","",""
"Function","CLK","",""
"Function","CLL","",""
"Function","CLM","",""
"Function","CLN","",""
"Function","CLP","",""
"Function","CLQ","",""
"Function","CLR","",""
"Function","CLS","",""
"Function","CLT","",""
"Function","CLU","",""
"Function","CLV","",""
"Function","CLW","",""
"Function","CLX","",""
"Function","CLY","",""
"Function","CLZ","",""
"Function","CM","",""
"Function","CMA","",""
"Function","CMB","",""
"Function","CMC","",""
"Function","CMD","",""
"Function","CME","",""
"Function","CMF","",""
"Function","CMG","",""
"Function","CMH","",""
"Function","CMJ","",""
"Function","CMK","",""
"Function","CML","",""
"Function","CMM","",""
"Function","CMN","",""
"Function","CMP","",""
"Function","CMQ","",""
"Function","CMR","",""
"Function","CMS","",""
"Function","CMT","",""
"Function","CMU","",""
"Function","CMV","",""
"Function","CMW","",""
"Function","CMX","",""
"Function","CMY","",""
"Function","CMZ","",""
"Function","CN","",""
"Function","CNA","",""
"Function","CNB","",""
"Function","CNC","",""
"Function","CND","",""
"Function","CNE","",""
"Function","CNF","",""
"Function","CNG","",""
"Function","CNH","",""
"Function","CNJ","",""
"Function","CNK","",""
"Function","CNL","",""
"Function","CNM","",""
"Function","CNN","",""
"Function","CNP","",""
"Function","CNQ","",""
"Function","CNR","",""
"Function","CNS","",""
"Function","CNT","",""
"Function","CNU","",""
"Function","CNV","",""
"Function","CNW","",""
"Function","CNX","",""
"Function","CNY","",""
"Function","CNZ","",""
"Function","CP","",""
"Function","CPA","",""
"Function","CPB","",""
"Function","CPC","",""
"Function","CPD","",""
"Function","CPE","",""
"Function","CPF","",""
"Function","CPG","",""
"Function","CPH","",""
"Function","CPJ","",""
"Function","CPK","",""
"Function","CPL","",""
"Function","CPM","",""
"Function","CPN","",""
"Function","CPP","",""
"Function","CPQ","",""
"Function","CPR","",""
"Function","CPS","",""
"Function","CPT","",""
"Function","CPU","",""
"Function","CPV","",""
"Function","CPW","",""
"Function","CPX","",""
"Function","CPY","",""
"Function","CPZ","",""
"Function","CQ","",""
"Function","CQA","",""
"Function","CQB","",""
"Function","CQC","",""
"Function","CQD","",""
"Function","CQE","",""
"Function","CQF","",""
"Function","CQG","",""
"Function","CQH","",""
"Function","CQJ","",""
"Function","CQK","",""
"Function","CQL","",""
"Function","CQM","",""
"Function","CQN","",""
"Function","CQP","",""
"Function","CQQ","",""
"Function","CQR","",""
"Function","CQS","",""
"Function","CQT","",""
"Function","CQU","",""
"Function","CQV","",""
"Function","CQW","",""
"Function","CQX","",""
"Function","CQY","",""
"Function","CQZ","",""
"Function","CR","",""
"Function","CRA","",""
"Function","CRB","",""
"Function","CRC","",""
"Function","CRD","",""
"Function","CRE","",""
"Function","CRF","",""
"Function","CRG","",""
"Function","CRH","",""
"Function","CRJ","",""
"Function","CRK","",""
"Function","CRL","",""
"Function","CRM","",""
"Function","CRN","",""
"Function","CRP","",""
"Function","CRQ","",""
"Function","CRR","",""
"Function","CRS","",""
"Function","CRT","",""
"Function","CRU","",""
"Function","CRV","",""
"Function","CRW","",""
"Function","CRX","",""
"Function","CRY","",""
"Function","CRZ","",""
"Function","CS","",""
"Function","CSA","",""
"Function","CSB","",""
"Function","CSC","",""
"Function","CSD","",""
"Function","CSE","",""
"Function","CSF","",""
"Function","CSG","",""
"Function","CSH","",""
"Function","CSJ","",""
"Function","CSK","",""
"Function","CSL","",""
"Function","CSM","",""
"Function","CSN","",""
"Function","CSP","",""
"Function","CSQ","",""
"Function","CSR","",""
"Function","CSS","",""
"Function","CST","",""
"Function","CSU","",""
"Function","CSV","",""
"Function","CSW","",""
"Function","CSX","",""
"Function","CSY","",""
"Function","CSZ","",""
"Function","CT","",""
"Function","CTA","",""
"Function","CTB","",""
"Function","CTC","",""
"Function","CTD","",""
"Function","CTE","",""
"Function","CTF","",""
"Function","CTG","",""
"Function","CTH","",""
"Function","CTJ","",""
"Function","CTK","",""
"Function","CTL","",""
"Function","CTM","",""
"Function","CTN","",""
"Function","CTP","",""
"Function","CTQ","",""
"Function","CTR","",""
"Function","CTS","",""
"Function","CTT","",""
"Function","CTU","",""
"Function","CTV","",""
"Function","CTW","",""
"Function","CTX","",""
"Function","CTY","",""
"Function","CTZ","",""
"Function","CU","",""
"Function","CUA","",""
"Function","CUB","",""
"Function","CUC","",""
"Function","CUD","",""
"Function","CUE","",""
"Function","CUF","",""
"Function","CUG","",""
"Function","CUH","",""
"Function","CUJ","",""
"Function","CUK","",""
"Function","CUL","",""
"Function","CUM","",""
"Function","CUN","",""
"Function","CUP","",""
"Function","CUQ","",""
"Function","CUR","",""
"Function","CUS","",""
"Function","CUT","",""
"Function","CUU","",""
"Function","CUV","",""
"Function","CUW","",""
"Function","CUX","",""
"Function","CUY","",""
"Function","CV","",""
"Function","CVA","",""
"Function","CVB","",""
"Function","CVC","",""
"Function","CVD","",""
"Function","CVE","",""
"Function","CVF","",""
"Function","CVG","",""
"Function","CVH","",""
"Function","CVJ","",""
"Function","CVK","",""
"Function","CVL","",""
"Function","CVM","",""
"Function","CVN","",""
"Function","CVP","",""
"Function","CVQ","",""
"Function","CVR","",""
"Function","CVS","",""
"Function","CVT","",""
"Function","CVU","",""
"Function","CVV","",""
"Function","CVW","",""
"Function","CVX","",""
"Function","CVY","",""
"Function","CVZ","",""
"Function","CW","",""
"Function","CWA","",""
"Function","CWB","",""
"Function","CWC","",""
"Function","CWD","",""
"Function","CWE","",""
"Function","CWF","",""
"Function","CWG","",""
"Function","CWH","",""
"Function","CWJ","",""
"Function","CWK","",""
"Function","CWL","",""
"Function","CWM","",""
"Function","CWN","",""
"Function","CWP","",""
"Function","CWQ","",""
"Function","CWR","",""
"Function","CWS","",""
"Function","CWT","",""
"Function","CWU","",""
"Function","CWV","",""
"Function","CWW","",""
"Function","CWX","",""
"Function","CWY","",""
"Function","CX","",""
"Function","CXA","",""
"Function","CXB","",""
"Function","CXC","",""
"Function","CXD","",""
"Function","CXE","",""
"Function","CXF","",""
"Function","CXG","",""
"Function","CXH","",""
"Function","CXJ","",""
"Function","CXK","",""
"Function","CXL","",""
"Function","CXM","",""
"Function","CXN","",""
"Function","CXP","",""
"Function","CXQ","",""
"Function","CXR","",""
"Function","CXS","",""
"Function","CXT","",""
"Function","CXU","",""
"Function","CXV","",""
"Function","CXW","",""
"Function","CXX","",""
"Function","CXY","",""
"Function","CXZ","",""
"Function","CY","",""
"Function","CYA","",""
"Function","CYB","",""
"Function","CYC","",""
"Function","CYD","",""
"Function","CYE","",""
"Function","CYF","",""
"Function","CYG","",""
"Function","CYH","",""
"Function","CYJ","",""
"Function","CYK","",""
"Function","CYL","",""
"Function","CYP","",""
"Function","CYQ","",""
"Function","CYR","",""
"Function","CYS","",""
"Function","CYT","",""
"Function","CYU","",""
"Function","CYV","",""
"Function","CYW","",""
"Function","CYX","",""
"Function","CYY","",""
"Function","CYZ","",""
"Function","CAA","",""
"Function","E","",""
"Function","EA","",""
"Function","EAB","",""
"Function","EAC","",""
"Function","EAD","",""
"Function","EAE","",""
"Function","EAF","",""
"Function","EAT","",""
"Function","EAU","",""
"Function","EAV","",""
"Function","EAX","",""
"Function","EAY","",""
"Function","EB","",""
"Function","EBA","",""
"Function","EBB","",""
"Function","EBC","",""
"Function","EBD","",""
"Function","EBE","",""
"Function","EBF","",""
"Function","EBG","",""
"Function","EBH","",""
"Function","EBJ","",""
"Function","EBK","",""
"Function","EBL","",""
"Function","EBM","",""
"Function","EBR","",""
"Function","EBT","",""
"Function","EBU","",""
"Function","EBV","",""
"Function","EBX","",""
"Function","EBY","",""
"Function","EC","",""
"Function","ECA","",""
"Function","ECB","",""
"Function","ECC","",""
"Function","ECD","",""
"Function","ECE","",""
"Function","ECF","",""
"Function","ECG","",""
"Function","ECH","",""
"Function","ECJ","",""
"Function","ECK","",""
"Function","ECL","",""
"Function","ECM","",""
"Function","ECN","",""
"Function","ECP","",""
"Function","ECQ","",""
"Function","ECR","",""
"Function","ECS","",""
"Function","ECT","",""
"Function","ECU","",""
"Function","ECX","",""
"Function","ECY","",""
"Function","ED","",""
"Function","EDA","",""
"Function","EDB","",""
"Function","EDC","",""
"Function","EDD","",""
"Function","EDE","",""
"Function","EDF","",""
"Function","EDG","",""
"Function","EDH","",""
"Function","EDJ","",""
"Function","EDK","",""
"Function","EDL","",""
"Function","EDM","",""
"Function","EDN","",""
"Function","EDP","",""
"Function","EDQ","",""
"Function","EDR","",""
"Function","EDS","",""
"Function","EDT","",""
"Function","EDU","",""
"Function","EDV","",""
"Function","EDX","",""
"Function","EDY","",""
"Function","EE","",""
"Function","EEA","",""
"Function","EEB","",""
"Function","EEC","",""
"Function","EED","",""
"Function","EEE","",""
"Function","EEF","",""
"Function","EEG","",""
"Function","EEH","",""
"Function","EEJ","",""
"Function","EEK","",""
"Function","EEL","",""
"Function","EEM","",""
"Function","EEN","",""
"Function","EEP","",""
"Function","EEQ","",""
"Function","EER","",""
"Function","EES","",""
"Function","EET","",""
"Function","EEU","",""
"Function","EEV","",""
"Function","EEX","",""
"Function","EEY","",""
"Function","EG","",""
"Function","EGA","",""
"Function","EGB","",""
"Function","EGC","",""
"Function","EGD","",""
"Function","EGE","",""
"Function","EGF","",""
"Function","EGG","",""
"Function","EGR","",""
"Function","EGT","",""
"Function","EGU","",""
"Function","EGV","",""
"Function","EGX","",""
"Function","EGY","",""
"Function","EH","",""
"Function","EHA","",""
"Function","EHB","",""
"Function","EHC","",""
"Function","EHD","",""
"Function","EHE","",""
"Function","EHF","",""
"Function","EHG","",""
"Function","EHH","",""
"Function","EHJ","",""
"Function","EHK","",""
"Function","EHL","",""
"Function","EHM","",""
"Function","EHN","",""
"Function","EHP","",""
"Function","EHQ","",""
"Function","EHR","",""
"Function","EHS","",""
"Function","EHT","",""
"Function","EHU","",""
"Function","EHV","",""
"Function","EHX","",""
"Function","EHY","",""
"Function","EK","",""
"Function","EKA","",""
"Function","EKB","",""
"Function","EKC","",""
"Function","EKD","",""
"Function","EKE","",""
"Function","EKF","",""
"Function","EKG","",""
"Function","EKH","",""
"Function","EKR","",""
"Function","EKT","",""
"Function","EKU","",""
"Function","EKV","",""
"Function","EKW","",""
"Function","EKX","",""
"Function","EKY","",""
"Function","EL","",""
"Function","ELA","",""
"Function","ELB","",""
"Function","ELC","",""
"Function","ELD","",""
"Function","ELE","",""
"Function","ELF","",""
"Function","ELG","",""
"Function","ELH","",""
"Function","ELJ","",""
"Function","ELK","",""
"Function","ELL","",""
"Function","ELM","",""
"Function","ELN","",""
"Function","ELP","",""
"Function","ELQ","",""
"Function","ELR","",""
"Function","ELS","",""
"Function","ELT","",""
"Function","ELU","",""
"Function","ELV","",""
"Function","ELW","",""
"Function","ELX","",""
"Function","ELY","",""
"Function","EM","",""
"Function","EMA","",""
"Function","EMB","",""
"Function","EMC","",""
"Function","EMD","",""
"Function","EME","",""
"Function","EMF","",""
"Function","EMG","",""
"Function","EMH","",""
"Function","EMJ","",""
"Function","EMK","",""
"Function","EML","",""
"Function","EMM","",""
"Function","EMN","",""
"Function","EMP","",""
"Function","EMQ","",""
"Function","EMR","",""
"Function","EMS","",""
"Function","EMT","",""
"Function","EMU","",""
"Function","EMV","",""
"Function","EMX","",""
"Function","EMY","",""
"Function","EN","",""
"Function","ENA","",""
"Function","ENB","",""
"Function","ENC","",""
"Function","END","",""
"Function","ENE","",""
"Function","ENF","",""
"Function","ENG","",""
"Function","ENH","",""
"Function","ENJ","",""
"Function","ENK","",""
"Function","ENL","",""
"Function","ENM","",""
"Function","ENN","",""
"Function","ENP","",""
"Function","ENQ","",""
"Function","ENR","",""
"Function","ENS","",""
"Function","ENT","",""
"Function","ENU","",""
"Function","ENV","",""
"Function","ENX","",""
"Function","ENY","",""
"Function","EP","",""
"Function","EPA","",""
"Function","EPB","",""
"Function","EPC","",""
"Function","EPD","",""
"Function","EPE","",""
"Function","EPF","",""
"Function","EPG","",""
"Function","EPH","",""
"Function","EPJ","",""
"Function","EPK","",""
"Function","EPL","",""
"Function","EPM","",""
"Function","EPN","",""
"Function","EPP","",""
"Function","EPQ","",""
"Function","EPR","",""
"Function","EPS","",""
"Function","EPT","",""
"Function","EPU","",""
"Function","EPV","",""
"Function","EPX","",""
"Function","EPY","",""
"Function","EQ","",""
"Function","EQA","",""
"Function","EQB","",""
"Function","EQC","",""
"Function","EQD","",""
"Function","EQE","",""
"Function","EQF","",""
"Function","EQG","",""
"Function","EQH","",""
"Function","EQJ","",""
"Function","EQK","",""
"Function","EQL","",""
"Function","EQM","",""
"Function","EQN","",""
"Function","EQP","",""
"Function","EQQ","",""
"Function","EQR","",""
"Function","EQS","",""
"Function","EQT","",""
"Function","EQU","",""
"Function","EQV","",""
"Function","EQX","",""
"Function","EQY","",""
"Function","ER","",""
"Function","ERA","",""
"Function","ERB","",""
"Function","ERC","",""
"Function","ERV","",""
"Function","ERX","",""
"Function","ERY","",""
"Function","ES","",""
"Function","ESA","",""
"Function","ESB","",""
"Function","ESC","",""
"Function","ESE","",""
"Function","ESN","",""
"Function","ESS","",""
"Function","EST","",""
"Function","ESV","",""
"Function","ESX","",""
"Function","ESY","",""
"Function","ET","",""
"Function","ETA","",""
"Function","ETB","",""
"Function","ETC","",""
"Function","ETD","",""
"Function","ETE","",""
"Function","ETG","",""
"Function","ETH","",""
"Function","ETK","",""
"Function","ETL","",""
"Function","ETM","",""
"Function","ETN","",""
"Function","ETP","",""
"Function","ETV","",""
"Function","ETX","",""
"Function","ETY","",""
"Function","EU","",""
"Function","EUA","",""
"Function","EUB","",""
"Function","EUC","",""
"Function","EUD","",""
"Function","EUE","",""
"Function","EUF","",""
"Function","EUG","",""
"Function","EUH","",""
"Function","EUJ","",""
"Function","EUK","",""
"Function","EUL","",""
"Function","EUM","",""
"Function","EUN","",""
"Function","EUP","",""
"Function","EUQ","",""
"Function","EUV","",""
"Function","EUX","",""
"Function","EUY","",""
"Function","EV","",""
"Function","EVA","",""
"Function","EVB","",""
"Function","EVC","",""
"Function","EVD","",""
"Function","EVE","",""
"Function","EVF","",""
"Function","EVG","",""
"Function","EVH","",""
"Function","EVJ","",""
"Function","EVK","",""
"Function","EVL","",""
"Function","EVM","",""
"Function","EVN","",""
"Function","EVP","",""
"Function","EVQ","",""
"Function","EVR","",""
"Function","EVS","",""
"Function","EVT","",""
"Function","EVU","",""
"Function","EW","",""
"Function","EWA","",""
"Function","EWB","",""
"Function","EWC","",""
"Function","EWD","",""
"Function","EWE","",""
"Function","EWF","",""
"Function","EWG","",""
"Function","EWH","",""
"Function","EWJ","",""
"Function","EWK","",""
"Function","EWL","",""
"Function","EWM","",""
"Function","EWN","",""
"Function","EWP","",""
"Function","EWQ","",""
"Function","EWR","",""
"Function","EWS","",""
"Function","EWT","",""
"Function","EWU","",""
"Function","EX","",""
"Function","EXA","",""
"Function","EXB","",""
"Function","EXC","",""
"Function","EXD","",""
"Function","EXE","",""
"Function","EXF","",""
"Function","EXG","",""
"Function","EXH","",""
"Function","EXJ","",""
"Function","EXK","",""
"Function","EXL","",""
"Function","EXM","",""
"Function","EXN","",""
"Function","EXP","",""
"Function","EXQ","",""
"Function","EXR","",""
"Function","EXS","",""
"Function","EXT","",""
"Function","EXU","",""
"Function","EY","",""
"Function","EYA","",""
"Function","EYB","",""
"Function","EYC","",""
"Function","EYD","",""
"Function","EYE","",""
"Function","EYF","",""
"Function","EYG","",""
"Function","EYH","",""
"Function","EYJ","",""
"Function","EYK","",""
"Function","EYL","",""
"Function","EYM","",""
"Function","EYN","",""
"Function","EYP","",""
"Function","EYQ","",""
"Function","EYR","",""
"Function","EYS","",""
"Function","EYT","",""
"Function","EYU","",""
"Function","EAA","",""
"Function","F","",""
"Function","FA","",""
"Function","FAB","",""
"Function","FAC","",""
"Function","FAD","",""
"Function","FAE","",""
"Function","FAF","",""
"Function","FAH","",""
"Function","FAK","",""
"Function","FAL","",""
"Function","FAM","",""
"Function","FAN","",""
"Function","FAR","",""
"Function","FAT","",""
"Function","FAV","",""
"Function","FAW","",""
"Function","FAX","",""
"Function","FAY","",""
"Function","FB","",""
"Function","FBA","",""
"Function","FBB","",""
"Function","FBC","",""
"Function","FBD","",""
"Function","FBT","",""
"Function","FBV","",""
"Function","FBW","",""
"Function","FBX","",""
"Function","FBY","",""
"Function","FC","",""
"Function","FCA","",""
"Function","FCB","",""
"Function","FCC","",""
"Function","FCD","",""
"Function","FCF","",""
"Function","FCJ","",""
"Function","FCL","",""
"Function","FCT","",""
"Function","FCV","",""
"Function","FCW","",""
"Function","FCX","",""
"Function","FCY","",""
"Function","FJ","",""
"Function","FJA","",""
"Function","FJB","",""
"Function","FJC","",""
"Function","FJE","",""
"Function","FJF","",""
"Function","FJM","",""
"Function","FJN","",""
"Function","FJQ","",""
"Function","FK","",""
"Function","FKA","",""
"Function","FKB","",""
"Function","FKC","",""
"Function","FKD","",""
"Function","FKE","",""
"Function","FKF","",""
"Function","FKG","",""
"Function","FKH","",""
"Function","FKJ","",""
"Function","FKK","",""
"Function","FKN","",""
"Function","FKT","",""
"Function","FKV","",""
"Function","FKW","",""
"Function","FKX","",""
"Function","FKY","",""
"Function","FV","",""
"Function","FVA","",""
"Function","FVB","",""
"Function","FVC","",""
"Function","FVD","",""
"Function","FVE","",""
"Function","FVF","",""
"Function","FVG","",""
"Function","FVH","",""
"Function","FVJ","",""
"Function","FVK","",""
"Function","FVL","",""
"Function","FVM","",""
"Function","FVN","",""
"Function","FVP","",""
"Function","FVQ","",""
"Function","FVR","",""
"Function","FVS","",""
"Function","FVT","",""
"Function","FVU","",""
"Function","FW","",""
"Function","FWA","",""
"Function","FWB","",""
"Function","FWC","",""
"Function","FWD","",""
"Function","FWE","",""
"Function","FWF","",""
"Function","FWG","",""
"Function","FWH","",""
"Function","FWJ","",""
"Function","FWK","",""
"Function","FWL","",""
"Function","FWM","",""
"Function","FWN","",""
"Function","FWP","",""
"Function","FWQ","",""
"Function","FWR","",""
"Function","FWS","",""
"Function","FWT","",""
"Function","FWU","",""
"Function","FX","",""
"Function","FXA","",""
"Function","FXB","",""
"Function","FXC","",""
"Function","FXD","",""
"Function","FXE","",""
"Function","FXF","",""
"Function","FXG","",""
"Function","FXH","",""
"Function","FXJ","",""
"Function","FXK","",""
"Function","FXL","",""
"Function","FXM","",""
"Function","FXN","",""
"Function","FXP","",""
"Function","FXQ","",""
"Function","FXR","",""
"Function","FXS","",""
"Function","FXT","",""
"Function","FXU","",""
"Function","FY","",""
"Function","FYA","",""
"Function","FYB","",""
"Function","FYC","",""
"Function","FYD","",""
"Function","FYE","",""
"Function","FYF","",""
"Function","FYG","",""
"Function","FYH","",""
"Function","FYJ","",""
"Function","FYK","",""
"Function","FYL","",""
"Function","FYM","",""
"Function","FYN","",""
"Function","FYP","",""
"Function","FYQ","",""
"Function","FYR","",""
"Function","FYS","",""
"Function","FYT","",""
"Function","FYU","",""
"Function","FAA","",""
"Function","G","",""
"Function","GA","",""
"Function","GAC","",""
"Function","GAD","",""
"Function","GAF","",""
"Function","GAV","",""
"Function","GAX","",""
"Function","GAY","",""
"Function","GB","",""
"Function","GBB","",""
"Function","GBC","",""
"Function","GBD","",""
"Function","GBE","",""
"Function","GBF","",""
"Function","GBG","",""
"Function","GBH","",""
"Function","GBJ","",""
"Function","GBK","",""
"Function","GBL","",""
"Function","GBN","",""
"Function","GBP","",""
"Function","GBQ","",""
"Function","GBR","",""
"Function","GBS","",""
"Function","GBT","",""
"Function","GBV","",""
"Function","GBX","",""
"Function","GBY","",""
"Function","GC","",""
"Function","GCB","",""
"Function","GCC","",""
"Function","GCD","",""
"Function","GCE","",""
"Function","GCF","",""
"Function","GCG","",""
"Function","GCH","",""
"Function","GCJ","",""
"Function","GCK","",""
"Function","GCL","",""
"Function","GCN","",""
"Function","GCP","",""
"Function","GCQ","",""
"Function","GCR","",""
"Function","GCS","",""
"Function","GCT","",""
"Function","GCV","",""
"Function","GCX","",""
"Function","GCY","",""
"Function","GD","",""
"Function","GDB","",""
"Function","GDC","",""
"Function","GDD","",""
"Function","GDE","",""
"Function","GDF","",""
"Function","GDG","",""
"Function","GDH","",""
"Function","GDJ","",""
"Function","GDK","",""
"Function","GDL","",""
"Function","GDN","",""
"Function","GDP","",""
"Function","GDQ","",""
"Function","GDR","",""
"Function","GDS","",""
"Function","GDT","",""
"Function","GDV","",""
"Function","GDX","",""
"Function","GDY","",""
"Function","GH","",""
"Function","GHA","",""
"Function","GHB","",""
"Function","GHC","",""
"Function","GHD","",""
"Function","GHE","",""
"Function","GHF","",""
"Function","GHG","",""
"Function","GHH","",""
"Function","GHJ","",""
"Function","GHK","",""
"Function","GHL","",""
"Function","GHM","",""
"Function","GHN","",""
"Function","GHP","",""
"Function","GHQ","",""
"Function","GHR","",""
"Function","GHS","",""
"Function","GHT","",""
"Function","GHU","",""
"Function","GHW","",""
"Function","GHX","",""
"Function","GHY","",""
"Function","GK","",""
"Function","GKA","",""
"Function","GKB","",""
"Function","GKC","",""
"Function","GKD","",""
"Function","GKE","",""
"Function","GKF","",""
"Function","GKG","",""
"Function","GKH","",""
"Function","GKJ","",""
"Function","GKK","",""
"Function","GKL","",""
"Function","GKM","",""
"Function","GKN","",""
"Function","GKP","",""
"Function","GKQ","",""
"Function","GKR","",""
"Function","GKS","",""
"Function","GKT","",""
"Function","GKU","",""
"Function","GKX","",""
"Function","GKY","",""
"Function","GM","",""
"Function","GMA","",""
"Function","GMB","",""
"Function","GMC","",""
"Function","GMD","",""
"Function","GME","",""
"Function","GMF","",""
"Function","GMG","",""
"Function","GMH","",""
"Function","GMJ","",""
"Function","GMK","",""
"Function","GML","",""
"Function","GMM","",""
"Function","GMN","",""
"Function","GMP","",""
"Function","GMQ","",""
"Function","GMR","",""
"Function","GMS","",""
"Function","GMT","",""
"Function","GMU","",""
"Function","GMX","",""
"Function","GMY","",""
"Function","GN","",""
"Function","GNB","",""
"Function","GNC","",""
"Function","GND","",""
"Function","GNE","",""
"Function","GNF","",""
"Function","GNG","",""
"Function","GNH","",""
"Function","GNJ","",""
"Function","GNK","",""
"Function","GNL","",""
"Function","GNN","",""
"Function","GNP","",""
"Function","GNQ","",""
"Function","GNR","",""
"Function","GNS","",""
"Function","GNT","",""
"Function","GNV","",""
"Function","GNX","",""
"Function","GNY","",""
"Function","GQ","",""
"Function","GQA","",""
"Function","GQB","",""
"Function","GQC","",""
"Function","GQD","",""
"Function","GQE","",""
"Function","GQF","",""
"Function","GQG","",""
"Function","GQH","",""
"Function","GQJ","",""
"Function","GQK","",""
"Function","GQL","",""
"Function","GQM","",""
"Function","GQN","",""
"Function","GQP","",""
"Function","GQQ","",""
"Function","GQR","",""
"Function","GQS","",""
"Function","GQT","",""
"Function","GQU","",""
"Function","GQX","",""
"Function","GQY","",""
"Function","GR","",""
"Function","GRB","",""
"Function","GRC","",""
"Function","GRD","",""
"Function","GRE","",""
"Function","GRF","",""
"Function","GRG","",""
"Function","GRH","",""
"Function","GRJ","",""
"Function","GRK","",""
"Function","GRL","",""
"Function","GRN","",""
"Function","GRP","",""
"Function","GRQ","",""
"Function","GRR","",""
"Function","GRS","",""
"Function","GRT","",""
"Function","GRV","",""
"Function","GRX","",""
"Function","GRY","",""
"Function","GT","",""
"Function","GTA","",""
"Function","GTB","",""
"Function","GTC","",""
"Function","GTD","",""
"Function","GTE","",""
"Function","GTF","",""
"Function","GTG","",""
"Function","GTH","",""
"Function","GTJ","",""
"Function","GTK","",""
"Function","GTL","",""
"Function","GTM","",""
"Function","GTN","",""
"Function","GTP","",""
"Function","GTQ","",""
"Function","GTR","",""
"Function","GTS","",""
"Function","GTT","",""
"Function","GTU","",""
"Function","GTX","",""
"Function","GTY","",""
"Function","GU","",""
"Function","GUA","",""
"Function","GUB","",""
"Function","GUC","",""
"Function","GUD","",""
"Function","GUE","",""
"Function","GUF","",""
"Function","GUG","",""
"Function","GUH","",""
"Function","GUJ","",""
"Function","GUK","",""
"Function","GUL","",""
"Function","GUM","",""
"Function","GUN","",""
"Function","GUP","",""
"Function","GUQ","",""
"Function","GUR","",""
"Function","GUS","",""
"Function","GUT","",""
"Function","GUU","",""
"Function","GUX","",""
"Function","GUY","",""
"Function","GV","",""
"Function","GVA","",""
"Function","GVB","",""
"Function","GVC","",""
"Function","GVD","",""
"Function","GVE","",""
"Function","GVF","",""
"Function","GVG","",""
"Function","GVH","",""
"Function","GVJ","",""
"Function","GVK","",""
"Function","GVL","",""
"Function","GVM","",""
"Function","GVN","",""
"Function","GVP","",""
"Function","GVQ","",""
"Function","GVR","",""
"Function","GVS","",""
"Function","GVT","",""
"Function","GVU","",""
"Function","GW","",""
"Function","GWA","",""
"Function","GWB","",""
"Function","GWC","",""
"Function","GWD","",""
"Function","GWE","",""
"Function","GWF","",""
"Function","GWG","",""
"Function","GWH","",""
"Function","GWJ","",""
"Function","GWK","",""
"Function","GWL","",""
"Function","GWM","",""
"Function","GWN","",""
"Function","GWP","",""
"Function","GWQ","",""
"Function","GWR","",""
"Function","GWS","",""
"Function","GWT","",""
"Function","GWU","",""
"Function","GX","",""
"Function","GXA","",""
"Function","GXB","",""
"Function","GXC","",""
"Function","GXD","",""
"Function","GXE","",""
"Function","GXF","",""
"Function","GXG","",""
"Function","GXH","",""
"Function","GXJ","",""
"Function","GXK","",""
"Function","GXL","",""
"Function","GXM","",""
"Function","GXN","",""
"Function","GXP","",""
"Function","GXQ","",""
"Function","GXR","",""
"Function","GXS","",""
"Function","GXT","",""
"Function","GXU","",""
"Function","GY","",""
"Function","GYA","",""
"Function","GYB","",""
"Function","GYC","",""
"Function","GYD","",""
"Function","GYE","",""
"Function","GYF","",""
"Function","GYG","",""
"Function","GYH","",""
"Function","GYJ","",""
"Function","GYK","",""
"Function","GYL","",""
"Function","GYM","",""
"Function","GYN","",""
"Function","GYP","",""
"Function","GYQ","",""
"Function","GYR","",""
"Function","GYS","",""
"Function","GYT","",""
"Function","GYU","",""
"Function","GAA","",""
"Function","H","",""
"Function","HA","",""
"Function","HAB","",""
"Function","HAC","",""
"Function","HAD","",""
"Function","HAG","",""
"Function","HAH","",""
"Function","HAJ","",""
"Function","HAK","",""
"Function","HAM","",""
"Function","HAN","",""
"Function","HAV","",""
"Function","HAW","",""
"Function","HAX","",""
"Function","HAY","",""
"Function","HB","",""
"Function","HBA","",""
"Function","HBB","",""
"Function","HBC","",""
"Function","HBD","",""
"Function","HBE","",""
"Function","HBK","",""
"Function","HC","",""
"Function","HCA","",""
"Function","HCB","",""
"Function","HCC","",""
"Function","HCD","",""
"Function","HCE","",""
"Function","HCF","",""
"Function","HCG","",""
"Function","HCV","",""
"Function","HCW","",""
"Function","HCX","",""
"Function","HCY","",""
"Function","HD","",""
"Function","HDA","",""
"Function","HDB","",""
"Function","HDC","",""
"Function","HDD","",""
"Function","HDE","",""
"Function","HDF","",""
"Function","HDT","",""
"Function","HDU","",""
"Function","HDV","",""
"Function","HDW","",""
"Function","HDX","",""
"Function","HDY","",""
"Function","HE","",""
"Function","HEA","",""
"Function","HEB","",""
"Function","HEC","",""
"Function","HED","",""
"Function","HEE","",""
"Function","HEF","",""
"Function","HEG","",""
"Function","HEJ","",""
"Function","HEK","",""
"Function","HEL","",""
"Function","HEM","",""
"Function","HEV","",""
"Function","HEW","",""
"Function","HEX","",""
"Function","HEY","",""
"Function","HF","",""
"Function","HFA","",""
"Function","HFB","",""
"Function","HFC","",""
"Function","HFD","",""
"Function","HFE","",""
"Function","HFF","",""
"Function","HFG","",""
"Function","HFV","",""
"Function","HFW","",""
"Function","HFX","",""
"Function","HFY","",""
"Function","HG","",""
"Function","HGA","",""
"Function","HGB","",""
"Function","HGC","",""
"Function","HGD","",""
"Function","HGE","",""
"Function","HGF","",""
"Function","HGU","",""
"Function","HGV","",""
"Function","HGW","",""
"Function","HGX","",""
"Function","HGY","",""
"Function","HH","",""
"Function","HHA","",""
"Function","HHB","",""
"Function","HHC","",""
"Function","HHD","",""
"Function","HHE","",""
"Function","HHF","",""
"Function","HHG","",""
"Function","HHH","",""
"Function","HHJ","",""
"Function","HHK","",""
"Function","HHL","",""
"Function","HHM","",""
"Function","HHN","",""
"Function","HHP","",""
"Function","HHQ","",""
"Function","HHR","",""
"Function","HHS","",""
"Function","HHT","",""
"Function","HHU","",""
"Function","HHV","",""
"Function","HHW","",""
"Function","HHX","",""
"Function","HHY","",""
"Function","HHZ","",""
"Function","HJ","",""
"Function","HJA","",""
"Function","HJE","",""
"Function","HJF","",""
"Function","HJG","",""
"Function","HJL","",""
"Function","HJM","",""
"Function","HJN","",""
"Function","HJP","",""
"Function","HJQ","",""
"Function","HJR","",""
"Function","HJS","",""
"Function","HJT","",""
"Function","HJU","",""
"Function","HJV","",""
"Function","HJW","",""
"Function","HJX","",""
"Function","HJY","",""
"Function","HK","",""
"Function","HKA","",""
"Function","HKB","",""
"Function","HKC","",""
"Function","HKD","",""
"Function","HKE","",""
"Function","HKF","",""
"Function","HKG","",""
"Function","HKH","",""
"Function","HKJ","",""
"Function","HKK","",""
"Function","HKV","",""
"Function","HKW","",""
"Function","HKX","",""
"Function","HKY","",""
"Function","HL","",""
"Function","HLA","",""
"Function","HLB","",""
"Function","HLC","",""
"Function","HLD","",""
"Function","HLE","",""
"Function","HLF","",""
"Function","HLG","",""
"Function","HLH","",""
"Function","HLU","",""
"Function","HLV","",""
"Function","HLW","",""
"Function","HLX","",""
"Function","HLY","",""
"Function","HM","",""
"Function","HMA","",""
"Function","HMB","",""
"Function","HMC","",""
"Function","HMD","",""
"Function","HMV","",""
"Function","HMW","",""
"Function","HMX","",""
"Function","HMY","",""
"Function","HN","",""
"Function","HNA","",""
"Function","HNC","",""
"Function","HNE","",""
"Function","HNF","",""
"Function","HNG","",""
"Function","HNU","",""
"Function","HNV","",""
"Function","HNW","",""
"Function","HNX","",""
"Function","HNY","",""
"Function","HP","",""
"Function","HPA","",""
"Function","HPB","",""
"Function","HPC","",""
"Function","HPD","",""
"Function","HPE","",""
"Function","HPQ","",""
"Function","HPR","",""
"Function","HPS","",""
"Function","HPT","",""
"Function","HPU","",""
"Function","HPV","",""
"Function","HPW","",""
"Function","HPX","",""
"Function","HPY","",""
"Function","HQ","",""
"Function","HQA","",""
"Function","HQB","",""
"Function","HQC","",""
"Function","HQD","",""
"Function","HQQ","",""
"Function","HQR","",""
"Function","HQS","",""
"Function","HQT","",""
"Function","HQU","",""
"Function","HQV","",""
"Function","HQW","",""
"Function","HQX","",""
"Function","HQY","",""
"Function","HR","",""
"Function","HRA","",""
"Function","HRB","",""
"Function","HRC","",""
"Function","HRD","",""
"Function","HRE","",""
"Function","HRH","",""
"Function","HRJ","",""
"Function","HRK","",""
"Function","HRL","",""
"Function","HRM","",""
"Function","HRN","",""
"Function","HRP","",""
"Function","HRQ","",""
"Function","HRR","",""
"Function","HRV","",""
"Function","HRW","",""
"Function","HRX","",""
"Function","HRY","",""
"Function","HS","",""
"Function","HSA","",""
"Function","HSB","",""
"Function","HSC","",""
"Function","HSD","",""
"Function","HSE","",""
"Function","HSF","",""
"Function","HSG","",""
"Function","HSH","",""
"Function","HSJ","",""
"Function","HSK","",""
"Function","HSL","",""
"Function","HSM","",""
"Function","HSN","",""
"Function","HSP","",""
"Function","HSQ","",""
"Function","HSR","",""
"Function","HSS","",""
"Function","HST","",""
"Function","HSU","",""
"Function","HSV","",""
"Function","HSW","",""
"Function","HSX","",""
"Function","HSY","",""
"Function","HT","",""
"Function","HTA","",""
"Function","HTB","",""
"Function","HTC","",""
"Function","HTD","",""
"Function","HTE","",""
"Function","HTF","",""
"Function","HTG","",""
"Function","HTH","",""
"Function","HTJ","",""
"Function","HTK","",""
"Function","HTL","",""
"Function","HTM","",""
"Function","HTN","",""
"Function","HTP","",""
"Function","HTQ","",""
"Function","HTS","",""
"Function","HTT","",""
"Function","HTV","",""
"Function","HTW","",""
"Function","HTX","",""
"Function","HTY","",""
"Function","HU","",""
"Function","HUA","",""
"Function","HUB","",""
"Function","HUC","",""
"Function","HUD","",""
"Function","HUE","",""
"Function","HUF","",""
"Function","HUG","",""
"Function","HUH","",""
"Function","HUJ","",""
"Function","HUK","",""
"Function","HUL","",""
"Function","HUM","",""
"Function","HUN","",""
"Function","HUP","",""
"Function","HUQ","",""
"Function","HUR","",""
"Function","HUS","",""
"Function","HUT","",""
"Function","HUU","",""
"Function","HUV","",""
"Function","HUW","",""
"Function","HUX","",""
"Function","HUY","",""
"Function","HV","",""
"Function","HVA","",""
"Function","HVB","",""
"Function","HVC","",""
"Function","HVD","",""
"Function","HVE","",""
"Function","HVF","",""
"Function","HVG","",""
"Function","HVH","",""
"Function","HVJ","",""
"Function","HVK","",""
"Function","HVL","",""
"Function","HVM","",""
"Function","HVN","",""
"Function","HVP","",""
"Function","HVQ","",""
"Function","HVR","",""
"Function","HVS","",""
"Function","HVT","",""
"Function","HVU","",""
"Function","HW","",""
"Function","HWA","",""
"Function","HWB","",""
"Function","HWC","",""
"Function","HWD","",""
"Function","HWE","",""
"Function","HWF","",""
"Function","HWG","",""
"Function","HWH","",""
"Function","HWJ","",""
"Function","HWK","",""
"Function","HWL","",""
"Function","HWM","",""
"Function","HWN","",""
"Function","HWP","",""
"Function","HWQ","",""
"Function","HWR","",""
"Function","HWS","",""
"Function","HWT","",""
"Function","HWU","",""
"Function","HX","",""
"Function","HXA","",""
"Function","HXB","",""
"Function","HXC","",""
"Function","HXD","",""
"Function","HXE","",""
"Function","HXF","",""
"Function","HXG","",""
"Function","HXH","",""
"Function","HXJ","",""
"Function","HXK","",""
"Function","HXL","",""
"Function","HXM","",""
"Function","HXN","",""
"Function","HXP","",""
"Function","HXQ","",""
"Function","HXR","",""
"Function","HXS","",""
"Function","HXT","",""
"Function","HXU","",""
"Function","HY","",""
"Function","HYA","",""
"Function","HYB","",""
"Function","HYC","",""
"Function","HYD","",""
"Function","HYE","",""
"Function","HYF","",""
"Function","HYG","",""
"Function","HYH","",""
"Function","HYJ","",""
"Function","HYK","",""
"Function","HYL","",""
"Function","HYM","",""
"Function","HYN","",""
"Function","HYP","",""
"Function","HYQ","",""
"Function","HYR","",""
"Function","HYS","",""
"Function","HYT","",""
"Function","HYU","",""
"Function","HAA","",""
"Function","J","",""
"Function","JA","",""
"Function","JAB","",""
"Function","JAC","",""
"Function","JAD","",""
"Function","JAE","",""
"Function","JAF","",""
"Function","JAG","",""
"Function","JAH","",""
"Function","JAJ","",""
"Function","JAT","",""
"Function","JAV","",""
"Function","JAW","",""
"Function","JAX","",""
"Function","JAY","",""
"Function","JB","",""
"Function","JBA","",""
"Function","JBB","",""
"Function","JBC","",""
"Function","JBD","",""
"Function","JBE","",""
"Function","JBF","",""
"Function","JBG","",""
"Function","JBH","",""
"Function","JBJ","",""
"Function","JBK","",""
"Function","JBL","",""
"Function","JBM","",""
"Function","JBN","",""
"Function","JBP","",""
"Function","JBQ","",""
"Function","JBR","",""
"Function","JBS","",""
"Function","JBT","",""
"Function","JBU","",""
"Function","JD","",""
"Function","JDA","",""
"Function","JDC","",""
"Function","JDE","",""
"Function","JDH","",""
"Function","JDJ","",""
"Function","JDK","",""
"Function","JDM","",""
"Function","JDP","",""
"Function","JDT","",""
"Function","JDV","",""
"Function","JDW","",""
"Function","JDX","",""
"Function","JDY","",""
"Function","JE","",""
"Function","JEA","",""
"Function","JEB","",""
"Function","JEC","",""
"Function","JEF","",""
"Function","JEG","",""
"Function","JET","",""
"Function","JEV","",""
"Function","JEW","",""
"Function","JEX","",""
"Function","JEY","",""
"Function","JF","",""
"Function","JFA","",""
"Function","JFB","",""
"Function","JFC","",""
"Function","JFD","",""
"Function","JFF","",""
"Function","JFG","",""
"Function","JFT","",""
"Function","JFV","",""
"Function","JFW","",""
"Function","JFX","",""
"Function","JFY","",""
"Function","JG","",""
"Function","JGA","",""
"Function","JGB","",""
"Function","JGC","",""
"Function","JGF","",""
"Function","JGG","",""
"Function","JGT","",""
"Function","JGV","",""
"Function","JGW","",""
"Function","JGX","",""
"Function","JGY","",""
"Function","JK","",""
"Function","JKA","",""
"Function","JKB","",""
"Function","JKC","",""
"Function","JKD","",""
"Function","JKE","",""
"Function","JKF","",""
"Function","JKG","",""
"Function","JKH","",""
"Function","JKJ","",""
"Function","JKK","",""
"Function","JKL","",""
"Function","JKM","",""
"Function","JKN","",""
"Function","JKP","",""
"Function","JKQ","",""
"Function","JKS","",""
"Function","JKT","",""
"Function","JKU","",""
"Function","JM","",""
"Function","JMA","",""
"Function","JMC","",""
"Function","JME","",""
"Function","JMF","",""
"Function","JMG","",""
"Function","JMH","",""
"Function","JMJ","",""
"Function","JMK","",""
"Function","JML","",""
"Function","JMM","",""
"Function","JMN","",""
"Function","JMP","",""
"Function","JMT","",""
"Function","JMU","",""
"Function","JMV","",""
"Function","JMW","",""
"Function","JMX","",""
"Function","JMY","",""
"Function","JMZ","",""
"Function","JN","",""
"Function","JNA","",""
"Function","JNB","",""
"Function","JND","",""
"Function","JNG","",""
"Function","JNK","",""
"Function","JNP","",""
"Function","JNV","",""
"Function","JNW","",""
"Function","JNX","",""
"Function","JNY","",""
"Function","JR","",""
"Function","JRA","",""
"Function","JRB","",""
"Function","JRC","",""
"Function","JRD","",""
"Function","JRE","",""
"Function","JRF","",""
"Function","JRG","",""
"Function","JRH","",""
"Function","JRJ","",""
"Function","JRK","",""
"Function","JRL","",""
"Function","JRM","",""
"Function","JRN","",""
"Function","JRP","",""
"Function","JRQ","",""
"Function","JRR","",""
"Function","JRS","",""
"Function","JRT","",""
"Function","JRU","",""
"Function","JS","",""
"Function","JSA","",""
"Function","JSB","",""
"Function","JSC","",""
"Function","JSD","",""
"Function","JSE","",""
"Function","JSF","",""
"Function","JSG","",""
"Function","JSH","",""
"Function","JSJ","",""
"Function","JSK","",""
"Function","JSL","",""
"Function","JSM","",""
"Function","JSN","",""
"Function","JSP","",""
"Function","JSQ","",""
"Function","JSR","",""
"Function","JSS","",""
"Function","JST","",""
"Function","JSU","",""
"Function","JT","",""
"Function","JTA","",""
"Function","JTB","",""
"Function","JTC","",""
"Function","JTD","",""
"Function","JTE","",""
"Function","JTF","",""
"Function","JTG","",""
"Function","JTH","",""
"Function","JTJ","",""
"Function","JTK","",""
"Function","JTL","",""
"Function","JTM","",""
"Function","JTN","",""
"Function","JTP","",""
"Function","JTQ","",""
"Function","JTR","",""
"Function","JTS","",""
"Function","JTT","",""
"Function","JTU","",""
"Function","JV","",""
"Function","JVA","",""
"Function","JVB","",""
"Function","JVC","",""
"Function","JVD","",""
"Function","JVE","",""
"Function","JVF","",""
"Function","JVG","",""
"Function","JVH","",""
"Function","JVJ","",""
"Function","JVK","",""
"Function","JVL","",""
"Function","JVM","",""
"Function","JVN","",""
"Function","JVP","",""
"Function","JVQ","",""
"Function","JVR","",""
"Function","JVS","",""
"Function","JVT","",""
"Function","JVU","",""
"Function","JW","",""
"Function","JWA","",""
"Function","JWB","",""
"Function","JWC","",""
"Function","JWD","",""
"Function","JWE","",""
"Function","JWF","",""
"Function","JWG","",""
"Function","JWH","",""
"Function","JWJ","",""
"Function","JWK","",""
"Function","JWL","",""
"Function","JWM","",""
"Function","JWN","",""
"Function","JWP","",""
"Function","JWQ","",""
"Function","JWR","",""
"Function","JWS","",""
"Function","JWT","",""
"Function","JWU","",""
"Function","JX","",""
"Function","JXA","",""
"Function","JXB","",""
"Function","JXC","",""
"Function","JXD","",""
"Function","JXE","",""
"Function","JXF","",""
"Function","JXG","",""
"Function","JXH","",""
"Function","JXJ","",""
"Function","JXK","",""
"Function","JXL","",""
"Function","JXM","",""
"Function","JXN","",""
"Function","JXP","",""
"Function","JXQ","",""
"Function","JXR","",""
"Function","JXS","",""
"Function","JXT","",""
"Function","JXU","",""
"Function","JY","",""
"Function","JYF","",""
"Function","JYG","",""
"Function","JYL","",""
"Function","JAA","",""
"Function","K","",""
"Function","KA","",""
"Function","KAB","",""
"Function","KAC","",""
"Function","KAD","",""
"Function","KAV","",""
"Function","KAW","",""
"Function","KAX","",""
"Function","KAY","",""
"Function","KB","",""
"Function","KBA","",""
"Function","KBB","",""
"Function","KBC","",""
"Function","KBD","",""
"Function","KBE","",""
"Function","KBF","",""
"Function","KBG","",""
"Function","KBH","",""
"Function","KBJ","",""
"Function","KBK","",""
"Function","KBL","",""
"Function","KBM","",""
"Function","KBV","",""
"Function","KBW","",""
"Function","KBX","",""
"Function","KBY","",""
"Function","KH","",""
"Function","KHA","",""
"Function","KHB","",""
"Function","KHC","",""
"Function","KHW","",""
"Function","KHX","",""
"Function","KHY","",""
"Function","KJ","",""
"Function","KJA","",""
"Function","KJB","",""
"Function","KJL","",""
"Function","KJM","",""
"Function","KJN","",""
"Function","KJP","",""
"Function","KJQ","",""
"Function","KJW","",""
"Function","KJX","",""
"Function","KJY","",""
"Function","KL","",""
"Function","KLA","",""
"Function","KLB","",""
"Function","KLC","",""
"Function","KLD","",""
"Function","KLE","",""
"Function","KLF","",""
"Function","KLG","",""
"Function","KLH","",""
"Function","KLJ","",""
"Function","KLK","",""
"Function","KLL","",""
"Function","KLM","",""
"Function","KLN","",""
"Function","KLP","",""
"Function","KLQ","",""
"Function","KLR","",""
"Function","KLS","",""
"Function","KLT","",""
"Function","KLU","",""
"Function","KLV","",""
"Function","KLW","",""
"Function","KLX","",""
"Function","KLY","",""
"Function","KP","",""
"Function","KPA","",""
"Function","KPB","",""
"Function","KPC","",""
"Function","KPD","",""
"Function","KPE","",""
"Function","KPF","",""
"Function","KPG","",""
"Function","KPH","",""
"Function","KPJ","",""
"Function","KPK","",""
"Function","KPL","",""
"Function","KPM","",""
"Function","KPN","",""
"Function","KPP","",""
"Function","KPQ","",""
"Function","KPV","",""
"Function","KPW","",""
"Function","KPX","",""
"Function","KPY","",""
"Function","KR","",""
"Function","KRA","",""
"Function","KRB","",""
"Function","KRC","",""
"Function","KRJ","",""
"Function","KRK","",""
"Function","KRL","",""
"Function","KRP","",""
"Function","KRQ","",""
"Function","KRR","",""
"Function","KRV","",""
"Function","KRW","",""
"Function","KRX","",""
"Function","KRY","",""
"Function","KT","",""
"Function","KTA","",""
"Function","KTB","",""
"Function","KTC","",""
"Function","KTD","",""
"Function","KTE","",""
"Function","KTF","",""
"Function","KTG","",""
"Function","KTH","",""
"Function","KTJ","",""
"Function","KTK","",""
"Function","KTL","",""
"Function","KTM","",""
"Function","KTN","",""
"Function","KTP","",""
"Function","KTQ","",""
"Function","KTR","",""
"Function","KTS","",""
"Function","KTT","",""
"Function","KTU","",""
"Function","KTX","",""
"Function","KTY","",""
"Function","KU","",""
"Function","KUA","",""
"Function","KUB","",""
"Function","KUC","",""
"Function","KUD","",""
"Function","KUE","",""
"Function","KUF","",""
"Function","KUG","",""
"Function","KUH","",""
"Function","KUJ","",""
"Function","KUK","",""
"Function","KUL","",""
"Function","KUM","",""
"Function","KUN","",""
"Function","KUX","",""
"Function","KUY","",""
"Function","KV","",""
"Function","KVA","",""
"Function","KVB","",""
"Function","KVC","",""
"Function","KVD","",""
"Function","KVE","",""
"Function","KVF","",""
"Function","KVG","",""
"Function","KVH","",""
"Function","KVJ","",""
"Function","KVK","",""
"Function","KVL","",""
"Function","KVM","",""
"Function","KVN","",""
"Function","KVP","",""
"Function","KVQ","",""
"Function","KVR","",""
"Function","KVS","",""
"Function","KVT","",""
"Function","KVU","",""
"Function","KW","",""
"Function","KWA","",""
"Function","KWB","",""
"Function","KWC","",""
"Function","KWD","",""
"Function","KWE","",""
"Function","KWF","",""
"Function","KWG","",""
"Function","KWH","",""
"Function","KWJ","",""
"Function","KWK","",""
"Function","KWL","",""
"Function","KWM","",""
"Function","KWN","",""
"Function","KWP","",""
"Function","KWQ","",""
"Function","KWR","",""
"Function","KWS","",""
"Function","KWT","",""
"Function","KWU","",""
"Function","KWX","",""
"Function","KWY","",""
"Function","KX","",""
"Function","KXA","",""
"Function","KXB","",""
"Function","KXC","",""
"Function","KXD","",""
"Function","KXE","",""
"Function","KXF","",""
"Function","KXG","",""
"Function","KXH","",""
"Function","KXJ","",""
"Function","KXK","",""
"Function","KXL","",""
"Function","KXM","",""
"Function","KXN","",""
"Function","KXP","",""
"Function","KXQ","",""
"Function","KXR","",""
"Function","KXS","",""
"Function","KXT","",""
"Function","KXU","",""
"Function","KY","",""
"Function","KYA","",""
"Function","KYB","",""
"Function","KYC","",""
"Function","KYD","",""
"Function","KYE","",""
"Function","KYF","",""
"Function","KYG","",""
"Function","KYH","",""
"Function","KYJ","",""
"Function","KYK","",""
"Function","KYL","",""
"Function","KYM","",""
"Function","KYN","",""
"Function","KYP","",""
"Function","KYQ","",""
"Function","KYR","",""
"Function","KYS","",""
"Function","KYT","",""
"Function","KYU","",""
"Function","KAA","",""
"Function","L","",""
"Function","LA","",""
"Function","LAB","",""
"Function","LAC","",""
"Function","LAD","",""
"Function","LAE","",""
"Function","LAF","",""
"Function","LAH","",""
"Function","LAJ","",""
"Function","LAR","",""
"Function","LAS","",""
"Function","LAT","",""
"Function","LAV","",""
"Function","LAW","",""
"Function","LAX","",""
"Function","LAY","",""
"Function","LB","",""
"Function","LBA","",""
"Function","LBB","",""
"Function","LBC","",""
"Function","LBD","",""
"Function","LBE","",""
"Function","LBF","",""
"Function","LBG","",""
"Function","LBH","",""
"Function","LBJ","",""
"Function","LBK","",""
"Function","LBL","",""
"Function","LBQ","",""
"Function","LBR","",""
"Function","LBS","",""
"Function","LBT","",""
"Function","LBU","",""
"Function","LBV","",""
"Function","LBW","",""
"Function","LBX","",""
"Function","LBY","",""
"Function","LC","",""
"Function","LCA","",""
"Function","LCB","",""
"Function","LCC","",""
"Function","LCE","",""
"Function","LCF","",""
"Function","LCG","",""
"Function","LCH","",""
"Function","LCJ","",""
"Function","LCK","",""
"Function","LCL","",""
"Function","LCM","",""
"Function","LCN","",""
"Function","LCP","",""
"Function","LCQ","",""
"Function","LCR","",""
"Function","LCS","",""
"Function","LCT","",""
"Function","LCV","",""
"Function","LCW","",""
"Function","LCX","",""
"Function","LCY","",""
"Function","LD","",""
"Function","LDA","",""
"Function","LDB","",""
"Function","LDC","",""
"Function","LDD","",""
"Function","LDE","",""
"Function","LDF","",""
"Function","LDG","",""
"Function","LDH","",""
"Function","LDJ","",""
"Function","LDK","",""
"Function","LDL","",""
"Function","LDN","",""
"Function","LDP","",""
"Function","LDQ","",""
"Function","LDR","",""
"Function","LDS","",""
"Function","LDT","",""
"Function","LDV","",""
"Function","LDX","",""
"Function","LDY","",""
"Function","LE","",""
"Function","LEA","",""
"Function","LEB","",""
"Function","LEC","",""
"Function","LED","",""
"Function","LEQ","",""
"Function","LER","",""
"Function","LES","",""
"Function","LET","",""
"Function","LEU","",""
"Function","LEV","",""
"Function","LEW","",""
"Function","LEX","",""
"Function","LEY","",""
"Function","LF","",""
"Function","LFC","",""
"Function","LFG","",""
"Function","LFJ","",""
"Function","LFN","",""
"Function","LK","",""
"Function","LKA","",""
"Function","LKB","",""
"Function","LKC","",""
"Function","LKD","",""
"Function","LKE","",""
"Function","LKF","",""
"Function","LKG","",""
"Function","LKV","",""
"Function","LKW","",""
"Function","LKX","",""
"Function","LKY","",""
"Function","LL","",""
"Function","LLA","",""
"Function","LLB","",""
"Function","LLC","",""
"Function","LLD","",""
"Function","LLE","",""
"Function","LLF","",""
"Function","LLG","",""
"Function","LLH","",""
"Function","LLJ","",""
"Function","LLK","",""
"Function","LLL","",""
"Function","LLM","",""
"Function","LLN","",""
"Function","LLP","",""
"Function","LLQ","",""
"Function","LLR","",""
"Function","LLS","",""
"Function","LLT","",""
"Function","LLU","",""
"Function","LLW","",""
"Function","LLX","",""
"Function","LLY","",""
"Function","LN","",""
"Function","LNA","",""
"Function","LNB","",""
"Function","LNC","",""
"Function","LND","",""
"Function","LNE","",""
"Function","LNF","",""
"Function","LNG","",""
"Function","LNH","",""
"Function","LNV","",""
"Function","LNW","",""
"Function","LNX","",""
"Function","LNY","",""
"Function","LP","",""
"Function","LPA","",""
"Function","LPB","",""
"Function","LPC","",""
"Function","LPE","",""
"Function","LPG","",""
"Function","LPV","",""
"Function","LPW","",""
"Function","LPX","",""
"Function","LPY","",""
"Function","LQ","",""
"Function","LQA","",""
"Function","LQB","",""
"Function","LQC","",""
"Function","LQE","",""
"Function","LQG","",""
"Function","LQV","",""
"Function","LQW","",""
"Function","LQX","",""
"Function","LQY","",""
"Function","LR","",""
"Function","LRA","",""
"Function","LRB","",""
"Function","LRC","",""
"Function","LRQ","",""
"Function","LRR","",""
"Function","LRS","",""
"Function","LRT","",""
"Function","LRU","",""
"Function","LRV","",""
"Function","LRW","",""
"Function","LRX","",""
"Function","LRY","",""
"Function","LS","",""
"Function","LSA","",""
"Function","LSB","",""
"Function","LSC","",""
"Function","LSD","",""
"Function","LSE","",""
"Function","LSF","",""
"Function","LSG","",""
"Function","LSH","",""
"Function","LSJ","",""
"Function","LSK","",""
"Function","LSL","",""
"Function","LSM","",""
"Function","LSN","",""
"Function","LSP","",""
"Function","LSQ","",""
"Function","LSR","",""
"Function","LSS","",""
"Function","LST","",""
"Function","LSU","",""
"Function","LV","",""
"Function","LVA","",""
"Function","LVB","",""
"Function","LVC","",""
"Function","LVD","",""
"Function","LVE","",""
"Function","LVF","",""
"Function","LVG","",""
"Function","LVH","",""
"Function","LVJ","",""
"Function","LVK","",""
"Function","LVL","",""
"Function","LVM","",""
"Function","LVN","",""
"Function","LVP","",""
"Function","LVQ","",""
"Function","LVR","",""
"Function","LVS","",""
"Function","LVT","",""
"Function","LVU","",""
"Function","LW","",""
"Function","LWA","",""
"Function","LWB","",""
"Function","LWC","",""
"Function","LWD","",""
"Function","LWE","",""
"Function","LWF","",""
"Function","LWG","",""
"Function","LWH","",""
"Function","LWJ","",""
"Function","LWK","",""
"Function","LWL","",""
"Function","LWM","",""
"Function","LWN","",""
"Function","LWP","",""
"Function","LWQ","",""
"Function","LWR","",""
"Function","LWS","",""
"Function","LWT","",""
"Function","LWU","",""
"Function","LX","",""
"Function","LXA","",""
"Function","LXB","",""
"Function","LXC","",""
"Function","LXD","",""
"Function","LXE","",""
"Function","LXF","",""
"Function","LXG","",""
"Function","LXH","",""
"Function","LXJ","",""
"Function","LXK","",""
"Function","LXL","",""
"Function","LXM","",""
"Function","LXN","",""
"Function","LXP","",""
"Function","LXQ","",""
"Function","LXR","",""
"Function","LXS","",""
"Function","LXT","",""
"Function","LXU","",""
"Function","LY","",""
"Function","LYA","",""
"Function","LYB","",""
"Function","LYC","",""
"Function","LYD","",""
"Function","LYE","",""
"Function","LYF","",""
"Function","LYG","",""
"Function","LYH","",""
"Function","LYJ","",""
"Function","LYK","",""
"Function","LYL","",""
"Function","LYM","",""
"Function","LYN","",""
"Function","LYP","",""
"Function","LYQ","",""
"Function","LYR","",""
"Function","LYS","",""
"Function","LYT","",""
"Function","LYU","",""
"Function","LAA","",""
"Function","M","",""
"Function","MA","",""
"Function","MAB","",""
"Function","MAC","",""
"Function","MAD","",""
"Function","MAG","",""
"Function","MAH","",""
"Function","MAJ","",""
"Function","MAK","",""
"Function","MAL","",""
"Function","MAM","",""
"Function","MAN","",""
"Function","MAP","",""
"Function","MAQ","",""
"Function","MAV","",""
"Function","MAW","",""
"Function","MAX","",""
"Function","MAY","",""
"Function","MB","",""
"Function","MBA","",""
"Function","MBB","",""
"Function","MBC","",""
"Function","MBD","",""
"Function","MBE","",""
"Function","MBH","",""
"Function","MBJ","",""
"Function","MBK","",""
"Function","MBL","",""
"Function","MBM","",""
"Function","MBN","",""
"Function","MBP","",""
"Function","MBQ","",""
"Function","MBR","",""
"Function","MBS","",""
"Function","MBT","",""
"Function","MBU","",""
"Function","MBV","",""
"Function","MBW","",""
"Function","MBX","",""
"Function","MBY","",""
"Function","MBZ","",""
"Function","MD","",""
"Function","MDA","",""
"Function","MDD","",""
"Function","MDK","",""
"Function","MDL","",""
"Function","MDV","",""
"Function","MDX","",""
"Function","MDY","",""
"Function","ME","",""
"Function","MEA","",""
"Function","MEB","",""
"Function","MED","",""
"Function","MEG","",""
"Function","MEK","",""
"Function","MEL","",""
"Function","MES","",""
"Function","MEV","",""
"Function","MEW","",""
"Function","MEX","",""
"Function","MEY","",""
"Function","MF","",""
"Function","MFA","",""
"Function","MFB","",""
"Function","MFD","",""
"Function","MFG","",""
"Function","MFK","",""
"Function","MFL","",""
"Function","MFM","",""
"Function","MFS","",""
"Function","MFV","",""
"Function","MFW","",""
"Function","MFX","",""
"Function","MFY","",""
"Function","MG","",""
"Function","MGA","",""
"Function","MGB","",""
"Function","MGD","",""
"Function","MGG","",""
"Function","MGK","",""
"Function","MGL","",""
"Function","MGM","",""
"Function","MGR","",""
"Function","MGS","",""
"Function","MGV","",""
"Function","MGW","",""
"Function","MGX","",""
"Function","MGY","",""
"Function","MH","",""
"Function","MHA","",""
"Function","MHB","",""
"Function","MHC","",""
"Function","MHD","",""
"Function","MHG","",""
"Function","MHK","",""
"Function","MHL","",""
"Function","MHM","",""
"Function","MHN","",""
"Function","MHP","",""
"Function","MHV","",""
"Function","MHX","",""
"Function","MHY","",""
"Function","MJ","",""
"Function","MJA","",""
"Function","MJB","",""
"Function","MJG","",""
"Function","MJH","",""
"Function","MJK","",""
"Function","MJN","",""
"Function","MJP","",""
"Function","MJQ","",""
"Function","MJR","",""
"Function","MJV","",""
"Function","MJW","",""
"Function","MJX","",""
"Function","MJY","",""
"Function","MK","",""
"Function","MKA","",""
"Function","MKB","",""
"Function","MKC","",""
"Function","MKD","",""
"Function","MKF","",""
"Function","MKG","",""
"Function","MKH","",""
"Function","MKJ","",""
"Function","MKQ","",""
"Function","MKU","",""
"Function","MKV","",""
"Function","MKW","",""
"Function","MKX","",""
"Function","MKY","",""
"Function","ML","",""
"Function","MLA","",""
"Function","MLC","",""
"Function","MLD","",""
"Function","MLF","",""
"Function","MLG","",""
"Function","MLH","",""
"Function","MLQ","",""
"Function","MLU","",""
"Function","MLV","",""
"Function","MLW","",""
"Function","MLX","",""
"Function","MLY","",""
"Function","MM","",""
"Function","MMA","",""
"Function","MMC","",""
"Function","MMD","",""
"Function","MME","",""
"Function","MMF","",""
"Function","MMG","",""
"Function","MMH","",""
"Function","MMV","",""
"Function","MMW","",""
"Function","MMX","",""
"Function","MMY","",""
"Function","MP","",""
"Function","MPA","",""
"Function","MPB","",""
"Function","MPG","",""
"Function","MPR","",""
"Function","MPS","",""
"Function","MR","",""
"Function","MRA","",""
"Function","MRB","",""
"Function","MRC","",""
"Function","MRD","",""
"Function","MRE","",""
"Function","MRF","",""
"Function","MRG","",""
"Function","MRH","",""
"Function","MRJ","",""
"Function","MRK","",""
"Function","MRL","",""
"Function","MRM","",""
"Function","MRN","",""
"Function","MRP","",""
"Function","MRQ","",""
"Function","MRR","",""
"Function","MRS","",""
"Function","MRT","",""
"Function","MRU","",""
"Function","MRV","",""
"Function","MRW","",""
"Function","MRX","",""
"Function","MRY","",""
"Function","MV","",""
"Function","MVA","",""
"Function","MVB","",""
"Function","MVC","",""
"Function","MVD","",""
"Function","MVE","",""
"Function","MVF","",""
"Function","MVG","",""
"Function","MVH","",""
"Function","MVJ","",""
"Function","MVK","",""
"Function","MVL","",""
"Function","MVM","",""
"Function","MVN","",""
"Function","MVP","",""
"Function","MVQ","",""
"Function","MVR","",""
"Function","MVS","",""
"Function","MVT","",""
"Function","MVU","",""
"Function","MW","",""
"Function","MWA","",""
"Function","MWB","",""
"Function","MWC","",""
"Function","MWD","",""
"Function","MWE","",""
"Function","MWF","",""
"Function","MWG","",""
"Function","MWH","",""
"Function","MWJ","",""
"Function","MWK","",""
"Function","MWL","",""
"Function","MWM","",""
"Function","MWN","",""
"Function","MWP","",""
"Function","MWQ","",""
"Function","MWR","",""
"Function","MWS","",""
"Function","MWT","",""
"Function","MWU","",""
"Function","MX","",""
"Function","MXA","",""
"Function","MXB","",""
"Function","MXC","",""
"Function","MXD","",""
"Function","MXE","",""
"Function","MXF","",""
"Function","MXG","",""
"Function","MXH","",""
"Function","MXJ","",""
"Function","MXK","",""
"Function","MXL","",""
"Function","MXM","",""
"Function","MXN","",""
"Function","MXP","",""
"Function","MXQ","",""
"Function","MXR","",""
"Function","MXS","",""
"Function","MXT","",""
"Function","MXU","",""
"Function","MY","",""
"Function","MYA","",""
"Function","MYB","",""
"Function","MYC","",""
"Function","MYD","",""
"Function","MYE","",""
"Function","MYF","",""
"Function","MYG","",""
"Function","MYH","",""
"Function","MYJ","",""
"Function","MYK","",""
"Function","MYL","",""
"Function","MYM","",""
"Function","MYN","",""
"Function","MYP","",""
"Function","MYQ","",""
"Function","MYR","",""
"Function","MYS","",""
"Function","MYT","",""
"Function","MYU","",""
"Function","MAA","",""
"Function","N","",""
"Function","NA","",""
"Function","NAB","",""
"Function","NAD","",""
"Function","NAE","",""
"Function","NAF","",""
"Function","NAG","",""
"Function","NAH","",""
"Function","NAJ","",""
"Function","NAK","",""
"Function","NAL","",""
"Function","NAM","",""
"Function","NAX","",""
"Function","NAY","",""
"Function","ND","",""
"Function","NDA","",""
"Function","NDB","",""
"Function","NDC","",""
"Function","NDD","",""
"Function","NDE","",""
"Function","NDF","",""
"Function","NDG","",""
"Function","NDH","",""
"Function","NDJ","",""
"Function","NDK","",""
"Function","NDV","",""
"Function","NDX","",""
"Function","NDY","",""
"Function","NE","",""
"Function","NEA","",""
"Function","NEB","",""
"Function","NEC","",""
"Function","NEE","",""
"Function","NEF","",""
"Function","NEG","",""
"Function","NEH","",""
"Function","NEJ","",""
"Function","NEK","",""
"Function","NEV","",""
"Function","NEX","",""
"Function","NEY","",""
"Function","NG","",""
"Function","NGB","",""
"Function","NGC","",""
"Function","NGW","",""
"Function","NGX","",""
"Function","NGY","",""
"Function","NH","",""
"Function","NHA","",""
"Function","NHB","",""
"Function","NHC","",""
"Function","NHE","",""
"Function","NHG","",""
"Function","NHP","",""
"Function","NHQ","",""
"Function","NHR","",""
"Function","NHS","",""
"Function","NHT","",""
"Function","NHU","",""
"Function","NHX","",""
"Function","NHY","",""
"Function","NK","",""
"Function","NKB","",""
"Function","NKW","",""
"Function","NKX","",""
"Function","NKY","",""
"Function","NM","",""
"Function","NMA","",""
"Function","NMC","",""
"Function","NME","",""
"Function","NMG","",""
"Function","NMH","",""
"Function","NMP","",""
"Function","NMQ","",""
"Function","NMR","",""
"Function","NMS","",""
"Function","NMT","",""
"Function","NMU","",""
"Function","NMX","",""
"Function","NMY","",""
"Function","NAA","",""
"Function","P","",""
"Function","PA","",""
"Function","PAB","",""
"Function","PAC","",""
"Function","PAD","",""
"Function","PAE","",""
"Function","PAH","",""
"Function","PAR","",""
"Function","PAS","",""
"Function","PAV","",""
"Function","PAX","",""
"Function","PAY","",""
"Function","PB","",""
"Function","PBA","",""
"Function","PBB","",""
"Function","PBC","",""
"Function","PBD","",""
"Function","PBE","",""
"Function","PBF","",""
"Function","PBG","",""
"Function","PBH","",""
"Function","PBJ","",""
"Function","PBK","",""
"Function","PBL","",""
"Function","PBN","",""
"Function","PBP","",""
"Function","PBQ","",""
"Function","PBR","",""
"Function","PBS","",""
"Function","PBT","",""
"Function","PBV","",""
"Function","PBX","",""
"Function","PBY","",""
"Function","PC","",""
"Function","PCA","",""
"Function","PCB","",""
"Function","PCC","",""
"Function","PCD","",""
"Function","PCH","",""
"Function","PCM","",""
"Function","PCV","",""
"Function","PCX","",""
"Function","PCY","",""
"Function","PD","",""
"Function","PDA","",""
"Function","PDB","",""
"Function","PDC","",""
"Function","PDD","",""
"Function","PDE","",""
"Function","PDF","",""
"Function","PDG","",""
"Function","PDH","",""
"Function","PDJ","",""
"Function","PDK","",""
"Function","PDL","",""
"Function","PDN","",""
"Function","PDP","",""
"Function","PDQ","",""
"Function","PDR","",""
"Function","PDS","",""
"Function","PDT","",""
"Function","PDV","",""
"Function","PDX","",""
"Function","PDY","",""
"Function","PE","",""
"Function","PEA","",""
"Function","PEB","",""
"Function","PEC","",""
"Function","PED","",""
"Function","PEH","",""
"Function","PEV","",""
"Function","PEX","",""
"Function","PEY","",""
"Function","PF","",""
"Function","PFA","",""
"Function","PFB","",""
"Function","PFC","",""
"Function","PFD","",""
"Function","PFE","",""
"Function","PFF","",""
"Function","PFG","",""
"Function","PFH","",""
"Function","PFJ","",""
"Function","PFK","",""
"Function","PFL","",""
"Function","PFN","",""
"Function","PFP","",""
"Function","PFQ","",""
"Function","PFR","",""
"Function","PFS","",""
"Function","PFT","",""
"Function","PFV","",""
"Function","PFX","",""
"Function","PFY","",""
"Function","PG","",""
"Function","PGA","",""
"Function","PGB","",""
"Function","PGC","",""
"Function","PGD","",""
"Function","PGE","",""
"Function","PGF","",""
"Function","PGG","",""
"Function","PGH","",""
"Function","PGJ","",""
"Function","PGK","",""
"Function","PGL","",""
"Function","PGM","",""
"Function","PGN","",""
"Function","PGP","",""
"Function","PGQ","",""
"Function","PGR","",""
"Function","PGS","",""
"Function","PGT","",""
"Function","PGU","",""
"Function","PGV","",""
"Function","PGX","",""
"Function","PGY","",""
"Function","PH","",""
"Function","PHA","",""
"Function","PHB","",""
"Function","PHC","",""
"Function","PHD","",""
"Function","PHE","",""
"Function","PHF","",""
"Function","PHG","",""
"Function","PHH","",""
"Function","PHJ","",""
"Function","PHK","",""
"Function","PHL","",""
"Function","PHN","",""
"Function","PHP","",""
"Function","PHQ","",""
"Function","PHR","",""
"Function","PHS","",""
"Function","PHT","",""
"Function","PHV","",""
"Function","PHX","",""
"Function","PHY","",""
"Function","PJ","",""
"Function","PJA","",""
"Function","PJB","",""
"Function","PJC","",""
"Function","PJD","",""
"Function","PJE","",""
"Function","PJF","",""
"Function","PJG","",""
"Function","PJH","",""
"Function","PJJ","",""
"Function","PJK","",""
"Function","PJL","",""
"Function","PJM","",""
"Function","PJN","",""
"Function","PJP","",""
"Function","PJQ","",""
"Function","PJR","",""
"Function","PJS","",""
"Function","PJT","",""
"Function","PJU","",""
"Function","PJV","",""
"Function","PJX","",""
"Function","PJY","",""
"Function","PK","",""
"Function","PKA","",""
"Function","PKB","",""
"Function","PKC","",""
"Function","PKD","",""
"Function","PKE","",""
"Function","PKF","",""
"Function","PKG","",""
"Function","PKH","",""
"Function","PKJ","",""
"Function","PKK","",""
"Function","PKL","",""
"Function","PKN","",""
"Function","PKP","",""
"Function","PKQ","",""
"Function","PKR","",""
"Function","PKS","",""
"Function","PKT","",""
"Function","PKV","",""
"Function","PKX","",""
"Function","PKY","",""
"Function","PM","",""
"Function","PMA","",""
"Function","PMB","",""
"Function","PMC","",""
"Function","PMD","",""
"Function","PME","",""
"Function","PMF","",""
"Function","PMG","",""
"Function","PMH","",""
"Function","PMJ","",""
"Function","PMK","",""
"Function","PML","",""
"Function","PMM","",""
"Function","PMN","",""
"Function","PMP","",""
"Function","PMQ","",""
"Function","PMR","",""
"Function","PMS","",""
"Function","PMT","",""
"Function","PMU","",""
"Function","PMV","",""
"Function","PMX","",""
"Function","PMY","",""
"Function","PN","",""
"Function","PNA","",""
"Function","PNB","",""
"Function","PNC","",""
"Function","PND","",""
"Function","PNH","",""
"Function","PNQ","",""
"Function","PNR","",""
"Function","PNS","",""
"Function","PNT","",""
"Function","PNU","",""
"Function","PNV","",""
"Function","PNX","",""
"Function","PNY","",""
"Function","PP","",""
"Function","PPA","",""
"Function","PPB","",""
"Function","PPC","",""
"Function","PPD","",""
"Function","PPE","",""
"Function","PPQ","",""
"Function","PPR","",""
"Function","PPS","",""
"Function","PPT","",""
"Function","PPU","",""
"Function","PPV","",""
"Function","PPX","",""
"Function","PPY","",""
"Function","PS","",""
"Function","PSA","",""
"Function","PSB","",""
"Function","PSC","",""
"Function","PSD","",""
"Function","PSE","",""
"Function","PSF","",""
"Function","PSG","",""
"Function","PSH","",""
"Function","PSJ","",""
"Function","PSK","",""
"Function","PSL","",""
"Function","PSM","",""
"Function","PSN","",""
"Function","PSP","",""
"Function","PSQ","",""
"Function","PSR","",""
"Function","PSS","",""
"Function","PST","",""
"Function","PSU","",""
"Function","PSV","",""
"Function","PSX","",""
"Function","PSY","",""
"Function","PU","",""
"Function","PUA","",""
"Function","PUB","",""
"Function","PUC","",""
"Function","PUD","",""
"Function","PUE","",""
"Function","PUF","",""
"Function","PUG","",""
"Function","PUH","",""
"Function","PUJ","",""
"Function","PUK","",""
"Function","PUL","",""
"Function","PUM","",""
"Function","PUN","",""
"Function","PUP","",""
"Function","PUQ","",""
"Function","PUR","",""
"Function","PUS","",""
"Function","PUT","",""
"Function","PUU","",""
"Function","PV","",""
"Function","PVA","",""
"Function","PVB","",""
"Function","PVC","",""
"Function","PVD","",""
"Function","PVE","",""
"Function","PVF","",""
"Function","PVG","",""
"Function","PVH","",""
"Function","PVJ","",""
"Function","PVK","",""
"Function","PVL","",""
"Function","PVM","",""
"Function","PVN","",""
"Function","PVP","",""
"Function","PVQ","",""
"Function","PVR","",""
"Function","PVS","",""
"Function","PVT","",""
"Function","PVU","",""
"Function","PW","",""
"Function","PWA","",""
"Function","PWB","",""
"Function","PWC","",""
"Function","PWD","",""
"Function","PWE","",""
"Function","PWF","",""
"Function","PWG","",""
"Function","PWH","",""
"Function","PWJ","",""
"Function","PWK","",""
"Function","PWL","",""
"Function","PWM","",""
"Function","PWN","",""
"Function","PWP","",""
"Function","PWQ","",""
"Function","PWR","",""
"Function","PWS","",""
"Function","PWT","",""
"Function","PWU","",""
"Function","PX","",""
"Function","PXA","",""
"Function","PXB","",""
"Function","PXC","",""
"Function","PXD","",""
"Function","PXE","",""
"Function","PXF","",""
"Function","PXG","",""
"Function","PXH","",""
"Function","PXJ","",""
"Function","PXK","",""
"Function","PXL","",""
"Function","PXM","",""
"Function","PXN","",""
"Function","PXP","",""
"Function","PXQ","",""
"Function","PXR","",""
"Function","PXS","",""
"Function","PXT","",""
"Function","PXU","",""
"Function","PY","",""
"Function","PYA","",""
"Function","PYB","",""
"Function","PYC","",""
"Function","PYD","",""
"Function","PYE","",""
"Function","PYF","",""
"Function","PYG","",""
"Function","PYH","",""
"Function","PYJ","",""
"Function","PYK","",""
"Function","PYL","",""
"Function","PYM","",""
"Function","PYN","",""
"Function","PYP","",""
"Function","PYQ","",""
"Function","PYR","",""
"Function","PYS","",""
"Function","PYT","",""
"Function","PYU","",""
"Function","PAA","",""
"Function","Q","",""
"Function","QC","",""
"Function","QCA","",""
"Function","QCB","",""
"Function","QCC","",""
"Function","QCD","",""
"Function","QCE","",""
"Function","QCF","",""
"Function","QCG","",""
"Function","QCH","",""
"Function","QCJ","",""
"Function","QCK","",""
"Function","QCL","",""
"Function","QCM","",""
"Function","QCN","",""
"Function","QCP","",""
"Function","QCQ","",""
"Function","QCR","",""
"Function","QCS","",""
"Function","QCT","",""
"Function","QCU","",""
"Function","QCV","",""
"Function","QCX","",""
"Function","QCY","",""
"Function","QE","",""
"Function","QEA","",""
"Function","QEB","",""
"Function","QEC","",""
"Function","QED","",""
"Function","QEE","",""
"Function","QEF","",""
"Function","QEG","",""
"Function","QEH","",""
"Function","QEJ","",""
"Function","QEK","",""
"Function","QEL","",""
"Function","QEM","",""
"Function","QEN","",""
"Function","QEP","",""
"Function","QEQ","",""
"Function","QER","",""
"Function","QES","",""
"Function","QET","",""
"Function","QEU","",""
"Function","QEV","",""
"Function","QEW","",""
"Function","QEX","",""
"Function","QEY","",""
"Function","QF","",""
"Function","QFA","",""
"Function","QFB","",""
"Function","QFC","",""
"Function","QFD","",""
"Function","QFE","",""
"Function","QFF","",""
"Function","QFG","",""
"Function","QFH","",""
"Function","QFJ","",""
"Function","QFK","",""
"Function","QFL","",""
"Function","QFM","",""
"Function","QFN","",""
"Function","QFP","",""
"Function","QFQ","",""
"Function","QFR","",""
"Function","QFS","",""
"Function","QFT","",""
"Function","QFU","",""
"Function","QFV","",""
"Function","QFW","",""
"Function","QFX","",""
"Function","QFY","",""
"Function","QG","",""
"Function","QGA","",""
"Function","QGB","",""
"Function","QGC","",""
"Function","QGD","",""
"Function","QGE","",""
"Function","QGF","",""
"Function","QGG","",""
"Function","QGH","",""
"Function","QGJ","",""
"Function","QGK","",""
"Function","QGL","",""
"Function","QGM","",""
"Function","QGN","",""
"Function","QGP","",""
"Function","QGQ","",""
"Function","QGR","",""
"Function","QGS","",""
"Function","QGT","",""
"Function","QGU","",""
"Function","QGV","",""
"Function","QGW","",""
"Function","QGX","",""
"Function","QGY","",""
"Function","QH","",""
"Function","QHA","",""
"Function","QHB","",""
"Function","QHC","",""
"Function","QHD","",""
"Function","QHE","",""
"Function","QHF","",""
"Function","QHG","",""
"Function","QHH","",""
"Function","QHJ","",""
"Function","QHL","",""
"Function","QHM","",""
"Function","QHN","",""
"Function","QHP","",""
"Function","QHQ","",""
"Function","QHR","",""
"Function","QHS","",""
"Function","QHT","",""
"Function","QHU","",""
"Function","QHV","",""
"Function","QHX","",""
"Function","QHY","",""
"Function","QJ","",""
"Function","QJA","",""
"Function","QJB","",""
"Function","QJC","",""
"Function","QJD","",""
"Function","QJE","",""
"Function","QJF","",""
"Function","QJG","",""
"Function","QJH","",""
"Function","QJJ","",""
"Function","QJK","",""
"Function","QJL","",""
"Function","QJM","",""
"Function","QJN","",""
"Function","QJP","",""
"Function","QJQ","",""
"Function","QJR","",""
"Function","QJV","",""
"Function","QJW","",""
"Function","QJX","",""
"Function","QJY","",""
"Function","QK","",""
"Function","QKA","",""
"Function","QKB","",""
"Function","QKC","",""
"Function","QKD","",""
"Function","QKE","",""
"Function","QKF","",""
"Function","QKG","",""
"Function","QKH","",""
"Function","QKJ","",""
"Function","QKK","",""
"Function","QKL","",""
"Function","QKM","",""
"Function","QKN","",""
"Function","QKP","",""
"Function","QKQ","",""
"Function","QKR","",""
"Function","QKS","",""
"Function","QKT","",""
"Function","QKU","",""
"Function","QKV","",""
"Function","QKX","",""
"Function","QKY","",""
"Function","QL","",""
"Function","QLA","",""
"Function","QLB","",""
"Function","QLC","",""
"Function","QLD","",""
"Function","QLF","",""
"Function","QLV","",""
"Function","QLX","",""
"Function","QLY","",""
"Function","QM","",""
"Function","QMA","",""
"Function","QMB","",""
"Function","QMC","",""
"Function","QMD","",""
"Function","QME","",""
"Function","QMF","",""
"Function","QMG","",""
"Function","QMH","",""
"Function","QMJ","",""
"Function","QMK","",""
"Function","QML","",""
"Function","QMM","",""
"Function","QMN","",""
"Function","QMP","",""
"Function","QMQ","",""
"Function","QMR","",""
"Function","QMS","",""
"Function","QMT","",""
"Function","QMU","",""
"Function","QMV","",""
"Function","QMX","",""
"Function","QMY","",""
"Function","QS","",""
"Function","QSA","",""
"Function","QSB","",""
"Function","QSC","",""
"Function","QSD","",""
"Function","QSE","",""
"Function","QSF","",""
"Function","QSG","",""
"Function","QSH","",""
"Function","QSJ","",""
"Function","QSK","",""
"Function","QSL","",""
"Function","QSM","",""
"Function","QSN","",""
"Function","QSP","",""
"Function","QSQ","",""
"Function","QSR","",""
"Function","QSS","",""
"Function","QST","",""
"Function","QSU","",""
"Function","QSV","",""
"Function","QSX","",""
"Function","QSY","",""
"Function","QU","",""
"Function","QUA","",""
"Function","QUB","",""
"Function","QUC","",""
"Function","QUD","",""
"Function","QUE","",""
"Function","QUF","",""
"Function","QUG","",""
"Function","QUH","",""
"Function","QUJ","",""
"Function","QUK","",""
"Function","QUL","",""
"Function","QUM","",""
"Function","QUN","",""
"Function","QUP","",""
"Function","QUQ","",""
"Function","QUR","",""
"Function","QUS","",""
"Function","QUT","",""
"Function","QUU","",""
"Function","QUX","",""
"Function","QUY","",""
"Function","R","",""
"Function","RA","",""
"Function","RAB","",""
"Function","RAC","",""
"Function","RAD","",""
"Function","RAE","",""
"Function","RAF","",""
"Function","RAG","",""
"Function","RAH","",""
"Function","RAJ","",""
"Function","RAK","",""
"Function","RAL","",""
"Function","RAM","",""
"Function","RAN","",""
"Function","RAP","",""
"Function","RAQ","",""
"Function","RAR","",""
"Function","RAS","",""
"Function","RAT","",""
"Function","RAV","",""
"Function","RAW","",""
"Function","RAX","",""
"Function","RAY","",""
"Function","RB","",""
"Function","RBA","",""
"Function","RBB","",""
"Function","RBD","",""
"Function","RBE","",""
"Function","RBF","",""
"Function","RC","",""
"Function","RCA","",""
"Function","RCB","",""
"Function","RCC","",""
"Function","RCE","",""
"Function","RCF","",""
"Function","RCG","",""
"Function","RCJ","",""
"Function","RCK","",""
"Function","RCL","",""
"Function","RCM","",""
"Function","RCS","",""
"Function","RCV","",""
"Function","RCW","",""
"Function","RCX","",""
"Function","RCY","",""
"Function","RD","",""
"Function","RDA","",""
"Function","RDB","",""
"Function","RDC","",""
"Function","RDE","",""
"Function","RDF","",""
"Function","RDG","",""
"Function","RDJ","",""
"Function","RDK","",""
"Function","RDL","",""
"Function","RDN","",""
"Function","RDP","",""
"Function","RDQ","",""
"Function","RDS","",""
"Function","RDV","",""
"Function","RDW","",""
"Function","RDX","",""
"Function","RDY","",""
"Function","RE","",""
"Function","REA","",""
"Function","REB","",""
"Function","REC","",""
"Function","REE","",""
"Function","REF","",""
"Function","REG","",""
"Function","REH","",""
"Function","REJ","",""
"Function","REK","",""
"Function","REL","",""
"Function","REP","",""
"Function","RER","",""
"Function","REV","",""
"Function","REW","",""
"Function","REX","",""
"Function","REY","",""
"Function","RG","",""
"Function","RGA","",""
"Function","RGB","",""
"Function","RGC","",""
"Function","RGD","",""
"Function","RGE","",""
"Function","RGJ","",""
"Function","RGK","",""
"Function","RGL","",""
"Function","RGM","",""
"Function","RGS","",""
"Function","RGV","",""
"Function","RGW","",""
"Function","RGX","",""
"Function","RGY","",""
"Function","RGZ","",""
"Function","RH","",""
"Function","RHA","",""
"Function","RHE","",""
"Function","RHF","",""
"Function","RHG","",""
"Function","RHK","",""
"Function","RHM","",""
"Function","RHN","",""
"Function","RHP","",""
"Function","RHQ","",""
"Function","RHS","",""
"Function","RHV","",""
"Function","RHW","",""
"Function","RHX","",""
"Function","RHY","",""
"Function","RHZ","",""
"Function","RJ","",""
"Function","RJA","",""
"Function","RJB","",""
"Function","RJC","",""
"Function","RJD","",""
"Function","RJE","",""
"Function","RJF","",""
"Function","RJS","",""
"Function","RJV","",""
"Function","RJW","",""
"Function","RJX","",""
"Function","RJY","",""
"Function","RK","",""
"Function","RKA","",""
"Function","RKB","",""
"Function","RKC","",""
"Function","RKG","",""
"Function","RKH","",""
"Function","RKJ","",""
"Function","RKL","",""
"Function","RKM","",""
"Function","RKN","",""
"Function","RKQ","",""
"Function","RKV","",""
"Function","RKW","",""
"Function","RKX","",""
"Function","RKY","",""
"Function","RKZ","",""
"Function","RL","",""
"Function","RLA","",""
"Function","RLB","",""
"Function","RLE","",""
"Function","RLH","",""
"Function","RLJ","",""
"Function","RLK","",""
"Function","RLN","",""
"Function","RLP","",""
"Function","RLR","",""
"Function","RLS","",""
"Function","RLW","",""
"Function","RLX","",""
"Function","RLY","",""
"Function","RLZ","",""
"Function","RM","",""
"Function","RMA","",""
"Function","RMB","",""
"Function","RMC","",""
"Function","RMD","",""
"Function","RME","",""
"Function","RMF","",""
"Function","RMH","",""
"Function","RMJ","",""
"Function","RMM","",""
"Function","RMN","",""
"Function","RMP","",""
"Function","RMQ","",""
"Function","RMR","",""
"Function","RMS","",""
"Function","RMV","",""
"Function","RMW","",""
"Function","RMX","",""
"Function","RMY","",""
"Function","RMZ","",""
"Function","RN","",""
"Function","RNA","",""
"Function","RNB","",""
"Function","RNC","",""
"Function","RND","",""
"Function","RNE","",""
"Function","RNF","",""
"Function","RNG","",""
"Function","RNH","",""
"Function","RNJ","",""
"Function","RNK","",""
"Function","RNL","",""
"Function","RNM","",""
"Function","RNN","",""
"Function","RNP","",""
"Function","RNQ","",""
"Function","RNR","",""
"Function","RNS","",""
"Function","RNT","",""
"Function","RNU","",""
"Function","RNV","",""
"Function","RNW","",""
"Function","RNX","",""
"Function","RNY","",""
"Function","RP","",""
"Function","RPA","",""
"Function","RPB","",""
"Function","RPC","",""
"Function","RPG","",""
"Function","RPH","",""
"Function","RPJ","",""
"Function","RPK","",""
"Function","RPL","",""
"Function","RPM","",""
"Function","RPN","",""
"Function","RPP","",""
"Function","RPQ","",""
"Function","RPR","",""
"Function","RPS","",""
"Function","RPW","",""
"Function","RPX","",""
"Function","RPY","",""
"Function","RS","",""
"Function","RSA","",""
"Function","RSB","",""
"Function","RSC","",""
"Function","RSD","",""
"Function","RSE","",""
"Function","RSF","",""
"Function","RSG","",""
"Function","RSH","",""
"Function","RSJ","",""
"Function","RSK","",""
"Function","RSL","",""
"Function","RSM","",""
"Function","RSN","",""
"Function","RSP","",""
"Function","RSQ","",""
"Function","RSR","",""
"Function","RSS","",""
"Function","RST","",""
"Function","RSU","",""
"Function","RSV","",""
"Function","RSW","",""
"Function","RSX","",""
"Function","RSY","",""
"Function","RSZ","",""
"Function","RT","",""
"Function","RTA","",""
"Function","RTB","",""
"Function","RTC","",""
"Function","RTD","",""
"Function","RTE","",""
"Function","RTF","",""
"Function","RTG","",""
"Function","RTH","",""
"Function","RTJ","",""
"Function","RTK","",""
"Function","RTL","",""
"Function","RTM","",""
"Function","RTN","",""
"Function","RTP","",""
"Function","RTQ","",""
"Function","RTR","",""
"Function","RTS","",""
"Function","RTT","",""
"Function","RTU","",""
"Function","RTV","",""
"Function","RTW","",""
"Function","RTX","",""
"Function","RTY","",""
"Function","RTZ","",""
"Function","RU","",""
"Function","RUA","",""
"Function","RUB","",""
"Function","RUC","",""
"Function","RUD","",""
"Function","RUE","",""
"Function","RUF","",""
"Function","RUG","",""
"Function","RUJ","",""
"Function","RUK","",""
"Function","RUL","",""
"Function","RUM","",""
"Function","RUN","",""
"Function","RUP","",""
"Function","RUQ","",""
"Function","RUR","",""
"Function","RUS","",""
"Function","RUT","",""
"Function","RUU","",""
"Function","RUV","",""
"Function","RUW","",""
"Function","RUX","",""
"Function","RUY","",""
"Function","RUZ","",""
"Function","RV","",""
"Function","RVA","",""
"Function","RVB","",""
"Function","RVC","",""
"Function","RVD","",""
"Function","RVE","",""
"Function","RVF","",""
"Function","RVG","",""
"Function","RVH","",""
"Function","RVJ","",""
"Function","RVK","",""
"Function","RVL","",""
"Function","RVM","",""
"Function","RVN","",""
"Function","RVP","",""
"Function","RVQ","",""
"Function","RVR","",""
"Function","RVS","",""
"Function","RVT","",""
"Function","RVU","",""
"Function","RW","",""
"Function","RWA","",""
"Function","RWB","",""
"Function","RWC","",""
"Function","RWD","",""
"Function","RWE","",""
"Function","RWF","",""
"Function","RWG","",""
"Function","RWH","",""
"Function","RWJ","",""
"Function","RWK","",""
"Function","RWL","",""
"Function","RWM","",""
"Function","RWN","",""
"Function","RWP","",""
"Function","RWQ","",""
"Function","RWR","",""
"Function","RWS","",""
"Function","RWT","",""
"Function","RWU","",""
"Function","RX","",""
"Function","RXA","",""
"Function","RXB","",""
"Function","RXC","",""
"Function","RXD","",""
"Function","RXE","",""
"Function","RXF","",""
"Function","RXG","",""
"Function","RXH","",""
"Function","RXJ","",""
"Function","RXK","",""
"Function","RXL","",""
"Function","RXM","",""
"Function","RXN","",""
"Function","RXP","",""
"Function","RXQ","",""
"Function","RXR","",""
"Function","RXS","",""
"Function","RXT","",""
"Function","RXU","",""
"Function","RY","",""
"Function","RYA","",""
"Function","RYB","",""
"Function","RYC","",""
"Function","RYD","",""
"Function","RYE","",""
"Function","RYF","",""
"Function","RYG","",""
"Function","RYH","",""
"Function","RYJ","",""
"Function","RYK","",""
"Function","RYL","",""
"Function","RYM","",""
"Function","RYN","",""
"Function","RYP","",""
"Function","RYQ","",""
"Function","RYR","",""
"Function","RYS","",""
"Function","RYT","",""
"Function","RYU","",""
"Function","RZ","",""
"Function","RZA","",""
"Function","RZB","",""
"Function","RZC","",""
"Function","RZD","",""
"Function","RZE","",""
"Function","RZF","",""
"Function","RZG","",""
"Function","RZH","",""
"Function","RZJ","",""
"Function","RZK","",""
"Function","RZL","",""
"Function","RZM","",""
"Function","RZN","",""
"Function","RZP","",""
"Function","RZQ","",""
"Function","RZR","",""
"Function","RZS","",""
"Function","RZT","",""
"Function","RZU","",""
"Function","RAA","",""
"Function","S","",""
"Function","SA","",""
"Function","SAB","",""
"Function","SAC","",""
"Function","SAD","",""
"Function","SAE","",""
"Function","SAF","",""
"Function","SAG","",""
"Function","SAH","",""
"Function","SAJ","",""
"Function","SAK","",""
"Function","SAL","",""
"Function","SAM","",""
"Function","SAN","",""
"Function","SAP","",""
"Function","SAQ","",""
"Function","SAR","",""
"Function","SAS","",""
"Function","SAT","",""
"Function","SAU","",""
"Function","SAV","",""
"Function","SAX","",""
"Function","SAY","",""
"Function","SB","",""
"Function","SBA","",""
"Function","SBB","",""
"Function","SBC","",""
"Function","SBD","",""
"Function","SBE","",""
"Function","SBF","",""
"Function","SBG","",""
"Function","SBH","",""
"Function","SBJ","",""
"Function","SBK","",""
"Function","SBL","",""
"Function","SBM","",""
"Function","SBN","",""
"Function","SBP","",""
"Function","SBQ","",""
"Function","SBR","",""
"Function","SBS","",""
"Function","SBT","",""
"Function","SBU","",""
"Function","SBX","",""
"Function","SBY","",""
"Function","SC","",""
"Function","SCA","",""
"Function","SCB","",""
"Function","SCC","",""
"Function","SCD","",""
"Function","SCE","",""
"Function","SCF","",""
"Function","SCG","",""
"Function","SCH","",""
"Function","SCJ","",""
"Function","SCK","",""
"Function","SCL","",""
"Function","SCM","",""
"Function","SCN","",""
"Function","SCP","",""
"Function","SCQ","",""
"Function","SCR","",""
"Function","SCS","",""
"Function","SCT","",""
"Function","SCU","",""
"Function","SCV","",""
"Function","SCX","",""
"Function","SCY","",""
"Function","SD","",""
"Function","SDA","",""
"Function","SDB","",""
"Function","SDC","",""
"Function","SDD","",""
"Function","SDE","",""
"Function","SDF","",""
"Function","SDG","",""
"Function","SDH","",""
"Function","SDJ","",""
"Function","SDK","",""
"Function","SDL","",""
"Function","SDM","",""
"Function","SDN","",""
"Function","SDP","",""
"Function","SDQ","",""
"Function","SDR","",""
"Function","SDS","",""
"Function","SDT","",""
"Function","SDU","",""
"Function","SDX","",""
"Function","SDY","",""
"Function","SE","",""
"Function","SEA","",""
"Function","SEB","",""
"Function","SEC","",""
"Function","SED","",""
"Function","SEE","",""
"Function","SEF","",""
"Function","SEG","",""
"Function","SEH","",""
"Function","SEJ","",""
"Function","SEK","",""
"Function","SEL","",""
"Function","SEM","",""
"Function","SEN","",""
"Function","SEP","",""
"Function","SEQ","",""
"Function","SER","",""
"Function","SES","",""
"Function","SET","",""
"Function","SEU","",""
"Function","SF","",""
"Function","SFA","",""
"Function","SFB","",""
"Function","SFC","",""
"Function","SFD","",""
"Function","SFE","",""
"Function","SFF","",""
"Function","SFG","",""
"Function","SFH","",""
"Function","SFJ","",""
"Function","SFK","",""
"Function","SFL","",""
"Function","SFM","",""
"Function","SFN","",""
"Function","SFP","",""
"Function","SFQ","",""
"Function","SFR","",""
"Function","SFS","",""
"Function","SFT","",""
"Function","SFU","",""
"Function","SFY","",""
"Function","SG","",""
"Function","SGA","",""
"Function","SGB","",""
"Function","SGC","",""
"Function","SGD","",""
"Function","SGE","",""
"Function","SGF","",""
"Function","SGG","",""
"Function","SGH","",""
"Function","SGJ","",""
"Function","SGK","",""
"Function","SGL","",""
"Function","SGM","",""
"Function","SGV","",""
"Function","SGX","",""
"Function","SGY","",""
"Function","SH","",""
"Function","SHA","",""
"Function","SHB","",""
"Function","SHC","",""
"Function","SHD","",""
"Function","SHE","",""
"Function","SHF","",""
"Function","SHJ","",""
"Function","SHK","",""
"Function","SHL","",""
"Function","SHM","",""
"Function","SHS","",""
"Function","SHT","",""
"Function","SHU","",""
"Function","SHV","",""
"Function","SHW","",""
"Function","SHX","",""
"Function","SHY","",""
"Function","SM","",""
"Function","SMA","",""
"Function","SMB","",""
"Function","SMC","",""
"Function","SMD","",""
"Function","SME","",""
"Function","SMF","",""
"Function","SMG","",""
"Function","SMH","",""
"Function","SMJ","",""
"Function","SMK","",""
"Function","SML","",""
"Function","SMM","",""
"Function","SMN","",""
"Function","SMP","",""
"Function","SMQ","",""
"Function","SMR","",""
"Function","SMS","",""
"Function","SMT","",""
"Function","SMU","",""
"Function","SMX","",""
"Function","SMY","",""
"Function","SN","",""
"Function","SNA","",""
"Function","SNB","",""
"Function","SNC","",""
"Function","SND","",""
"Function","SNE","",""
"Function","SNF","",""
"Function","SNG","",""
"Function","SNH","",""
"Function","SNJ","",""
"Function","SNK","",""
"Function","SNL","",""
"Function","SNM","",""
"Function","SNN","",""
"Function","SNP","",""
"Function","SNQ","",""
"Function","SNR","",""
"Function","SNS","",""
"Function","SNT","",""
"Function","SNU","",""
"Function","SNY","",""
"Function","SP","",""
"Function","SPA","",""
"Function","SPB","",""
"Function","SPC","",""
"Function","SPD","",""
"Function","SPE","",""
"Function","SPF","",""
"Function","SPG","",""
"Function","SPH","",""
"Function","SPJ","",""
"Function","SPK","",""
"Function","SPL","",""
"Function","SPM","",""
"Function","SPN","",""
"Function","SPP","",""
"Function","SPQ","",""
"Function","SPR","",""
"Function","SPS","",""
"Function","SPT","",""
"Function","SPU","",""
"Function","SPY","",""
"Function","SQ","",""
"Function","SQA","",""
"Function","SQB","",""
"Function","SQC","",""
"Function","SQD","",""
"Function","SQE","",""
"Function","SQF","",""
"Function","SQG","",""
"Function","SQH","",""
"Function","SQJ","",""
"Function","SQK","",""
"Function","SQL","",""
"Function","SQM","",""
"Function","SQN","",""
"Function","SQP","",""
"Function","SQQ","",""
"Function","SQR","",""
"Function","SQS","",""
"Function","SQT","",""
"Function","SQU","",""
"Function","SQY","",""
"Function","SR","",""
"Function","SRA","",""
"Function","SRC","",""
"Function","SRG","",""
"Function","SRH","",""
"Function","SRP","",""
"Function","SRY","",""
"Function","ST","",""
"Function","STA","",""
"Function","STC","",""
"Function","STE","",""
"Function","STG","",""
"Function","STP","",""
"Function","STY","",""
"Function","SAA","",""
"Function","U","",""
"Function","UA","",""
"Function","UAB","",""
"Function","UAC","",""
"Function","UAD","",""
"Function","UAE","",""
"Function","UAF","",""
"Function","UAG","",""
"Function","UAH","",""
"Function","UAJ","",""
"Function","UAK","",""
"Function","UAL","",""
"Function","UAM","",""
"Function","UAN","",""
"Function","UAP","",""
"Function","UAQ","",""
"Function","UAR","",""
"Function","UAS","",""
"Function","UAT","",""
"Function","UAU","",""
"Function","UAV","",""
"Function","UAW","",""
"Function","UAX","",""
"Function","UAY","",""
"Function","UAZ","",""
"Function","UB","",""
"Function","UBA","",""
"Function","UBB","",""
"Function","UBC","",""
"Function","UBD","",""
"Function","UBE","",""
"Function","UBF","",""
"Function","UBG","",""
"Function","UBH","",""
"Function","UBJ","",""
"Function","UBK","",""
"Function","UBL","",""
"Function","UBM","",""
"Function","UBN","",""
"Function","UBP","",""
"Function","UBQ","",""
"Function","UBR","",""
"Function","UBS","",""
"Function","UBT","",""
"Function","UBU","",""
"Function","UBV","",""
"Function","UBW","",""
"Function","UBX","",""
"Function","UBY","",""
"Function","UBZ","",""
"Function","UC","",""
"Function","UCA","",""
"Function","UCB","",""
"Function","UCC","",""
"Function","UCD","",""
"Function","UCE","",""
"Function","UCF","",""
"Function","UCG","",""
"Function","UCH","",""
"Function","UCJ","",""
"Function","UCK","",""
"Function","UCL","",""
"Function","UCM","",""
"Function","UCN","",""
"Function","UCP","",""
"Function","UCQ","",""
"Function","UCR","",""
"Function","UCS","",""
"Function","UCT","",""
"Function","UCU","",""
"Function","UCV","",""
"Function","UCW","",""
"Function","UCX","",""
"Function","UCY","",""
"Function","UCZ","",""
"Function","UE","",""
"Function","UEA","",""
"Function","UEB","",""
"Function","UEC","",""
"Function","UED","",""
"Function","UEE","",""
"Function","UEF","",""
"Function","UEG","",""
"Function","UEH","",""
"Function","UEJ","",""
"Function","UEK","",""
"Function","UEL","",""
"Function","UEM","",""
"Function","UEN","",""
"Function","UEP","",""
"Function","UEQ","",""
"Function","UER","",""
"Function","UES","",""
"Function","UET","",""
"Function","UEU","",""
"Function","UEV","",""
"Function","UEW","",""
"Function","UEX","",""
"Function","UEY","",""
"Function","UEZ","",""
"Function","UF","",""
"Function","UFA","",""
"Function","UFB","",""
"Function","UFC","",""
"Function","UFD","",""
"Function","UFE","",""
"Function","UFF","",""
"Function","UFG","",""
"Function","UFH","",""
"Function","UFJ","",""
"Function","UFK","",""
"Function","UFL","",""
"Function","UFM","",""
"Function","UFN","",""
"Function","UFP","",""
"Function","UFQ","",""
"Function","UFR","",""
"Function","UFS","",""
"Function","UFT","",""
"Function","UFU","",""
"Function","UFV","",""
"Function","UFW","",""
"Function","UFX","",""
"Function","UFY","",""
"Function","UFZ","",""
"Function","UG","",""
"Function","UGA","",""
"Function","UGB","",""
"Function","UGC","",""
"Function","UGD","",""
"Function","UGE","",""
"Function","UGF","",""
"Function","UGG","",""
"Function","UGH","",""
"Function","UGJ","",""
"Function","UGK","",""
"Function","UGL","",""
"Function","UGM","",""
"Function","UGN","",""
"Function","UGP","",""
"Function","UGQ","",""
"Function","UGR","",""
"Function","UGS","",""
"Function","UGT","",""
"Function","UGU","",""
"Function","UGV","",""
"Function","UGW","",""
"Function","UGX","",""
"Function","UGY","",""
"Function","UGZ","",""
"Function","UH","",""
"Function","UHA","",""
"Function","UHB","",""
"Function","UHC","",""
"Function","UHD","",""
"Function","UHE","",""
"Function","UHF","",""
"Function","UHG","",""
"Function","UHH","",""
"Function","UHJ","",""
"Function","UHK","",""
"Function","UHL","",""
"Function","UHM","",""
"Function","UHN","",""
"Function","UHP","",""
"Function","UHQ","",""
"Function","UHR","",""
"Function","UHS","",""
"Function","UHT","",""
"Function","UHU","",""
"Function","UHV","",""
"Function","UHW","",""
"Function","UHX","",""
"Function","UHY","",""
"Function","UHZ","",""
"Function","UJ","",""
"Function","UJA","",""
"Function","UJB","",""
"Function","UJC","",""
"Function","UJD","",""
"Function","UJE","",""
"Function","UJF","",""
"Function","UJG","",""
"Function","UJH","",""
"Function","UJJ","",""
"Function","UJK","",""
"Function","UJL","",""
"Function","UJM","",""
"Function","UJN","",""
"Function","UJP","",""
"Function","UJQ","",""
"Function","UJR","",""
"Function","UJS","",""
"Function","UJT","",""
"Function","UJU","",""
"Function","UJV","",""
"Function","UJW","",""
"Function","UJX","",""
"Function","UJY","",""
"Function","UJZ","",""
"Function","UK","",""
"Function","UKA","",""
"Function","UKB","",""
"Function","UKC","",""
"Function","UKD","",""
"Function","UKE","",""
"Function","UKF","",""
"Function","UKG","",""
"Function","UKH","",""
"Function","UKJ","",""
"Function","UKK","",""
"Function","UKL","",""
"Function","UKM","",""
"Function","UKN","",""
"Function","UKP","",""
"Function","UKQ","",""
"Function","UKR","",""
"Function","UKS","",""
"Function","UKT","",""
"Function","UKU","",""
"Function","UKV","",""
"Function","UKW","",""
"Function","UKX","",""
"Function","UKY","",""
"Function","UKZ","",""
"Function","UL","",""
"Function","ULA","",""
"Function","ULB","",""
"Function","ULC","",""
"Function","ULD","",""
"Function","ULE","",""
"Function","ULF","",""
"Function","ULG","",""
"Function","ULH","",""
"Function","ULJ","",""
"Function","ULK","",""
"Function","ULL","",""
"Function","ULM","",""
"Function","ULN","",""
"Function","ULP","",""
"Function","ULQ","",""
"Function","ULR","",""
"Function","ULS","",""
"Function","ULT","",""
"Function","ULU","",""
"Function","ULV","",""
"Function","ULW","",""
"Function","ULX","",""
"Function","ULY","",""
"Function","ULZ","",""
"Function","UM","",""
"Function","UMA","",""
"Function","UMB","",""
"Function","UMC","",""
"Function","UMD","",""
"Function","UME","",""
"Function","UMF","",""
"Function","UMG","",""
"Function","UMH","",""
"Function","UMJ","",""
"Function","UMK","",""
"Function","UML","",""
"Function","UMM","",""
"Function","UMN","",""
"Function","UMP","",""
"Function","UMQ","",""
"Function","UMR","",""
"Function","UMS","",""
"Function","UMT","",""
"Function","UMU","",""
"Function","UMV","",""
"Function","UMW","",""
"Function","UMX","",""
"Function","UMY","",""
"Function","UMZ","",""
"Function","UN","",""
"Function","UNA","",""
"Function","UNB","",""
"Function","UNC","",""
"Function","UND","",""
"Function","UNE","",""
"Function","UNF","",""
"Function","UNG","",""
"Function","UNH","",""
"Function","UNJ","",""
"Function","UNK","",""
"Function","UNL","",""
"Function","UNM","",""
"Function","UNN","",""
"Function","UNP","",""
"Function","UNQ","",""
"Function","UNR","",""
"Function","UNS","",""
"Function","UNT","",""
"Function","UNU","",""
"Function","UNV","",""
"Function","UNW","",""
"Function","UNX","",""
"Function","UNY","",""
"Function","UNZ","",""
"Function","UP","",""
"Function","UPA","",""
"Function","UPB","",""
"Function","UPC","",""
"Function","UPD","",""
"Function","UPE","",""
"Function","UPF","",""
"Function","UPG","",""
"Function","UPH","",""
"Function","UPJ","",""
"Function","UPK","",""
"Function","UPL","",""
"Function","UPM","",""
"Function","UPN","",""
"Function","UPP","",""
"Function","UPQ","",""
"Function","UPR","",""
"Function","UPS","",""
"Function","UPT","",""
"Function","UPU","",""
"Function","UPV","",""
"Function","UPW","",""
"Function","UPX","",""
"Function","UPY","",""
"Function","UPZ","",""
"Function","UQ","",""
"Function","UQA","",""
"Function","UQB","",""
"Function","UQC","",""
"Function","UQD","",""
"Function","UQE","",""
"Function","UQF","",""
"Function","UQG","",""
"Function","UQH","",""
"Function","UQJ","",""
"Function","UQK","",""
"Function","UQL","",""
"Function","UQM","",""
"Function","UQN","",""
"Function","UQP","",""
"Function","UQQ","",""
"Function","UQR","",""
"Function","UQS","",""
"Function","UQT","",""
"Function","UQU","",""
"Function","UQV","",""
"Function","UQW","",""
"Function","UQX","",""
"Function","UQY","",""
"Function","UQZ","",""
"Function","UR","",""
"Function","URA","",""
"Function","URB","",""
"Function","URC","",""
"Function","URD","",""
"Function","URE","",""
"Function","URF","",""
"Function","URG","",""
"Function","URH","",""
"Function","URJ","",""
"Function","URK","",""
"Function","URL","",""
"Function","URM","",""
"Function","URN","",""
"Function","URP","",""
"Function","URQ","",""
"Function","URR","",""
"Function","URS","",""
"Function","URT","",""
"Function","URU","",""
"Function","URV","",""
"Function","URW","",""
"Function","URX","",""
"Function","URY","",""
"Function","URZ","",""
"Function","US","",""
"Function","USA","",""
"Function","USB","",""
"Function","USC","",""
"Function","USD","",""
"Function","USE","",""
"Function","USF","",""
"Function","USG","",""
"Function","USH","",""
"Function","USJ","",""
"Function","USK","",""
"Function","USL","",""
"Function","USM","",""
"Function","USN","",""
"Function","USP","",""
"Function","USQ","",""
"Function","USR","",""
"Function","USS","",""
"Function","UST","",""
"Function","USU","",""
"Function","USV","",""
"Function","USW","",""
"Function","USX","",""
"Function","USY","",""
"Function","USZ","",""
"Function","UT","",""
"Function","UTA","",""
"Function","UTB","",""
"Function","UTC","",""
"Function","UTD","",""
"Function","UTE","",""
"Function","UTF","",""
"Function","UTG","",""
"Function","UTH","",""
"Function","UTJ","",""
"Function","UTK","",""
"Function","UTL","",""
"Function","UTM","",""
"Function","UTN","",""
"Function","UTP","",""
"Function","UTQ","",""
"Function","UTR","",""
"Function","UTS","",""
"Function","UTT","",""
"Function","UTU","",""
"Function","UTV","",""
"Function","UTW","",""
"Function","UTX","",""
"Function","UTY","",""
"Function","UTZ","",""
"Function","UU","",""
"Function","UUA","",""
"Function","UUB","",""
"Function","UUC","",""
"Function","UUD","",""
"Function","UUE","",""
"Function","UUF","",""
"Function","UUG","",""
"Function","UUH","",""
"Function","UUJ","",""
"Function","UUK","",""
"Function","UUL","",""
"Function","UUM","",""
"Function","UUN","",""
"Function","UUP","",""
"Function","UUQ","",""
"Function","UUR","",""
"Function","UUS","",""
"Function","UUT","",""
"Function","UUU","",""
"Function","UUV","",""
"Function","UUW","",""
"Function","UUX","",""
"Function","UUY","",""
"Function","UUZ","",""
"Function","UV","",""
"Function","UVA","",""
"Function","UVB","",""
"Function","UVC","",""
"Function","UVD","",""
"Function","UVE","",""
"Function","UVF","",""
"Function","UVG","",""
"Function","UVH","",""
"Function","UVJ","",""
"Function","UVK","",""
"Function","UVL","",""
"Function","UVM","",""
"Function","UVN","",""
"Function","UVP","",""
"Function","UVQ","",""
"Function","UVR","",""
"Function","UVS","",""
"Function","UVT","",""
"Function","UVU","",""
"Function","UVV","",""
"Function","UVW","",""
"Function","UVX","",""
"Function","UVY","",""
"Function","UVZ","",""
"Function","UX","",""
"Function","UXA","",""
"Function","UXB","",""
"Function","UXC","",""
"Function","UXD","",""
"Function","UXE","",""
"Function","UXF","",""
"Function","UXG","",""
"Function","UXH","",""
"Function","UXJ","",""
"Function","UXK","",""
"Function","UXL","",""
"Function","UXM","",""
"Function","UXN","",""
"Function","UXP","",""
"Function","UXQ","",""
"Function","UXR","",""
"Function","UXS","",""
"Function","UXT","",""
"Function","UXU","",""
"Function","UXV","",""
"Function","UXW","",""
"Function","UXX","",""
"Function","UXY","",""
"Function","UXZ","",""
"Function","UY","",""
"Function","UYA","",""
"Function","UYB","",""
"Function","UYC","",""
"Function","UYD","",""
"Function","UYE","",""
"Function","UYF","",""
"Function","UYG","",""
"Function","UYH","",""
"Function","UYJ","",""
"Function","UYN","",""
"Function","UYP","",""
"Function","UYQ","",""
"Function","UYR","",""
"Function","UYS","",""
"Function","UYX","",""
"Function","UYY","",""
"Function","UYZ","",""
"Function","UZ","",""
"Function","UZA","",""
"Function","UZC","",""
"Function","UZD","",""
"Function","UZE","",""
"Function","UZF","",""
"Function","UZJ","",""
"Function","UZK","",""
"Function","UZL","",""
"Function","UZM","",""
"Function","UZN","",""
"Function","UZP","",""
"Function","UZQ","",""
"Function","UZR","",""
"Function","UZS","",""
"Function","UZT","",""
"Function","UZU","",""
"Function","UZW","",""
"Function","UZX","",""
"Function","UZY","",""
"Function","UZZ","",""
"Function","UAA","",""
"Function","W","",""
"Function","WA","",""
"Function","WAB","",""
"Function","WAC","",""
"Function","WAD","",""
"Function","WAE","",""
"Function","WAF","",""
"Function","WAG","",""
"Function","WAH","",""
"Function","WAJ","",""
"Function","WAK","",""
"Function","WAL","",""
"Function","WAM","",""
"Function","WAN","",""
"Function","WAP","",""
"Function","WAQ","",""
"Function","WAR","",""
"Function","WAS","",""
"Function","WAT","",""
"Function","WAU","",""
"Function","WAV","",""
"Function","WAW","",""
"Function","WAX","",""
"Function","WAY","",""
"Function","WAZ","",""
"Function","WB","",""
"Function","WBA","",""
"Function","WBB","",""
"Function","WBC","",""
"Function","WBD","",""
"Function","WBE","",""
"Function","WBF","",""
"Function","WBG","",""
"Function","WBH","",""
"Function","WBJ","",""
"Function","WBK","",""
"Function","WBL","",""
"Function","WBM","",""
"Function","WBN","",""
"Function","WBP","",""
"Function","WBQ","",""
"Function","WBR","",""
"Function","WBS","",""
"Function","WBT","",""
"Function","WBU","",""
"Function","WBV","",""
"Function","WBW","",""
"Function","WBX","",""
"Function","WBY","",""
"Function","WBZ","",""
"Function","WC","",""
"Function","WCA","",""
"Function","WCB","",""
"Function","WCC","",""
"Function","WCD","",""
"Function","WCE","",""
"Function","WCF","",""
"Function","WCG","",""
"Function","WCH","",""
"Function","WCJ","",""
"Function","WCK","",""
"Function","WCL","",""
"Function","WCM","",""
"Function","WCN","",""
"Function","WCP","",""
"Function","WCQ","",""
"Function","WCR","",""
"Function","WCS","",""
"Function","WCT","",""
"Function","WCU","",""
"Function","WCV","",""
"Function","WCW","",""
"Function","WCX","",""
"Function","WCY","",""
"Function","WCZ","",""
"Function","WD","",""
"Function","WDA","",""
"Function","WDB","",""
"Function","WDC","",""
"Function","WDD","",""
"Function","WDE","",""
"Function","WDF","",""
"Function","WDG","",""
"Function","WDH","",""
"Function","WDJ","",""
"Function","WDK","",""
"Function","WDL","",""
"Function","WDM","",""
"Function","WDN","",""
"Function","WDP","",""
"Function","WDQ","",""
"Function","WDR","",""
"Function","WDS","",""
"Function","WDT","",""
"Function","WDU","",""
"Function","WDV","",""
"Function","WDW","",""
"Function","WDX","",""
"Function","WDY","",""
"Function","WDZ","",""
"Function","WE","",""
"Function","WEA","",""
"Function","WEB","",""
"Function","WEC","",""
"Function","WED","",""
"Function","WEE","",""
"Function","WEF","",""
"Function","WEG","",""
"Function","WEH","",""
"Function","WEJ","",""
"Function","WEK","",""
"Function","WEL","",""
"Function","WEM","",""
"Function","WEN","",""
"Function","WEP","",""
"Function","WEQ","",""
"Function","WER","",""
"Function","WES","",""
"Function","WET","",""
"Function","WEU","",""
"Function","WEV","",""
"Function","WEW","",""
"Function","WEX","",""
"Function","WEY","",""
"Function","WEZ","",""
"Function","WF","",""
"Function","WFA","",""
"Function","WFB","",""
"Function","WFC","",""
"Function","WFD","",""
"Function","WFE","",""
"Function","WFF","",""
"Function","WFG","",""
"Function","WFH","",""
"Function","WFJ","",""
"Function","WFK","",""
"Function","WFL","",""
"Function","WFM","",""
"Function","WFN","",""
"Function","WFP","",""
"Function","WFQ","",""
"Function","WFR","",""
"Function","WFS","",""
"Function","WFT","",""
"Function","WFU","",""
"Function","WFV","",""
"Function","WFW","",""
"Function","WFX","",""
"Function","WFY","",""
"Function","WFZ","",""
"Function","WG","",""
"Function","WGA","",""
"Function","WGB","",""
"Function","WGC","",""
"Function","WGD","",""
"Function","WGE","",""
"Function","WGF","",""
"Function","WGG","",""
"Function","WGH","",""
"Function","WGJ","",""
"Function","WGK","",""
"Function","WGL","",""
"Function","WGM","",""
"Function","WGN","",""
"Function","WGP","",""
"Function","WGQ","",""
"Function","WGR","",""
"Function","WGS","",""
"Function","WGT","",""
"Function","WGU","",""
"Function","WGV","",""
"Function","WGW","",""
"Function","WGX","",""
"Function","WGY","",""
"Function","WGZ","",""
"Function","WH","",""
"Function","WHA","",""
"Function","WHB","",""
"Function","WHC","",""
"Function","WHD","",""
"Function","WHE","",""
"Function","WHF","",""
"Function","WHG","",""
"Function","WHH","",""
"Function","WHJ","",""
"Function","WHK","",""
"Function","WHL","",""
"Function","WHM","",""
"Function","WHN","",""
"Function","WHP","",""
"Function","WHQ","",""
"Function","WHR","",""
"Function","WHS","",""
"Function","WHT","",""
"Function","WHU","",""
"Function","WHV","",""
"Function","WHW","",""
"Function","WHX","",""
"Function","WHY","",""
"Function","WHZ","",""
"Function","WJ","",""
"Function","WJA","",""
"Function","WJB","",""
"Function","WJC","",""
"Function","WJD","",""
"Function","WJE","",""
"Function","WJF","",""
"Function","WJG","",""
"Function","WJH","",""
"Function","WJJ","",""
"Function","WJK","",""
"Function","WJL","",""
"Function","WJM","",""
"Function","WJN","",""
"Function","WJP","",""
"Function","WJQ","",""
"Function","WJR","",""
"Function","WJS","",""
"Function","WJT","",""
"Function","WJU","",""
"Function","WJV","",""
"Function","WJW","",""
"Function","WJX","",""
"Function","WJY","",""
"Function","WJZ","",""
"Function","WK","",""
"Function","WKA","",""
"Function","WKB","",""
"Function","WKC","",""
"Function","WKD","",""
"Function","WKE","",""
"Function","WKF","",""
"Function","WKG","",""
"Function","WKH","",""
"Function","WKJ","",""
"Function","WKK","",""
"Function","WKL","",""
"Function","WKM","",""
"Function","WKN","",""
"Function","WKP","",""
"Function","WKQ","",""
"Function","WKR","",""
"Function","WKS","",""
"Function","WKT","",""
"Function","WKU","",""
"Function","WKV","",""
"Function","WKW","",""
"Function","WKX","",""
"Function","WKY","",""
"Function","WKZ","",""
"Function","WL","",""
"Function","WLA","",""
"Function","WLB","",""
"Function","WLC","",""
"Function","WLD","",""
"Function","WLE","",""
"Function","WLF","",""
"Function","WLG","",""
"Function","WLH","",""
"Function","WLJ","",""
"Function","WLK","",""
"Function","WLL","",""
"Function","WLM","",""
"Function","WLN","",""
"Function","WLP","",""
"Function","WLQ","",""
"Function","WLR","",""
"Function","WLS","",""
"Function","WLT","",""
"Function","WLU","",""
"Function","WLV","",""
"Function","WLW","",""
"Function","WLX","",""
"Function","WLY","",""
"Function","WLZ","",""
"Function","WM","",""
"Function","WMA","",""
"Function","WMB","",""
"Function","WMC","",""
"Function","WMD","",""
"Function","WME","",""
"Function","WMF","",""
"Function","WMG","",""
"Function","WMH","",""
"Function","WMJ","",""
"Function","WMK","",""
"Function","WML","",""
"Function","WMM","",""
"Function","WMN","",""
"Function","WMP","",""
"Function","WMQ","",""
"Function","WMR","",""
"Function","WMS","",""
"Function","WMT","",""
"Function","WMU","",""
"Function","WMV","",""
"Function","WMW","",""
"Function","WMX","",""
"Function","WMY","",""
"Function","WMZ","",""
"Function","WN","",""
"Function","WNA","",""
"Function","WNB","",""
"Function","WNC","",""
"Function","WND","",""
"Function","WNE","",""
"Function","WNF","",""
"Function","WNG","",""
"Function","WNH","",""
"Function","WNJ","",""
"Function","WNK","",""
"Function","WNL","",""
"Function","WNM","",""
"Function","WNN","",""
"Function","WNP","",""
"Function","WNQ","",""
"Function","WNR","",""
"Function","WNS","",""
"Function","WNT","",""
"Function","WNU","",""
"Function","WNV","",""
"Function","WNW","",""
"Function","WNX","",""
"Function","WNY","",""
"Function","WNZ","",""
"Function","WP","",""
"Function","WPA","",""
"Function","WPB","",""
"Function","WPC","",""
"Function","WPD","",""
"Function","WPE","",""
"Function","WPF","",""
"Function","WPG","",""
"Function","WPH","",""
"Function","WPJ","",""
"Function","WPK","",""
"Function","WPL","",""
"Function","WPM","",""
"Function","WPN","",""
"Function","WPP","",""
"Function","WPQ","",""
"Function","WPR","",""
"Function","WPS","",""
"Function","WPT","",""
"Function","WPU","",""
"Function","WPV","",""
"Function","WPW","",""
"Function","WPX","",""
"Function","WPY","",""
"Function","WPZ","",""
"Function","WQ","",""
"Function","WQA","",""
"Function","WQB","",""
"Function","WQC","",""
"Function","WQD","",""
"Function","WQE","",""
"Function","WQF","",""
"Function","WQG","",""
"Function","WQH","",""
"Function","WQJ","",""
"Function","WQK","",""
"Function","WQL","",""
"Function","WQM","",""
"Function","WQN","",""
"Function","WQP","",""
"Function","WQQ","",""
"Function","WQR","",""
"Function","WQS","",""
"Function","WQT","",""
"Function","WQU","",""
"Function","WQV","",""
"Function","WQW","",""
"Function","WQX","",""
"Function","WQY","",""
"Function","WQZ","",""
"Function","WR","",""
"Function","WRA","",""
"Function","WRB","",""
"Function","WRC","",""
"Function","WRD","",""
"Function","WRE","",""
"Function","WRF","",""
"Function","WRG","",""
"Function","WRH","",""
"Function","WRJ","",""
"Function","WRK","",""
"Function","WRL","",""
"Function","WRM","",""
"Function","WRN","",""
"Function","WRP","",""
"Function","WRQ","",""
"Function","WRR","",""
"Function","WRS","",""
"Function","WRT","",""
"Function","WRU","",""
"Function","WRV","",""
"Function","WRW","",""
"Function","WRX","",""
"Function","WRY","",""
"Function","WRZ","",""
"Function","WS","",""
"Function","WSA","",""
"Function","WSB","",""
"Function","WSC","",""
"Function","WSD","",""
"Function","WSE","",""
"Function","WSF","",""
"Function","WSG","",""
"Function","WSH","",""
"Function","WSJ","",""
"Function","WSK","",""
"Function","WSL","",""
"Function","WSM","",""
"Function","WSN","",""
"Function","WSP","",""
"Function","WSQ","",""
"Function","WSR","",""
"Function","WSS","",""
"Function","WST","",""
"Function","WSU","",""
"Function","WSV","",""
"Function","WSW","",""
"Function","WSX","",""
"Function","WSY","",""
"Function","WSZ","",""
"Function","WT","",""
"Function","WTA","",""
"Function","WTB","",""
"Function","WTC","",""
"Function","WTD","",""
"Function","WTE","",""
"Function","WTF","",""
"Function","WTG","",""
"Function","WTH","",""
"Function","WTJ","",""
"Function","WTK","",""
"Function","WTL","",""
"Function","WTM","",""
"Function","WTN","",""
"Function","WTP","",""
"Function","WTQ","",""
"Function","WTR","",""
"Function","WTS","",""
"Function","WTT","",""
"Function","WTU","",""
"Function","WTX","",""
"Function","WTY","",""
"Function","WV","",""
"Function","WVA","",""
"Function","WVB","",""
"Function","WVC","",""
"Function","WVD","",""
"Function","WVE","",""
"Function","WVF","",""
"Function","WVG","",""
"Function","WVH","",""
"Function","WVJ","",""
"Function","WVK","",""
"Function","WVL","",""
"Function","WVM","",""
"Function","WVN","",""
"Function","WVP","",""
"Function","WVQ","",""
"Function","WVR","",""
"Function","WVS","",""
"Function","WVT","",""
"Function","WVU","",""
"Function","WW","",""
"Function","WWA","",""
"Function","WWB","",""
"Function","WWC","",""
"Function","WWD","",""
"Function","WWE","",""
"Function","WWF","",""
"Function","WWG","",""
"Function","WWH","",""
"Function","WWJ","",""
"Function","WWK","",""
"Function","WWL","",""
"Function","WWM","",""
"Function","WWN","",""
"Function","WWP","",""
"Function","WWQ","",""
"Function","WWR","",""
"Function","WWS","",""
"Function","WWT","",""
"Function","WWU","",""
"Function","WX","",""
"Function","WXA","",""
"Function","WXB","",""
"Function","WXC","",""
"Function","WXD","",""
"Function","WXE","",""
"Function","WXF","",""
"Function","WXG","",""
"Function","WXH","",""
"Function","WXJ","",""
"Function","WXK","",""
"Function","WXL","",""
"Function","WXM","",""
"Function","WXN","",""
"Function","WXP","",""
"Function","WXQ","",""
"Function","WXR","",""
"Function","WXS","",""
"Function","WXT","",""
"Function","WXU","",""
"Function","WY","",""
"Function","WYA","",""
"Function","WYB","",""
"Function","WYC","",""
"Function","WYD","",""
"Function","WYE","",""
"Function","WYF","",""
"Function","WYG","",""
"Function","WYH","",""
"Function","WYJ","",""
"Function","WYK","",""
"Function","WYL","",""
"Function","WYM","",""
"Function","WYN","",""
"Function","WYP","",""
"Function","WYQ","",""
"Function","WYR","",""
"Function","WYS","",""
"Function","WYT","",""
"Function","WYU","",""
"Function","WAA","",""
"Function","X","",""
"Function","XA","",""
"Function","XAB","",""
"Function","XAC","",""
"Function","XAD","",""
"Function","XAG","",""
"Function","XAH","",""
"Function","XAJ","",""
"Function","XAK","",""
"Function","XAL","",""
"Function","XAM","",""
"Function","XAN","",""
"Function","XAP","",""
"Function","XAQ","",""
"Function","XAV","",""
"Function","XAW","",""
"Function","XAX","",""
"Function","XAY","",""
"Function","XB","",""
"Function","XBA","",""
"Function","XBB","",""
"Function","XBC","",""
"Function","XBD","",""
"Function","XBH","",""
"Function","XBJ","",""
"Function","XBK","",""
"Function","XBL","",""
"Function","XBM","",""
"Function","XBN","",""
"Function","XBP","",""
"Function","XBQ","",""
"Function","XBR","",""
"Function","XBS","",""
"Function","XBT","",""
"Function","XBU","",""
"Function","XBV","",""
"Function","XBW","",""
"Function","XBX","",""
"Function","XBY","",""
"Function","XBZ","",""
"Function","XE","",""
"Function","XEA","",""
"Function","XEB","",""
"Function","XED","",""
"Function","XEG","",""
"Function","XEK","",""
"Function","XEL","",""
"Function","XES","",""
"Function","XEV","",""
"Function","XEW","",""
"Function","XEX","",""
"Function","XEY","",""
"Function","XG","",""
"Function","XGA","",""
"Function","XGB","",""
"Function","XGD","",""
"Function","XGK","",""
"Function","XGL","",""
"Function","XGM","",""
"Function","XGS","",""
"Function","XGV","",""
"Function","XGW","",""
"Function","XGX","",""
"Function","XGY","",""
"Function","XJ","",""
"Function","XJA","",""
"Function","XJB","",""
"Function","XJG","",""
"Function","XJH","",""
"Function","XJK","",""
"Function","XJN","",""
"Function","XJP","",""
"Function","XJQ","",""
"Function","XJR","",""
"Function","XJV","",""
"Function","XJW","",""
"Function","XJX","",""
"Function","XJY","",""
"Function","XK","",""
"Function","XKA","",""
"Function","XKB","",""
"Function","XKC","",""
"Function","XKD","",""
"Function","XKF","",""
"Function","XKG","",""
"Function","XKH","",""
"Function","XKJ","",""
"Function","XKQ","",""
"Function","XKU","",""
"Function","XKV","",""
"Function","XKW","",""
"Function","XKX","",""
"Function","XKY","",""
"Function","XL","",""
"Function","XLA","",""
"Function","XLC","",""
"Function","XLD","",""
"Function","XLF","",""
"Function","XLG","",""
"Function","XLH","",""
"Function","XLQ","",""
"Function","XLU","",""
"Function","XLV","",""
"Function","XLW","",""
"Function","XLX","",""
"Function","XLY","",""
"Function","XP","",""
"Function","XPA","",""
"Function","XPB","",""
"Function","XPG","",""
"Function","XPR","",""
"Function","XPS","",""
"Function","XR","",""
"Function","XRA","",""
"Function","XRB","",""
"Function","XRC","",""
"Function","XRD","",""
"Function","XRE","",""
"Function","XRF","",""
"Function","XRG","",""
"Function","XRH","",""
"Function","XRJ","",""
"Function","XRK","",""
"Function","XRL","",""
"Function","XRM","",""
"Function","XRN","",""
"Function","XRP","",""
"Function","XRQ","",""
"Function","XRR","",""
"Function","XRS","",""
"Function","XRT","",""
"Function","XRU","",""
"Function","XRV","",""
"Function","XRW","",""
"Function","XRX","",""
"Function","XRY","",""
"Function","XV","",""
"Function","XVA","",""
"Function","XVB","",""
"Function","XVC","",""
"Function","XVD","",""
"Function","XVE","",""
"Function","XVF","",""
"Function","XVG","",""
"Function","XVH","",""
"Function","XVJ","",""
"Function","XVK","",""
"Function","XVL","",""
"Function","XVM","",""
"Function","XVN","",""
"Function","XVP","",""
"Function","XVQ","",""
"Function","XVR","",""
"Function","XVS","",""
"Function","XVT","",""
"Function","XVU","",""
"Function","XW","",""
"Function","XWA","",""
"Function","XWB","",""
"Function","XWC","",""
"Function","XWD","",""
"Function","XWE","",""
"Function","XWF","",""
"Function","XWG","",""
"Function","XWH","",""
"Function","XWJ","",""
"Function","XWK","",""
"Function","XWL","",""
"Function","XWM","",""
"Function","XWN","",""
"Function","XWP","",""
"Function","XWQ","",""
"Function","XWR","",""
"Function","XWS","",""
"Function","XWT","",""
"Function","XWU","",""
"Function","XX","",""
"Function","XXA","",""
"Function","XXB","",""
"Function","XXC","",""
"Function","XXD","",""
"Function","XXE","",""
"Function","XXF","",""
"Function","XXG","",""
"Function","XXH","",""
"Function","XXJ","",""
"Function","XXK","",""
"Function","XXL","",""
"Function","XXM","",""
"Function","XXN","",""
"Function","XXP","",""
"Function","XXQ","",""
"Function","XXR","",""
"Function","XXS","",""
"Function","XXT","",""
"Function","XXU","",""
"Function","XY","",""
"Function","XYA","",""
"Function","XYB","",""
"Function","XYC","",""
"Function","XYD","",""
"Function","XYE","",""
"Function","XYF","",""
"Function","XYG","",""
"Function","XYH","",""
"Function","XYJ","",""
"Function","XYK","",""
"Function","XYL","",""
"Function","XYM","",""
"Function","XYN","",""
"Function","XYP","",""
"Function","XYQ","",""
"Function","XYR","",""
"Function","XYS","",""
"Function","XYT","",""
"Function","XYU","",""
"Function","XAA","",""
"Function","Z","",""
"Function","ZA","",""
"Function","ZB","",""
"Function","ZC","",""
"Function","ZD","",""
"Function","ZE","",""
"Function","ZF","",""
"Function","ZG","",""
"Function","ZH","",""
"Function","ZJ","",""
"Function","ZK","",""
"Function","ZL","",""
"Function","ZM","",""
"Function","ZN","",""
"Function","ZP","",""
"Function","ZQ","",""
"Function","ZR","",""
"Function","ZS","",""
"Function","ZT","",""
"Function","ZU","",""
"Function","ZV","",""
"Function","ZW","",""
"Function","ZX","",""
"Function","ZY","",""
"Function","ZZ","",""
