"SortNo","Section","Code","Description"
"1","HOME","O","SAMLET PROJEKT"
"2","HOME","A","NET- OG FORDELINGSANLÆG"
"3","HOME","B","GENERATORSKINNER, MASKINTRANSFORMER OG EGETFORBRUGSANLÆG"
"4","HOME","C","KONTROLANLÆG"
"5","HOME","D","-"
"6","HOME","E","BRÆNDSELSFORSYNING OG BORTSKAFFELSE AF RESTPRODUKTER (HERUNDER ASKE OG SLAGGE)"
"7","HOME","F","NUKLEAR"
"8","HOME","G","VANDFORSYNING OG SPILDEVANDSBEHANDLING"
"9","HOME","H","KEDELANLÆG"
"10","HOME","J","NUKLEAR"
"11","HOME","K","NUKLEAR"
"12","HOME","L","DAMP-, VAND- OG GASKREDSLØB"
"13","HOME","M","HOVEDMASKINANLÆG"
"14","HOME","N","PROCESENERGIANLÆG FOR EKSTERNE FORBRUGERE (EX. PROCESDAMP, FJERNVARME)"
"15","HOME","P","KØLEVANDSANLÆG"
"16","HOME","Q","HJÆLPEANLÆG FOR BLOK"
"17","HOME","R","FREMSTILLING OG BEHANDLING AF GAS"
"18","HOME","S","SERVICEANLÆG"
"19","HOME","T","-"
"20","HOME","U","BYGNINGSANLÆG"
"21","HOME","V","-"
"22","HOME","W","VEDVARENDE ENERGI ANLÆG"
"23","HOME","X","STØRRE MASKINENHEDER (IKKE HOVEDMASKINANLÆG)"
"24","HOME","Y","-"
"25","HOME","Z","DRIFTS- OG FORRETNINGSUDSTYR"
"26","A","AO","OVERORDNET, ALMENT, TVÆRGÅENDE FOR NET- OG FORDELINGSANLÆG Må og kan ikke anvendes til komponentnummerering"
"27","A","AB","> 400 kV-ANLÆG"
"28","A","AC","400 kV-ANLÆG"
"29","A","AD","220 kV-ANLÆG"
"30","A","AE","132-150 kV-ANLÆG"
"31","A","AF","60-kV-ANLÆG"
"32","A","AG","50 kV-ANLÆG"
"33","A","AH","30 kV-ANLÆG"
"34","A","AJ","20 kV-ANLÆG"
"35","A","AK","10 kV- ANLÆG"
"36","A","AL","6 kV-ANLÆG"
"37","A","AM","1-3 kV-ANLÆG"
"38","A","AN","< 1 kV-ANLÆG"
"39","A","AP","PULTE"
"40","A","AQ","MÅLE- OG TÆLLEUDSTYR"
"41","A","AR","BESKYTTELSESUDSTYR"
"42","A","AS","DECENTRALE TAVLER OG SKABE"
"43","A","AT","OMFORMERE"
"44","A","AU","UDSTYR TIL STYRING, TILBAGEMELDING SAMT HJÆLPEUDSTYR"
"45","A","AV","RANGERFORDELER"
"46","A","AW","STYREPULT OG TAVLER"
"47","A","AX","CENTRALT UDSTYR (F.EKS. PROCESDATAMASKINE)"
"48","A","AY","KOMMUNIKATIONSANLÆG"
"49","A","AOA","ALMENT"
"50","A","AOB","HOVEDDATA"
"51","A","AOC","UNDERSØGELSER, BUDGET, BEVILLINGER"
"52","A","AOD","PLANLÆGNING, TID OG RESSOURCER"
"53","A","AOE","ORDRE OG ORDREKORRESPONDANCE"
"54","A","AOF","MYNDIGHEDER, SIKKERHED, KVALITETSKONTROL"
"55","A","AOG","MØDEREFERATER"
"56","A","AOH","LAYOUT"
"57","A","AOJ","DRIFT OG VEDLIGEHOLDELSE"
"58","A","AOK","KABELVEJE"
"59","A","AOL","KABLER, HØJSPÆNDING"
"60","A","AOM","KABLER, LAVSPÆNDING"
"61","A","AOR","DIVERSE INSTALLATIONSMATERIEL"
"62","A","AOW","JORDINGSANLÆG"
"63","A","AB",">400 kV-ANLÆG"
"64","A","ABO","GENERELT, ALMENT, TVÆRGÅENDE FOR > 400 kV-ANLÆG Må og kan ikke anvendes til komponentnummerering"
"65","A","ACO","GENERELT, ALMENT, TVÆRGÅENDE FOR 400 kV-ANLÆG Må og kan ikke anvendes til komponentnummerering"
"66","A","ACA","400 kV-FRILUFTSKOBLINGSSTATION"
"67","A","ACB","400 kV-INDENDØRSANLÆG"
"68","A","ADO","GENERELT, ALMENT, TVÆRGÅENDE FOR 220 kV-ANLÆG Må og kan ikke anvendes til komponentnummerering"
"69","A","AEO","GENERELT, ALMENT, TVÆRGÅENDE FOR 132-150 kV-ANLÆG Må og kan ikke anvendes til komponentnummerering"
"70","A","AEA","132-150 kV-FRILUFTSKOBLINGSSTATION"
"71","A","AEB","132-150 kV-INDENDØRSANLÆG"
"72","A","AF","60 kV-ANLÆG"
"73","A","AFO","GENERELT, ALMENT, TVÆRGÅENDE FOR 60 kV-ANLÆG Må og kan ikke anvendes til komponentnummerering"
"74","A","AFA","60 kV FRILUFTSKOBLINGSSTATION"
"75","A","AFB","60 kV INDENDØRSANLÆG"
"76","A","AGO","GENERELT, ALMENT, TVÆRGÅENDE FOR 50 kV-ANLÆG Må og kan ikke anvendes til komponentnummerering"
"77","A","AGA","50 kV-FRILUFTSKOBLINGSSTATION"
"78","A","AGB","50 kV-INDENDØRSANLÆG"
"79","A","AHO","GENERELT, ALMENT, TVÆRGÅENDE FOR 30 kV-ANLÆG Må og kan ikke anvendes til komponentnummerering"
"80","A","AJO","GENERELT, ALMENT, TVÆRGÅENDE FOR 20 kV-ANLÆG Må og kan ikke anvendes til komponentnummerering"
"81","A","AK","10 kV-ANLÆG"
"82","A","AKO","GENERELT, ALMENT, TVÆRGÅENDE FOR 10 kV-ANLÆG Må og kan ikke anvendes til komponentnummerering"
"83","A","ALO","GENERELT, ALMENT, TVÆRGÅENDE FOR 6 kV-ANLÆG Må og kan ikke anvendes til komponentnummerering"
"84","A","AMO","GENERELT, ALMENT, TVÆRGÅENDE FOR 1-3 kV-ANLÆG Må og kan ikke anvendes til komponentnummerering"
"85","A","ANO","GENERELT, ALMENT, TVÆRGÅENDE FOR < 1 kV-ANLÆG Må og kan ikke anvendes til komponentnummerering"
"86","A","ANA","TAVLEANLÆG 500-1000 V AC"
"87","A","ANB","TAVLEANLÆG 500-1000 V AC"
"88","A","ANC","TAVLEANLÆG 500-1000 V AC"
"89","A","ANE","LAVSPÆNDINGSTAVLER 220/380 V AC"
"90","A","ANF","LAVSPÆNDINGSTAVLER 220/380 V AC"
"91","A","ANG","LAVSPÆNDINGSTAVLER 220/380 V AC"
"92","A","ANH","LAVSPÆNDINGSTAVLER 220/380 V AC"
"93","A","ANK","JÆVNSTRØMSTAVLER 220/110 V"
"94","A","ANL","JÆVNSTRØMSTAVLER 220/110 V"
"95","A","ANM","JÆVNSTRØMSTAVLER 220/110 V"
"96","A","ANN","JÆVNSTRØMSTAVLER 220/110 V"
"97","A","ANQ","JÆVNSTRØMSTAVLER 60/48 V"
"98","A","ANR","JÆVNSTRØMSTAVLER 60/48 V"
"99","A","ANS","JÆVNSTRØMSTAVLER 60/48 V"
"100","A","ANU","JÆVNSTRØMSTAVLER 24/12 V"
"101","A","ANV","JÆVNSTRØMSTAVLER 24/12 V"
"102","A","ANW","JÆVNSTRØMSTAVLER 24/12 V"
"103","A","APO","GENERELT, ALMENT, TVÆRGÅENDE FOR PULTE Må og kan ikke anvendes til komponentnummerering"
"104","A","AQO","GENERELT, ALMENT, TVÆRGÅENDE FOR MÅLE- OG TÆLLEUDSTYR Må og kan ikke anvendes til komponentnummerering"
"105","A","ARO","GENERELT, ALMENT, TVÆRGÅENDE FOR BESKYTTELSESUDSTYR Må og kan ikke anvendes til komponentnummerering"
"106","A","ASO","GENERELT, ALMENT, TVÆRGÅENDE FOR DECENTRALE TAVLER OG SKABE Må og kan ikke anvendes til komponentnummerering"
"107","A","ASA","EFFEKTAFBRYDER TILBEHØR"
"108","A","ASB","MANGFOLDIGGØRELSE, OMSÆTNING, AFKOBLING"
"109","A","ASC","MÅLETRANSFORMERTILBEHØR"
"110","A","ASD","TRYKLUFT, HYDRAULIK"
"111","A","ASJ","AUTOMATIK, REGULERING"
"112","A","ASL","GENINDKOBLINGSUDSTYR, SPÆNDINGSGRUPPEVALG"
"113","A","ASM","MÅLING"
"114","A","ASN","EGETFORBRUG"
"115","A","ASP","SKRIVERE (REGISTRERING)"
"116","A","ASQ","TÆLLERE"
"117","A","ASR","BESKYTTELSE"
"118","A","ASS","SYNKRONISERING"
"119","A","AST","MÅLEVÆRDIOMFORMERE"
"120","A","ASU","TAVLER OG SKABE FOR HJÆLPEUDSTYR"
"121","A","ASV","UNDERFORDELERSKAB"
"122","A","ASW","VISNING, BETJENING, OVERVÅGNING"
"123","A","ASX","ALARMER"
"124","A","ATO","GENERELT, ALMENT, TVÆRGÅENDE FOR OMFORMERE Må og kan ikke anvendes til komponentnummerering"
"125","A","AUO","GENERELT, ALMENT, TVÆRGÅENDE FOR UDSTYR TIL STYRING, TILBAGEMELDING SAMT HJÆLPEUDSTYR Må og kan ikke anvendes til komponentnummerering"
"126","A","AVO","GENERELT, ALMENT, TVÆRGÅENDE FOR RANGERFORDELER Må og kan ikke anvendes til komponentnummerering"
"127","A","AW","STYREPULT OG -TAVLER"
"128","A","AWO","GENERELT, ALMENT, TVÆRGÅENDE FOR STYREPULT OG -TAVLER Må og kan ikke anvendes til komponentnummerering"
"129","A","AXO","GENERELT, ALMENT, TVÆRGÅENDE FOR CENTRALT UDSTYR (F.EKS. PROCESDATAMASKINE) Må og kan ikke anvendes til komponentnummerering"
"130","A","AYO","GENERELT, ALMENT, TVÆRGÅENDE FOR KOMMUNIKATIONSANLÆG. Må og kan ikke anvendes til komponentnummerering"
"131","A","AYA","TELEFONANLÆG (CENTRALANLÆG)"
"132","A","AYB","PULTTELEFON"
"133","A","AYC","ALARMANLÆG, AKUSTISK"
"134","A","AYD","ALARMANLÆG, OPTISK"
"135","A","AYE","BRANDMELDEANLÆG"
"136","A","AYF","URANLÆG"
"137","A","AYG","FJERNSTYRINGSANLÆG"
"138","A","AYH","FJERNMÅLEANLÆG"
"139","A","AYJ","FJERNTÆLLEANLÆG"
"140","A","AYK","BFH-TELEFONANLÆG"
"141","A","AYL","PERSONSØGEANLÆG (TRÅDLØS)"
"142","A","AYM","PERSONSØGEANLÆG (INDUKTIV)"
"143","A","AYN","PERSONSØGEANLÆG (TRÅDBUNDET)"
"144","A","AYP","OPTISK OVERVÅGNINGSANLÆG"
"145","A","AYQ","OVERORDNET GASMELDEANLÆG"
"146","A","AYS","RADIOANLÆG"
"147","B","BO","OVERORDNET, ALMENT, TVÆRGÅENDE FOR GENERATORSKINNER, MASKINTRANSFORMER OG EGETFORBRUGSANLÆG Må og kan ikke anvendes til komponentnummerering"
"148","B","BA","GENERATORSKINNER OG MASKINTRANSFORMER"
"149","B","BB","HØJSPÆNDINGSHOVEDFORDELING OG TRANSFORMERE FOR BLOKANLÆG OG BATTERI ENERGI LAGRINGSSYSTEMER (BESS)"
"150","B","BC","HØJSPÆNDINGSHOVEDFORDELING OG TRANSFORMERE FOR FÆLLESANLÆG"
"151","B","BD","HØJSPÆNDINGSNØDSTRØMSFORDELING OG TRANSFORMERE (DIESEL-) NØDSTRØMSNET (NØDSTARTANLÆG)"
"152","B","BF","LAVSPÆNDINGSHOVEDFORDELING OG TRANSFORMERE FOR BLOKANLÆG"
"153","B","BG","LAVSPÆNDINGSFORDELING OG TRANSFORMERE (Anvendes såfremt der ikke er plads nok under *BF, BH, BJ, BK og BL)"
"154","B","BH","LAVSPÆNDINGSHOVEDFORDELING OG TRANSFORMERE FOR FÆLLESANLÆG"
"155","B","BJ","LAVSPÆNDINGSUNDERFORDELING OG TRANSFORMERE FOR BLOKANLÆG"
"156","B","BK","LAVSPÆNDINGSFORDELING OG TRANSFORMERE (Anvendes såfremt der ikke er plads nok under *BF, BG, BH, BJ og BL)"
"157","B","BL","LAVSPÆNDINGSUNDERFORDELING OG TRANSFORMERE FOR FÆLLESANLÆG"
"158","B","BM","LAVSPÆNDINGSFORDELING OG TRANSFORMERE (DIESEL-), NØDSTRØMSNET (BLOKANLÆG)"
"159","B","BN","LAVSPÆNDINGSFORDELING OG TRANSFORMERE (DIESEL-), NØDSTRØMSNET (NØDSTARTANLÆG)"
"160","B","BP","STÆRKSTRØMSTEKNISK UDSTYR FOR STORE ELEKTRISKE OMDREJNINGSREGULEREDE MOTORER"
"161","B","BQ","UNDERFORDELERE (ikke VGB standard)"
"162","B","BR","LAVSPÆNDINGSFORDELING, SIKRET VEKSELSPÆNDING"
"163","B","BT","BATTERIANLÆG"
"164","B","BU","JÆVNSTRØMSFORDELING"
"165","B","BV","JÆVNSTRØMSFORDELING, NØDSTRØMSNET (BLOKANLÆG)"
"166","B","BW","JÆVNSTRØMSFORDELING, NØDSTRØMSNET (NØDSTARTANLÆG)"
"167","B","BX","STYREMEDIUMFORSYNING TIL STYRINGS-, REGULERINGS- OG BESKYTTELSESUDSTYR"
"168","B","BY","STYRINGS-, REGULERINGS- OG BESKYTTELSESUDSTYR"
"169","B","BOA","ALMENT"
"170","B","BOB","HOVEDDATA"
"171","B","BOC","UNDERSØGELSER, BUDGET, BEVILLINGER"
"172","B","BOD","PLANLÆGNING, TID OG RESSOURCER"
"173","B","BOE","ORDRE OG ORDREKORRESPONDANCE"
"174","B","BOF","MYNDIGHEDER, SIKKERHED, KVALITETSKONTROL"
"175","B","BOG","MØDEREFERATER"
"176","B","BOH","LAYOUT"
"177","B","BOJ","DRIFT OG VEDLIGEHOLDELSE"
"178","B","BOK","KABELVEJE"
"179","B","BOL","KABLER, HØJSPÆNDING"
"180","B","BOM","KABLER, LAVSPÆNDING"
"181","B","BON","MOTORER TIL HØJSPÆNDING"
"182","B","BOP","MOTORER TIL LAVSPÆNDING"
"183","B","BOQ","VENTILDREV"
"184","B","BOR","DIVERSE INSTALLATIONSMATERIEL"
"185","B","BOS","TRANSFORMER"
"186","B","BOT","KABELBEREGNINGER"
"187","B","BOU","MOTORLISTER"
"188","B","BOV","VENTILLISTER"
"189","B","BOW","JORDINGSANLÆG"
"190","B","BOX","MOTOR- OG TRANSFORMERBESKYTTELSE"
"191","B","BOY","MONTAGE"
"192","B","BAO","GENERELT, ALMENT, TVÆRGÅENDE FOR GENERATORSKINNER OG MASKINTRANSFORMER Må og kan ikke anvendes til komponentnummerering"
"193","B","BAA","GENERATORSKINNER Fra generatorgennemføringer incl. måletransformere, køle- og ventilationsanlæg incl. stjerne punkt til før primære gennemføringsisolatorer på maskintransformer til før primære gennemføringsisolatorer på blokegetforbrugstransformer"
"194","B","BAB","FUNDAMENTCELLER"
"195","B","BAC","GENERATORAFBRYDER/POLOMKOBLE Fra og med til- og afgangsklemmer incl. køleanlæg"
"196","B","BAE","KONVERTER- & LASTKABINETTER"
"197","B","BAT","MASKINTRANSFORMER Fra og med primære og sekundære isolatorer incl. hjælpesystemer og køleanlæg"
"198","B","BAU","JORDINGSANLÆG (DRIFTSJORD, BESKYTTELSESJORD, LYNAFLEDER) Fra og med jordnet i jorden til og med hovedjordskinne i bygning"
"199","B","BAW","Blokeret – (ændret pr. 13/8-2010) Se BAU"
"200","B","BAX","STYRELUFTFORSYNING"
"201","B","BAY","STYRINGS-, REGULERINGS- OG BESKYTTELSESUDSTYR"
"202","B","BBO","GENERELT, ALMENT, TVÆRGÅENDE FOR HØJSPÆNDINGSHOVEDFORDELING OG TRANSFORMERE FOR BLOKANLÆG Må og kan ikke anvendes til komponentnummerering"
"203","B","BBA","10 kV-HOVEDFORDELING 1 Fra og med til- og afgangsterminaler"
"204","B","BBB","10 kV-HOVEDFORDELING 2 Fra og med til- og afgangsterminaler"
"205","B","BBC","10 kV-HOVEDFORDELING 3 Fra og med til- og afgangsterminaler"
"206","B","BBD","10 kV-HOVEDFORDELING 4 Fra og med til- og afgangsterminaler"
"207","B","BBE","6 kV-HOVEDFORDELING 1 Fra og med til- og afgangsterminaler"
"208","B","BBF","6 kV-HOVEDFORDELING 2 Fra og med til- og afgangsterminaler"
"209","B","BBG","6 kV-HOVEDFORDELING 3 Fra og med til- og afgangsterminaler"
"210","B","BBH","6 kV-HOVEDFORDELING 4 Fra og med til- og afgangsterminaler"
"211","B","BBJ","6 kV-HOVEDFORDELING 5 Fra og med til- og afgangsterminaler"
"212","B","BBK","6 kV-HOVEDFORDELING 6 Fra og med til- og afgangsterminaler"
"213","B","BBL","6 kV-HOVEDFORDELING 7 Fra og med til- og afgangsterminaler"
"214","B","BBM","6 kV-HOVEDFORDELING 8 Fra og med til- og afgangsterminaler"
"215","B","BBN","6 kV-HOVEDFORDELING 9 Fra og med til- og afgangsterminaler"
"216","B","BBP","6 kV-HOVEDFORDELING 10 Fra og med til- og afgangsterminaler"
"217","B","BBQ","6 kV-HOVEDFORDELING 11 Fra og med til- og afgangsterminaler"
"218","B","BBR","6 kV-HOVEDFORDELING 12 Fra og med til- og afgangsterminaler"
"219","B","BBS","6 kV-HOVEDFORDELING 13 Fra og med til- og afgangsterminaler"
"220","B","BBT","BLOKEGETFORBRUGSTRANSFORMER Fra og med primære isolatorer til og med sekundære isolatorer incl. alle hjælpesystemer"
"221","B","BBX","STYREMEDIUMFORSYNING FOR STYRINGS-, REGULERINGS- OG BESKYTTELSESUDSTYR"
"222","B","BBY","STYRINGS-, REGULERINGS- OG BESKYTTELSESUDSTYR"
"223","B","BCO","GENERELT, ALMENT, TVÆRGÅENDE FOR HØJSPÆNDINGSHOVEDFORDELING OG TRANSFORMERE FOR FÆLLESANLÆG Må og kan ikke anvendes til komponentnummerering"
"224","B","BCA","10 kV-HOVEDFORDELING 1 Fra og med til- og afgangsterminaler"
"225","B","BCB","10 kV-HOVEDFORDELING 2 Fra og med til- og afgangsterminaler"
"226","B","BCC","10 kV-HOVEDFORDELING 3 Fra og med til- og afgangsterminaler"
"227","B","BCD","10 kV-HOVEDFORDELING 4 Fra og med til- og afgangsterminaler"
"228","B","BCE","6 kV-HOVEDFORDELING 1 Fra og med til- og afgangsterminaler"
"229","B","BCF","6 kV-HOVEDFORDELING 2 Fra og med til- og afgangsterminaler"
"230","B","BCG","6 kV-HOVEDFORDELING 3 Fra og med til- og afgangsterminaler"
"231","B","BCH","6 kV-HOVEDFORDELING 4 Fra og med til- og afgangsterminaler"
"232","B","BCJ","6 kV-HOVEDFORDELING 5 Fra og med til- og afgangsterminaler"
"233","B","BCK","6 kV-HOVEDFORDELING 6 Fra og med til- og afgangsterminaler"
"234","B","BCL","6 kV-HOVEDFORDELING 7 Fra og med til- og afgangsterminaler"
"235","B","BCM","6 kV-HOVEDFORDELING 8 Fra og med til- og afgangsterminaler"
"236","B","BCN","6 kV-HOVEDFORDELING 9 Fra og med til- og afgangsterminaler"
"237","B","BCP","6 kV-HOVEDFORDELING 10 Fra og med til- og afgangsterminaler"
"238","B","BCQ","6 kV-HOVEDFORDELING 11 Fra og med til- og afgangsterminaler"
"239","B","BCR","6 kV-HOVEDFORDELING 12 Fra og med til- og afgangsterminaler"
"240","B","BCS","6 kV-HOVEDFORDELING 13 Fra og med til- og afgangsterminaler"
"241","B","BCT","FÆLLESEGETFORBRUGSTRANSFORMER Fra og med primære isolatorer til og med sekundære isolatorer incl. alle hjælpesystemer"
"242","B","BCX","STYREMEDIUMFORSYNING FOR STYRINGS-, REGULERINGS- OG BESKYTTELSESUDSTYR"
"243","B","BCY","STYRINGS-, REGULERINGS- OG BESKYTTELSESUDSTYR"
"244","B","BDO","GENERELT, ALMENT, TVÆRGÅENDE FOR HØJSPÆNDINGSNØDSTRØMSFORDELING OG TRANSFORMERE (DIESEL-) NØDSTRØMSNET (NØDSTARTANLÆG) Må og kan ikke anvendes til komponentnummerering"
"245","B","BDA","NØDSTRØMSFORDELING 1 Fra og med til- og afgangsterminaler"
"246","B","BDB","NØDSTRØMSFORDELING 2 Fra og med til- og afgangsterminaler"
"247","B","BDC","NØDSTRØMSFORDELING 3 Fra og med til- og afgangsterminaler"
"248","B","BDD","NØDSTRØMSFORDELING 4 Fra og med til- og afgangsterminaler"
"249","B","BDE","NØDSTRØMSFORDELING 5 Fra og med til- og afgangsterminaler"
"250","B","BDF","NØDSTRØMSFORDELING 6 Fra og med til- og afgangsterminaler"
"251","B","BDG","NØDSTRØMSFORDELING 7 Fra og med til- og afgangsterminaler"
"252","B","BDH","NØDSTRØMSFORDELING 8 Fra og med til- og afgangsterminaler"
"253","B","BDJ","NØDSTRØMSFORDELING 9 Fra og med til- og afgangsterminaler"
"254","B","BDK","NØDSTRØMSFORDELING 10 Fra og med til- og afgangsterminaler"
"255","B","BDL","NØDSTRØMSFORDELING 11 Fra og med til- og afgangsterminaler"
"256","B","BDM","NØDSTRØMSFORDELING 12 Fra og med til- og afgangsterminaler"
"257","B","BDN","NØDSTRØMSFORDELING 13 Fra og med til- og afgangsterminaler"
"258","B","BDP","NØDSTRØMSFORDELING 14 Fra og med til- og afgangsterminaler"
"259","B","BDQ","NØDSTRØMSFORDELING 15 Fra og med til- og afgangsterminaler"
"260","B","BDR","NØDSTRØMSFORDELING 16 Fra og med til- og afgangsterminaler"
"261","B","BDS","NØDSTRØMSFORDELING 17 Fra og med til- og afgangsterminaler"
"262","B","BDT","NØDSTRØMSTRANSFORMER"
"263","B","BDX","STYREMEDIUMFORSYNING FOR STYRINGS-, REGULERINGS- OG BESKYTTELSESUDSTYR"
"264","B","BDY","STYRINGS-, REGULERINGS- OG BESKYTTELSESUDSTYR"
"265","B","BFO","GENERELT, ALMENT, TVÆRGÅENDE FOR LAVSPÆNDINGSHOVEDFORDELING OG TRANSFORMERE FOR BLOKANLÆG Må og kan ikke anvendes til komponentnummerering"
"266","B","BFA","690 V-HOVEDFORDELING 1 Fra og med til- og afgangsterminaler"
"267","B","BFB","690 V-HOVEDFORDELING 2 Fra og med til- og afgangsterminaler"
"268","B","BFC","690 V-HOVEDFORDELING 3 Fra og med til- og afgangsterminaler"
"269","B","BFD","690 V-HOVEDFORDELING 4 Fra og med til- og afgangsterminaler"
"270","B","BFE","400 V-HOVEDFORDELING 1 Fra og med til- og afgangsterminaler"
"271","B","BFF","4000 V-HOVEDFORDELING 2 Fra og med til- og afgangsterminaler"
"272","B","BFG","400 V-HOVEDFORDELING 3 Fra og med til- og afgangsterminaler"
"273","B","BFH","400 V-HOVEDFORDELING 4 Fra og med til- og afgangsterminaler"
"274","B","BFJ","400 V-HOVEDFORDELING 5 Fra og med til- og afgangsterminaler"
"275","B","BFK","400 V-HOVEDFORDELING 6 Fra og med til- og afgangsterminaler"
"276","B","BFL","400 V-HOVEDFORDELING 7 Fra og med til- og afgangsterminaler"
"277","B","BFM","400 V-HOVEDFORDELING 8 Fra og med til- og afgangsterminaler"
"278","B","BFN","400 V-HOVEDFORDELING 9 Fra og med til- og afgangsterminaler"
"279","B","BFP","400 V-HOVEDFORDELING 10 Fra og med til- og afgangsterminaler"
"280","B","BFQ","400 V-HOVEDFORDELING 11 Fra og med til- og afgangsterminaler"
"281","B","BFR","400 V-HOVEDFORDELING 12 Fra og med til- og afgangsterminaler"
"282","B","BFS","400 V-HOVEDFORDELING 13 Fra og med til- og afgangsterminaler"
"283","B","BFT","LAVSPÆNDINGSEGETFORBRUGSTRANSFORMER Fra og med til- og afgangsterminaler"
"284","B","BFU","LAVSPÆNDINGSEGETFORBRUGSTRANSFORMER Fra og med til- og afgangsterminaler"
"285","B","BFV","LAVSPÆNDINGSEGETFORBRUGSTRANSFORMER Fra og med til- og afgangsterminaler"
"286","B","BFW","LAVSPÆNDINGSEGETFORBRUGSTRANSFORMER Fra og med til- og afgangsterminaler"
"287","B","BFX","STYREMEDIUMFORSYNING FOR STYRINGS-, REGULERINGS- OG BESKYTTELSESUDSTYR"
"288","B","BFY","STYRINGS-, REGULERINGS- OG BESKYTTELSESUDSTYR"
"289","B","BG","LAVSPÆNDINGSFORDELING OG TRANSFORMERE (Anvendes såfremt der ikke er plads nok under *BF, BH, BJ, BJ og BL)"
"290","B","BGO","GENERELT, ALMENT, TVÆRGÅENDE FOR LAVSPÆNDINGSFORDELING OG TRANSFORMERE FOR FÆLLESANLÆG Må og kan ikke anvendes til komponentnummerering"
"291","B","BHO","GENERELT, ALMENT, TVÆRGÅENDE FOR LAVSPÆNDINGSHOVEDFORDELING OG TRANSFORMERE FOR FÆLLESANLÆG Må og kan ikke anvendes til komponentnummerering"
"292","B","BHA","690 V-HOVEDFORDELING 1 Fra og med til- og afgangsterminaler"
"293","B","BHB","690 V-HOVEDFORDELING 2 Fra og med til- og afgangsterminaler"
"294","B","BHC","690 V-HOVEDFORDELING 3 Fra og med til- og afgangsterminaler"
"295","B","BHD","690 V-HOVEDFORDELING 4 Fra og med til- og afgangsterminaler"
"296","B","BHE","400 V-HOVEDFORDELING 1 Fra og med til- og afgangsterminaler"
"297","B","BHF","400 V-HOVEDFORDELING 2 Fra og med til- og afgangsterminaler"
"298","B","BHG","400 V-HOVEDFORDELING 3 Fra og med til- og afgangsterminaler"
"299","B","BHH","400 V-HOVEDFORDELING 4 Fra og med til- og afgangsterminaler"
"300","B","BHJ","400 V-HOVEDFORDELING 5 Fra og med til- og afgangsterminaler"
"301","B","BHK","400 V-HOVEDFORDELING 6 Fra og med til- og afgangsterminaler"
"302","B","BHL","400 V-HOVEDFORDELING 7 Fra og med til- og afgangsterminaler"
"303","B","BHM","400 V-HOVEDFORDELING 8 Fra og med til- og afgangsterminaler"
"304","B","BHN","400 V-HOVEDFORDELING 9 Fra og med til- og afgangsterminaler"
"305","B","BHP","BELYSNING, HOVEDFORDELING 1 Fra og med til- og afgangsterminaler"
"306","B","BHQ","BELYSNING, HOVEDFORDELING 2 Fra og med til- og afgangsterminaler"
"307","B","BHR","BELYSNING, HOVEDFORDELING 3 Fra og med til- og afgangsterminaler"
"308","B","BHS","BELYSNING, HOVEDFORDELING 4 Fra og med til- og afgangsterminaler"
"309","B","BHT","LAVSPÆNDINGSEGETFORBRUGSTRANSFORMER Fra og med til- og afgangsterminaler"
"310","B","BHU","LAVSPÆNDINGSEGETFORBRUGSTRANSFORMER Fra og med til- og afgangsterminaler"
"311","B","BHV","LAVSPÆNDINGSEGETFORBRUGSTRANSFORMER Fra og med til- og afgangsterminaler"
"312","B","BHW","LAVSPÆNDINGSEGETFORBRUGSTRANSFORMER Fra og med til- og afgangsterminaler"
"313","B","BHX","STYREMEDIUMFORSYNING FOR STYRINGS-, REGULERINGS- OG BESKYTTELSESUDSTYR"
"314","B","BHY","STYRINGS-, REGULERINGS- OG BESKYTTELSESUDSTYR"
"315","B","BJO","GENERELT, ALMENT, TVÆRGÅENDE FOR LAVSPÆNDINGSUNDERFORDELING OG TRANSFORMERE FOR BLOKANLÆG Må og kan ikke anvendes til komponentnummerering"
"316","B","BJA","UNDERFORDELING 1 Fra og med til- og afgangsterminaler"
"317","B","BJB","UNDERFORDELING 2 Fra og med til- og afgangsterminaler"
"318","B","BJC","UNDERFORDELING 3 Fra og med til- og afgangsterminaler"
"319","B","BJD","UNDERFORDELING 4 Fra og med til- og afgangsterminaler"
"320","B","BJE","UNDERFORDELING 5 Fra og med til- og afgangsterminaler"
"321","B","BJF","UNDERFORDELING 6 Fra og med til- og afgangsterminaler"
"322","B","BJG","UNDERFORDELING 7 Fra og med til- og afgangsterminaler"
"323","B","BJH","UNDERFORDELING 8 Fra og med til- og afgangsterminaler"
"324","B","BJJ","UNDERFORDELING 9 Fra og med til- og afgangsterminaler"
"325","B","BJK","UNDERFORDELING 10 Fra og med til- og afgangsterminaler"
"326","B","BJL","UNDERFORDELING 11 Fra og med til- og afgangsterminaler"
"327","B","BJM","UNDERFORDELING 12 Fra og med til- og afgangsterminaler"
"328","B","BJN","UNDERFORDELING 13 Fra og med til- og afgangsterminaler"
"329","B","BJP","UNDERFORDELING 14 Fra og med til- og afgangsterminaler"
"330","B","BJQ","UNDERFORDELING 15 Fra og med til- og afgangsterminaler"
"331","B","BJR","UNDERFORDELING 16 Fra og med til- og afgangsterminaler"
"332","B","BJS","UNDERFORDELING 17 Fra og med til- og afgangsterminaler"
"333","B","BJT","LAVSPÆNDINGSEGETFORBRUGSTRANSFORMER Fra og med til- og afgangsterminaler"
"334","B","BJX","STYREMEDIUMFORSYNING FOR STYRINGS-, REGULERINGS- OG BESKYTTELSESUDSTYR"
"335","B","BJY","STYRINGS-, REGULERINGS- OG BESKYTTELSESUDSTYR"
"336","B","BKO","GENERELT, ALMENT, TVÆRGÅENDE FOR LAVSPÆNDINGSFORDELING OG TRANSFORMERE FOR FÆLLESANLÆG Må og kan ikke anvendes til komponentnummerering"
"337","B","BLO","GENERELT, ALMENT, TVÆRGÅENDE FOR LAVSPÆNDINGSUNDERFORDELING OG TRANSFORMERE FOR FÆLLESANLÆG Må og kan ikke anvendes til komponentnummerering"
"338","B","BLA","UNDERFORDELING 1 Fra og med til- og afgangsterminaler"
"339","B","BLB","UNDERFORDELING 2 Fra og med til- og afgangsterminaler"
"340","B","BLC","UNDERFORDELING 3 Fra og med til- og afgangsterminaler"
"341","B","BLD","UNDERFORDELING 4 Fra og med til- og afgangsterminaler"
"342","B","BLE","UNDERFORDELING 5 Fra og med til- og afgangsterminaler"
"343","B","BLF","UNDERFORDELING 6 Fra og med til- og afgangsterminaler"
"344","B","BLG","UNDERFORDELING 7 Fra og med til- og afgangsterminaler"
"345","B","BLH","UNDERFORDELING 8 Fra og med til- og afgangsterminaler"
"346","B","BLJ","UNDERFORDELING 9 Fra og med til- og afgangsterminaler"
"347","B","BLK","UNDERFORDELING 10 Fra og med til- og afgangsterminaler"
"348","B","BLL","UNDERFORDELING 11 Fra og med til- og afgangsterminaler"
"349","B","BLM","UNDERFORDELING 12 Fra og med til- og afgangsterminaler"
"350","B","BLN","UNDERFORDELING 13 Fra og med til- og afgangsterminaler"
"351","B","BLP","BELYSNING, UNDERFORDELING 1 Fra og med til- og afgangsterminaler"
"352","B","BLQ","BELYSNING, UNDERFORDELING 2 Fra og med til- og afgangsterminaler"
"353","B","BLR","BELYSNING, UNDERFORDELING 3 Fra og med til- og afgangsterminaler"
"354","B","BLS","BELYSNING, UNDERFORDELING 4 Fra og med til- og afgangsterminaler"
"355","B","BLT","LAVSPÆNDINGSEGETFORBRUGSTRANSFORMER Fra og med til- og afgangsterminaler"
"356","B","BLX","STYREMEDIUMFORSYNING FOR STYRINGS-, REGULERINGS- OG BESKYTTELSESUDSTYR"
"357","B","BLY","STYRINGS-, REGULERINGS- OG BESKYTTELSESUDSTYR"
"358","B","BM","LAVSPÆNDINGSFORDELING OG TRANSFORMERE (DIESEL-) NØDSTRØMSNET (BLOKANLÆG)"
"359","B","BMO","GENERELT, ALMENT, TVÆRGÅENDE FOR LAVSPÆNDINGSFORDELING OG TRANSFORMERE (DIESEL-) NØDSTRØMSNET (BLOKANLÆG) DIESELAGGREGAT HENFØRES TIL GR. X. Må og kan ikke anvendes til komponentnummerering"
"360","B","BMA","690 V-NØDSTRØMSFORDELING 1 Fra og med til- og afgangsterminaler"
"361","B","BMB","690 V-NØDSTRØMSFORDELING 2 Fra og med til- og afgangsterminaler"
"362","B","BMC","690 V-NØDSTRØMSFORDELING 3 Fra og med til- og afgangsterminaler"
"363","B","BMD","690 V-NØDSTRØMSFORDELING 4 Fra og med til- og afgangsterminaler"
"364","B","BME","400 V-NØDSTRØMSFORDELING 1 Fra og med til- og afgangsterminaler"
"365","B","BMF","400 V-NØDSTRØMSFORDELING 2 Fra og med til- og afgangsterminaler"
"366","B","BMG","400 V-NØDSTRØMSFORDELING 3 Fra og med til- og afgangsterminaler"
"367","B","BMH","400 V-NØDSTRØMSFORDELING 4 Fra og med til- og afgangsterminaler"
"368","B","BMJ","400 V-NØDSTRØMSFORDELING 5 Fra og med til- og afgangsterminaler"
"369","B","BMK","400 V-NØDSTRØMSFORDELING 6 Fra og med til- og afgangsterminaler"
"370","B","BML","400 V-NØDSTRØMSFORDELING 7 Fra og med til- og afgangsterminaler"
"371","B","BMM","400 V-NØDSTRØMSFORDELING 8 Fra og med til- og afgangsterminaler"
"372","B","BMN","400 V-NØDSTRØMSFORDELING 9 Fra og med til- og afgangsterminaler"
"373","B","BMP","NØDBELYSNING, FORDELING 1 Fra og med til- og afgangsterminaler"
"374","B","BMQ","NØDBELYSNING, FORDELING 2 Fra og med til- og afgangsterminaler"
"375","B","BMR","NØDBELYSNING, FORDELING 3 Fra og med til- og afgangsterminaler"
"376","B","BMS","NØDBELYSNING, FORDELING 4 Fra og med til- og afgangsterminaler"
"377","B","BMT","LAVSPÆNDINGSEGETFORBRUGSTRANSFORMER Fra og med til- og afgangsterminaler"
"378","B","BMU","LAVSPÆNDINGSEGETFORBRUGSTRANSFORMER Fra og med til- og afgangsterminaler"
"379","B","BMV","LAVSPÆNDINGSEGETFORBRUGSTRANSFORMER Fra og med til- og afgangsterminaler"
"380","B","BMW","LAVSPÆNDINGSEGETFORBRUGSTRANSFORMER Fra og med til- og afgangsterminaler"
"381","B","BMX","STYREMEDIUMFORSYNING FOR STYRINGS-, REGULERINGS- OG BESKYTTELSESUDSTYR"
"382","B","BMY","STYRINGS-, REGULERINGS- OG BESKYTTELSESUDSTYR"
"383","B","BN","LAVSPÆNDINGSFORDELING OG TRANSFORMERE (DIESEL-) NØDSTRØMSNET (NØDSTARTANLÆG)"
"384","B","BNO","GENERELT, ALMENT, TVÆRGÅENDE FOR LAVSPÆNDINGSFORDELING OG TRANSFORMERE (DIESEL-) NØDSTRØMSNET (NØDSTARTANLÆG) Må og kan ikke anvendes til komponentnummerering"
"385","B","BNA","690 V-NØDSTRØMSFORDELING 1 Fra og med til- og afgangsterminaler"
"386","B","BNB","690 V-NØDSTRØMSFORDELING 2 Fra og med til- og afgangsterminaler"
"387","B","BNC","690 V-NØDSTRØMSFORDELING 3 Fra og med til- og afgangsterminaler"
"388","B","BND","690 V-NØDSTRØMSFORDELING 4 Fra og med til- og afgangsterminaler"
"389","B","BNE","400 V-NØDSTRØMSFORDELING 1 Fra og med til- og afgangsterminaler"
"390","B","BNF","400 V-NØDSTRØMSFORDELING 2 Fra og med til- og afgangsterminaler"
"391","B","BNG","400 V-NØDSTRØMSFORDELING 3 Fra og med til- og afgangsterminaler"
"392","B","BNH","400 V-NØDSTRØMSFORDELING 4 Fra og med til- og afgangsterminaler"
"393","B","BNJ","400 V-NØDSTRØMSFORDELING 5 Fra og med til- og afgangsterminaler"
"394","B","BNK","400 V-NØDSTRØMSFORDELING 6 Fra og med til- og afgangsterminaler"
"395","B","BNL","400 V-NØDSTRØMSFORDELING 7 Fra og med til- og afgangsterminaler"
"396","B","BNM","400 V-NØDSTRØMSFORDELING 8 Fra og med til- og afgangsterminaler"
"397","B","BNN","400 V-NØDSTRØMSFORDELING 9 Fra og med til- og afgangsterminaler"
"398","B","BNP","NØDBELYSNING, FORDELING 1 Fra og med til- og afgangsterminaler"
"399","B","BNQ","NØDBELYSNING, FORDELING 2 Fra og med til- og afgangsterminaler"
"400","B","BNR","NØDBELYSNING, FORDELING 3 Fra og med til- og afgangsterminaler"
"401","B","BNS","NØDBELYSNING, FORDELING 4 Fra og med til- og afgangsterminaler"
"402","B","BNT","LAVSPÆNDINGSEGETFORBRUGSTRANSFORMER Fra og med til- og afgangsterminaler"
"403","B","BNU","LAVSPÆNDINGSEGETFORBRUGSTRANSFORMER Fra og med til- og afgangsterminaler"
"404","B","BNV","LAVSPÆNDINGSEGETFORBRUGSTRANSFORMER Fra og med til- og afgangsterminaler"
"405","B","BNW","LAVSPÆNDINGSEGETFORBRUGSTRANSFORMER Fra og med til- og afgangsterminaler"
"406","B","BNX","STYREMEDIUMFORSYNING FOR STYRINGS-, REGULERINGS- OG BESKYTTELSESUDSTYR"
"407","B","BNY","STYRINGS-, REGULERINGS- OG BESKYTTELSESUDSTYR"
"408","B","BPO","GENERELT, ALMENT, TVÆRGÅENDE FOR STÆRKSTRØMSTEKNISK UDSTYR FOR STORE ELEKTRISKE OMDREJNINGSREGULEREDE MOTORER Må og kan ikke anvendes til komponentnummerering"
"409","B","BPX","STYREMEDIUMFORSYNING FOR STYRINGS-, REGULERINGS- OG BESKYTTELSESUDSTYR"
"410","B","BPY","STYRINGS-, REGULERINGS- OG BESKYTTELSESUDSTYR"
"411","B","BQB","UNDERFORDELERE OVER 60 V, 0-100 meter (ikke VGB standard) Nummerings guide"
"412","B","BRO","GENERELT, ALMENT, TVÆRGÅENDE FOR LAVSPÆNDINGSFORDELING, SIKRET VEKSELSPÆNDING Må og kan ikke anvendes til komponentnummerering"
"413","B","BRA","SIKRET FORDELING 1 Fra og med til- og afgangsterminaler"
"414","B","BRB","SIKRET FORDELING 2 Fra og med til- og afgangsterminaler"
"415","B","BRC","SIKRET FORDELING 3 Fra og med til- og afgangsterminaler"
"416","B","BRD","SIKRET FORDELING 4 Fra og med til- og afgangsterminaler"
"417","B","BRE","SIKRET FORDELING 5 (PROCESDATAMAT) Fra og med til- og afgangsterminaler"
"418","B","BRF","SIKRET FORDELING 6 Fra og med til- og afgangsterminaler"
"419","B","BRG","SIKRET FORDELING 7 Fra og med til- og afgangsterminaler"
"420","B","BRH","SIKRET FORDELING 8 Fra og med til- og afgangsterminaler"
"421","B","BRJ","SIKRET FORDELING 9 Fra og med til- og afgangsterminaler"
"422","B","BRK","SIKRET FORDELING 10 Fra og med til- og afgangsterminaler"
"423","B","BRL","SIKRET FORDELING 11 Fra og med til- og afgangsterminaler"
"424","B","BRM","SIKRET FORDELING 12 Fra og med til- og afgangsterminaler"
"425","B","BRN","SIKRET FORDELING 13 Fra og med til- og afgangsterminaler"
"426","B","BRP","SIKRET FORDELING 14 Fra og med til- og afgangsterminaler"
"427","B","BRQ","SIKRET FORDELING 15 Fra og med til- og afgangsterminaler"
"428","B","BRR","SIKRET FORDELING 16 Fra og med til- og afgangsterminaler"
"429","B","BRS","SIKRET FORDELING 17 Fra og med til- og afgangsterminaler"
"430","B","BRT","ROTERENDE OMFORMERE Fra og med til- og afgangsterminaler"
"431","B","BRU","STATISKE OMFORMERE Fra og med til- og afgangsterminaler"
"432","B","BRV","NØDSTRØMSFORSYNINGSANLÆG (HVIS IKKE UNDER X = STORE MASKINANLÆG)"
"433","B","BRX","STYREMEDIUMFORSYNING FOR STYRINGS-, REGULERINGS- OG BESKYTTELSESUDSTYR"
"434","B","BRY","STYRINGS-, REGULERINGS- OG BESKYTTELSESUDSTYR"
"435","B","BTO","GENERELT, ALMENT, TVÆRGÅENDE FOR BATTERIANLÆG Må og kan ikke anvendes til komponentnummerering"
"436","B","BTA","230 V-BATTERIANLÆG Fra og med til- og afgangsterminaler"
"437","B","BTE","48 V-BATTERIANLÆG Fra og med til- og afgangsterminaler"
"438","B","BTG","24 V-BATTERIANLÆG 1 Fra og med til- og afgangsterminaler"
"439","B","BTH","24 V-BATTERIANLÆG 2 Fra og med til- og afgangsterminaler"
"440","B","BTJ","24 V-BATTERIANLÆG 3 Fra og med til- og afgangsterminaler"
"441","B","BTK","24 V-BATTERIANLÆG 4 Fra og med til- og afgangsterminaler"
"442","B","BTL","230 V-LADEENSRETTER Fra og med til- og afgangsterminaler"
"443","B","BTM","230 V-LADEENSRETTER Fra og med til- og afgangsterminaler"
"444","B","BTN","230 V-LADEENSRETTER Fra og med til- og afgangsterminaler"
"445","B","BTP","230 V-LADEENSRETTER Fra og med til- og afgangsterminaler"
"446","B","BTQ","48 V-LADEENSRETTER 1 Fra og med til- og afgangsterminaler"
"447","B","BTR","48 V-LADEENSRETTER 2 Fra og med til- og afgangsterminaler"
"448","B","BTS","24 V-LADEENSRETTER 1 Fra og med til- og afgangsterminaler"
"449","B","BTT","24 V-LADEENSRETTER 2 Fra og med til- og afgangsterminaler"
"450","B","BTU","24 V-LADEENSRETTER 3 Fra og med til- og afgangsterminaler"
"451","B","BTV","24 V-LADEENSRETTER 4 Fra og med til- og afgangsterminaler"
"452","B","BTW","FÆLLES UDRUSTNING Fra og med til- og afgangsterminaler"
"453","B","BTX","FÆLLES UDRUSTNING Fra og med til- og afgangsterminaler"
"454","B","BTY","FÆLLES UDRUSTNING Fra og med til- og afgangsterminaler"
"455","B","BTZ","FÆLLES UDRUSTNING Fra og med til- og afgangsterminaler."
"456","B","BU","JÆVNSTRØMSFORDELING."
"457","B","BUO","GENERELT, ALMENT, TVÆRGÅENDE FOR JÆVNSTRØMSFORDELING Må og kan ikke anvendes til komponentnummerering"
"458","B","BUA","230 V-FORDELING 1 Fra og med til- og afgangsterminaler"
"459","B","BUB","230 V-FORDELING 2 Fra og med til- og afgangsterminaler"
"460","B","BUC","230 V-FORDELING 3 Fra og med til- og afgangsterminaler"
"461","B","BUD","230 V-FORDELING 4 Fra og med til- og afgangsterminaler"
"462","B","BUE","48 V-FORDELING 1 Fra og med til- og afgangsterminaler"
"463","B","BUF","48 V-FORDELING 2 Fra og med til- og afgangsterminaler"
"464","B","BUG","24 V-FORDELING 1 Fra og med til- og afgangsterminale"
"465","B","BUH","24 V-FORDELING 2 Fra og med til- og afgangsterminaler"
"466","B","BUJ","24 V-FORDELING 3 Fra og med til- og afgangsterminaler"
"467","B","BUK","24 V-FORDELING 4 Fra og med til- og afgangsterminaler"
"468","B","BUL","24 V-FORDELING 5 Fra og med til- og afgangsterminaler"
"469","B","BUM","24 V-FORDELING 6 Fra og med til- og afgangsterminaler"
"470","B","BUN","24 V-FORDELING 7 Fra og med til- og afgangsterminaler"
"471","B","BUP","24 V-FORDELING 8 Fra og med til- og afgangsterminaler."
"472","B","BUQ","24 V-FORDELING 9. Fra og med til- og afgangsterminaler"
"473","B","BUR","24 V-FORDELING 10 Fra og med til- og afgangsterminaler"
"474","B","BUS","24 V-FORDELING 11 Fra og med til- og afgangsterminaler"
"475","B","BUX","STYREMEDIUMFORSYNING FOR STYRINGS-, REGULERINGS- OG BESKYTTELSESUDSTYR"
"476","B","BUY","STYRINGS-, REGULERINGS- OG BESKYTTELSESUDSTYR"
"477","B","BVO","GENERELT, ALMENT, TVÆRGÅENDE FOR JÆVNSTRØMSFORDELING, NØDSTRØMSNET (BLOKANLÆG) Må og kan ikke anvendes til komponentnummerering"
"478","B","BVA","230 V-FORDELING 1 Fra og med til- og afgangsterminaler"
"479","B","BVB","230 V-FORDELING 2 Fra og med til- og afgangsterminaler"
"480","B","BVC","230 V-FORDELING 3 Fra og med til- og afgangsterminaler"
"481","B","BVD","230 V-FORDELING 4 Fra og med til- og afgangsterminaler"
"482","B","BVE","48 V-FORDELING 1 Fra og med til- og afgangsterminaler"
"483","B","BVF","48 V-FORDELING 2 Fra og med til- og afgangsterminaler"
"484","B","BVG","24 V-FORDELING 1 Fra og med til- og afgangsterminaler"
"485","B","BVH","24 V-FORDELING 2 Fra og med til- og afgangsterminaler"
"486","B","BVJ","24 V-FORDELING 3 Fra og med til- og afgangsterminaler"
"487","B","BVK","24 V-FORDELING 4 Fra og med til- og afgangsterminaler"
"488","B","BVL","24 V-FORDELING 5 Fra og med til- og afgangsterminaler"
"489","B","BVM","24 V-FORDELING 6 Fra og med til- og afgangsterminaler"
"490","B","BVN","24 V-FORDELING 7 Fra og med til- og afgangsterminaler"
"491","B","BVP","24 V-FORDELING 8 Fra og med til- og afgangsterminaler"
"492","B","BVQ","24 V-FORDELING 9 Fra og med til- og afgangsterminaler"
"493","B","BVR","24 V-FORDELING 10 Fra og med til- og afgangsterminaler"
"494","B","BVS","24 V-FORDELING 11 Fra og med til- og afgangsterminaler"
"495","B","BVX","STYREMEDIUMFORSYNING FOR STYRINGS-, REGULERINGS- OG BESKYTTELSESUDSTYR"
"496","B","BVY","STYRINGS-, REGULERINGS- OG BESKYTTELSESUDSTYR"
"497","B","BWO","GENERELT, ALMENT, TVÆRGÅENDE FOR JÆVNSTRØMSFORDELING, NØDSTRØMSNET (NØDSTARTANLÆG) Må og kan ikke anvendes til komponentnummerering"
"498","B","BWA","230 V-FORDELING 1 Fra og med til- og afgangsterminaler"
"499","B","BWB","230 V-FORDELING 2 Fra og med til- og afgangsterminaler"
"500","B","BWC","230 V-FORDELING 3 Fra og med til- og afgangsterminaler"
"501","B","BWD","230 V-FORDELING 4 Fra og med til- og afgangsterminaler"
"502","B","BWE","48 V-FORDELING 1 Fra og med til- og afgangsterminaler"
"503","B","BWF","48 V-FORDELING 2 Fra og med til- og afgangsterminaler"
"504","B","BWG","24 V-FORDELING 1 Fra og med til- og afgangsterminaler"
"505","B","BWH","24 V-FORDELING 2 Fra og med til- og afgangsterminaler"
"506","B","BWJ","24 V-FORDELING 3 Fra og med til- og afgangsterminaler"
"507","B","BWK","24 V-FORDELING 4 Fra og med til- og afgangsterminaler"
"508","B","BWL","24 V-FORDELING 5 Fra og med til- og afgangsterminaler"
"509","B","BWM","24 V-FORDELING 6 Fra og med til- og afgangsterminaler"
"510","B","BWN","24 V-FORDELING 7 Fra og med til- og afgangsterminaler"
"511","B","BWP","24 V-FORDELING 8 Fra og med til- og afgangsterminaler"
"512","B","BWQ","24 V-FORDELING 9 Fra og med til- og afgangsterminaler"
"513","B","BWR","24 V-FORDELING 10 Fra og med til- og afgangsterminaler"
"514","B","BWS","24 V-FORDELING 11 Fra og med til- og afgangsterminaler"
"515","B","BWX","STYREMEDIUMFORSYNING FOR STYRINGS-, REGULERINGS- OG BESKYTTELSESUDSTYR"
"516","B","BWY","STYRINGS-, REGULERINGS- OG BESKYTTELSESUDSTYR"
"517","B","BXO","GENERELT, ALMENT, TVÆRGÅENDE FOR STYREMEDIUMFORSYNING TIL STYRINGS-, REGULERINGS- OG BESKYTTELSESUDSTYR Må og kan ikke anvendes til komponentnummerering"
"518","B","BXY","STYRINGS-, REGULERINGS- OG BESKYTTELSESUDSTYR"
"519","B","BY","STYRINGS-, REGULERINGS- OG BESKYTTELSESUDSTYR."
"520","B","BYO","GENERELT, ALMENT, TVÆRGÅENDE FOR STYRINGS-, REGULERINGS- OG BESKYTTELSESUDSTYR Må og kan ikke anvendes til komponentnummerering"
"521","C","CO","OVERORDNET, ALMENT, TVÆRGÅENDE FOR KONTROLANLÆG. Må og kan ikke anvendes til komponentnummerering."
"522","C","CA","BESKYTTELSESAFLÅSNING."
"523","C","CB","FUNKTIONSGRUPPE- OG DELSTYRINGER."
"524","C","CC","BINÆR SIGNALFORBEREDELSE."
"525","C","CD","ENKELTSTYRINGER."
"526","C","CE","ALARM OG TIDSFØLGEMELDING."
"527","C","CF","MÅLING OG REGISTRERING."
"528","C","CG","REGULERING (EXCL. EFFEKTTRIN)."
"529","C","CH","BESKYTTELSE."
"530","C","CJ","BLOKLEDERNIVEAU."
"531","C","CK","PROCESDATAMASKINEANLÆG."
"532","C","CL","NUKLEAR."
"533","C","CQ","UNDERFORDELERE (ikke eVGB standard)"
"534","C","CR","FUNKTIONSENHEDER UNDER KEDEL OG AFSVOVLINGSANLÆG."
"535","C","CS","FUNKTIONSENHEDER, IKKE KEDEL OG TURBINE."
"536","C","CT","FUNKTIONSENHEDER UNDER TURBINE."
"537","C","CU","REGULERING (EFFEKTTRIN)."
"538","C","CV","RANGERFORDELER."
"539","C","CW","PULTE OG TAVLER I KONTROLRUM."
"540","C","CX","LOKALE BETJENINGSPULTE OG -TAVLER."
"541","C","CY","KOMMUNIKATIONSANLÆG."
"542","C","COA","ALMENT."
"543","C","COB","LAYOUT, HOVEDDATA."
"544","C","COC","UNDERSØGELSER, BUDGET, BEVILLINGER."
"545","C","COD","PLANLÆGNING, TID OG RESSOURCER."
"546","C","COE","ORDRE OG ORDREKORRESPONDANCE."
"547","C","COF","MYNDIGHEDER, SIKKERHED, KVALITETSKONTROL."
"548","C","COG","MØDEREFERATER."
"549","C","COH","KONTROLANLÆG KEDEL ALMENT."
"550","C","COJ","DRIFT OG VEDLIGEHOLDELSE."
"551","C","COK","KABLER, SVAGSTRØM."
"552","C","COL","KONTROLANLÆG VAND-, DAMP- OG GASKREDSLØB ALMENT."
"553","C","COM","KONTROLANLÆG HOVEDTURBINE ALMENT."
"554","C","CON","KONTROLANLÆG FJERNVARME ALMENT."
"555","C","COP","KONTROLANLÆG KØLEVAND ALMENT."
"556","C","COQ","KONTROLANLÆG HJÆLPEANLÆG ALMENT."
"557","C","COR","KONTROLANLÆG AFSVOVLING."
"558","C","COS","KONTROLANLÆG SEKUNDÆRT HJÆLPEANLÆG ALMENT."
"559","C","COT","UNDERFORDELERE ALMENT."
"560","C","COU","STYRINGER ALMENT."
"561","C","COV","MÅLING ALMENT."
"562","C","COW","REGULERING ALMENT."
"563","C","COY","MONTAGE."
"564","C","CA","BESKYTTELSESAFLÅSNING. Idet underdeling på tredie bogstav er leverancebestemt, fastsættes og samordnes underdelingen med leverandøren, når denne kendes."
"565","C","CAO","GENERELT, ALMENT, TVÆRGÅENDE FOR BESKYTTELSESAFLÅSNING. Må og kan ikke anvendes til komponentnummerering."
"566","C","CAA","SKABE FOR BESKYTTELSESAFLÅSNING. Fra og med til- og afgangsterminaler."
"567","C","CAB","SKABE FOR BESKYTTELSESAFLÅSNING. Fra og med til- og afgangsterminaler."
"568","C","CAC","SKABE FOR BESKYTTELSESAFLÅSNING. Fra og med til- og afgangsterminaler."
"569","C","CAD","SKABE FOR BESKYTTELSESAFLÅSNING. Fra og med til- og afgangsterminaler."
"570","C","CAE","SKABE FOR BESKYTTELSESAFLÅSNING. Fra og med til- og afgangsterminaler."
"571","C","CAF","SKABE FOR BESKYTTELSESAFLÅSNING. Fra og med til- og afgangsterminaler."
"572","C","CAG","SKABE FOR BESKYTTELSESAFLÅSNING. Fra og med til- og afgangsterminaler."
"573","C","CAH","SKABE FOR BESKYTTELSESAFLÅSNING. Fra og med til- og afgangsterminaler."
"574","C","CAJ","SKABE FOR BESKYTTELSESAFLÅSNING. Fra og med til- og afgangsterminaler."
"575","C","CAK","SKABE FOR BESKYTTELSESAFLÅSNING. Fra og med til- og afgangsterminaler."
"576","C","CAL","SKABE FOR BESKYTTELSESAFLÅSNING. Fra og med til- og afgangsterminaler."
"577","C","CAM","SKABE FOR BESKYTTELSESAFLÅSNING. Fra og med til- og afgangsterminaler."
"578","C","CAN","SKABE FOR BESKYTTELSESAFLÅSNING. Fra og med til- og afgangsterminaler."
"579","C","CAP","SKABE FOR BESKYTTELSESAFLÅSNING. Fra og med til- og afgangsterminaler."
"580","C","CAQ","SKABE FOR BESKYTTELSESAFLÅSNING. Fra og med til- og afgangsterminaler."
"581","C","CAR","NUKLEART ANLÆG."
"582","C","CAS","NUKLEART ANLÆG."
"583","C","CAT","NUKLEART ANLÆG."
"584","C","CAU","NUKLEART ANLÆG."
"585","C","CAV","NUKLEART ANLÆG."
"586","C","CAW","NUKLEART ANLÆG."
"587","C","CAX","NUKLEART ANLÆG."
"588","C","CAY","NUKLEART ANLÆG."
"589","C","CB","FUNKTIONSGRUPPE- OG DELSTYRINGER. Idet underdeling på tredie bogstav er leverencebestemt for CBA----CBN, fastsættes og samordnes underdelingen med leverandøren, når denne kendes."
"590","C","CBO","GENERELT, ALMENT, TVÆRGÅENDE FOR FUNKTIONSGRUPPE- OG DELSTYRINGER. Må og kan ikke anvendes til komponentnummerering."
"591","C","CBA","SKABE FOR FG-STYRINGER. Fra og med til- og afgangsterminaler."
"592","C","CBB","SKABE FOR FG-STYRINGER. Fra og med til- og afgangsterminaler."
"593","C","CBC","SKABE FOR FG-STYRINGER. Fra og med til- og afgangsterminaler."
"594","C","CBD","SKABE FOR FG-STYRINGER. Fra og med til- og afgangsterminaler."
"595","C","CBE","SKABE FOR FG-STYRINGER. Fra og med til- og afgangsterminaler."
"596","C","CBF","SKABE FOR FG-STYRINGER. Fra og med til- og afgangsterminaler."
"597","C","CBG","SKABE FOR FG-STYRINGER. Fra og med til- og afgangsterminaler."
"598","C","CBH","SKABE FOR FG-STYRINGER. Fra og med til- og afgangsterminaler."
"599","C","CBJ","SKABE FOR FG-STYRINGER. Fra og med til- og afgangsterminaler."
"600","C","CBK","SKABE FOR FG-STYRINGER. Fra og med til- og afgangsterminaler."
"601","C","CBL","SKABE FOR FG-STYRINGER. Fra og med til- og afgangsterminaler."
"602","C","CBM","SKABE FOR FG-STYRINGER. Fra og med til- og afgangsterminaler."
"603","C","CBN","SKABE FOR FG-STYRINGER. Fra og med til- og afgangsterminaler."
"604","C","CBP","SKABE FOR SYNKRONISERINGER. Fra og med til- og afgangsterminaler."
"605","C","CBQ","SKABE FOR EGETFORBRUGSHURTIGOMKOBLING. Fra og med til- og afgangsterminaler."
"606","C","CBR","NUKLEART ANLÆG."
"607","C","CBS","NUKLEART ANLÆG."
"608","C","CBT","NUKLEART ANLÆG."
"609","C","CBU","NUKLEART ANLÆG."
"610","C","CBV","NUKLEART ANLÆG."
"611","C","CBW","NUKLEART ANLÆG."
"612","C","CBX","NUKLEART ANLÆG."
"613","C","CBY","NUKLEART ANLÆG."
"614","C","CC","BINÆR SIGNALFORBEREDELSE. Idet underdeling på tredie bogstav er leverancebestemt, fastsættes og samordnes underdelingen med leverandøren, når denne kendes."
"615","C","CCO","GENERELT, ALMENT, TVÆRGÅENDE FOR BINÆR SIGNALFORBEREDELSE. Må og kan ikke anvendes til komponentnummerering."
"616","C","CCA","SKABE FOR BINÆR SIGNALFORBEREDELSE. Fra og med til- og afgangsterminaler."
"617","C","CCB","SKABE FOR BINÆR SIGNALFORBEREDELSE. Fra og med til- og afgangsterminaler."
"618","C","CCC","SKABE FOR BINÆR SIGNALFORBEREDELSE. Fra og med til- og afgangsterminaler."
"619","C","CCD","SKABE FOR BINÆR SIGNALFORBEREDELSE. Fra og med til- og afgangsterminaler."
"620","C","CCE","SKABE FOR BINÆR SIGNALFORBEREDELSE. Fra og med til- og afgangsterminaler."
"621","C","CCF","SKABE FOR BINÆR SIGNALFORBEREDELSE. Fra og med til- og afgangsterminaler."
"622","C","CCG","SKABE FOR BINÆR SIGNALFORBEREDELSE. Fra og med til- og afgangsterminaler."
"623","C","CCH","SKABE FOR BINÆR SIGNALFORBEREDELSE. Fra og med til- og afgangsterminaler."
"624","C","CCJ","SKABE FOR BINÆR SIGNALFORBEREDELSE. Fra og med til- og afgangsterminaler."
"625","C","CCK","SKABE FOR BINÆR SIGNALFORBEREDELSE. Fra og med til- og afgangsterminaler."
"626","C","CCL","SKABE FOR BINÆR SIGNALFORBEREDELSE. Fra og med til- og afgangsterminaler."
"627","C","CCM","SKABE FOR BINÆR SIGNALFORBEREDELSE. Fra og med til- og afgangsterminaler."
"628","C","CCN","SKABE FOR BINÆR SIGNALFORBEREDELSE. Fra og med til- og afgangsterminaler."
"629","C","CCP","SKABE FOR BINÆR SIGNALFORBEREDELSE. Fra og med til- og afgangsterminaler."
"630","C","CCQ","SKABE FOR BINÆR SIGNALFORBEREDELSE. Fra og med til- og afgangsterminaler."
"631","C","CCR","NUKLEART ANLÆG."
"632","C","CCS","NUKLEART ANLÆG."
"633","C","CCT","NUKLEART ANLÆG."
"634","C","CCU","NUKLEART ANLÆG."
"635","C","CCV","NUKLEART ANLÆG."
"636","C","CCW","NUKLEART ANLÆG."
"637","C","CCX","NUKLEART ANLÆG."
"638","C","CCY","NUKLEART ANLÆG."
"639","C","CD","ENKELTSTYRINGER. Idet underdeling på tredie bogstav er leverancebestemt, fastsættes og samordnes underdelingen med leverandøren, når denne kendes."
"640","C","CDO","GENERELT, ALMENT, TVÆRGÅENDE FOR ENKELTSTYRINGER. Må og kan ikke anvendes til komponentnummerering."
"641","C","CDA","SKABE FOR ENKELTSTYRINGER. Fra og med til- og afgangsterminaler."
"642","C","CDB","SKABE FOR ENKELTSTYRINGER. Fra og med til- og afgangsterminaler."
"643","C","CDC","SKABE FOR ENKELTSTYRINGER. Fra og med til- og afgangsterminaler."
"644","C","CDD","SKABE FOR ENKELTSTYRINGER. Fra og med til- og afgangsterminaler."
"645","C","CDE","SKABE FOR ENKELTSTYRINGER. Fra og med til- og afgangsterminaler."
"646","C","CDF","SKABE FOR ENKELTSTYRINGER. Fra og med til- og afgangsterminaler."
"647","C","CDG","SKABE FOR ENKELTSTYRINGER. Fra og med til- og afgangsterminaler."
"648","C","CDH","SKABE FOR ENKELTSTYRINGER. Fra og med til- og afgangsterminaler."
"649","C","CDJ","SKABE FOR ENKELTSTYRINGER. Fra og med til- og afgangsterminaler."
"650","C","CDK","SKABE FOR ENKELTSTYRINGER. Fra og med til- og afgangsterminaler."
"651","C","CDL","SKABE FOR ENKELTSTYRINGER. Fra og med til- og afgangsterminaler."
"652","C","CDM","SKABE FOR ENKELTSTYRINGER. Fra og med til- og afgangsterminaler."
"653","C","CDN","SKABE FOR ENKELTSTYRINGER. Fra og med til- og afgangsterminaler."
"654","C","CDP","SKABE FOR ENKELTSTYRINGER. Fra og med til- og afgangsterminaler."
"655","C","CDQ","SKABE FOR ENKELTSTYRINGER. Fra og med til- og afgangsterminaler."
"656","C","CDR","NUKLEART ANLÆG."
"657","C","CDS","NUKLEART ANLÆG."
"658","C","CDT","NUKLEART ANLÆG."
"659","C","CDU","NUKLEART ANLÆG."
"660","C","CDV","NUKLEART ANLÆG."
"661","C","CDW","NUKLEART ANLÆG."
"662","C","CDX","NUKLEART ANLÆG."
"663","C","CDY","NUKLEART ANLÆG."
"664","C","CE","ALARM OG TIDSFØLGEMELDING. Idet underdeling på tredie bogstav er leverancebestemt, fastsættes og samordnes underdelingen med leverandøren, når denne kendes."
"665","C","CEO","GENERELT, ALMENT, TVÆRGÅENDE FOR ALARM OG TIDSFØLGEMELDING. Må og kan ikke anvendes til komponentnummerering."
"666","C","CEA","SKABE FOR ALARMANLÆG. Fra og med til- og afgangsterminaler."
"667","C","CEB","SKABE FOR ALARMANLÆG. Fra og med til- og afgangsterminaler."
"668","C","CEC","SKABE FOR ALARMANLÆG. Fra og med til- og afgangsterminaler."
"669","C","CED","SKABE FOR ALARMANLÆG. Fra og med til- og afgangsterminaler."
"670","C","CEE","SKABE FOR ALARMANLÆG. Fra og med til- og afgangsterminaler."
"671","C","CEF","SKABE FOR ALARMANLÆG. Fra og med til- og afgangsterminaler."
"672","C","CEG","SKABE FOR ALARMANLÆG. Fra og med til- og afgangsterminaler."
"673","C","CEH","SKABE FOR ALARMANLÆG. Fra og med til- og afgangsterminaler."
"674","C","CEJ","SKABE FOR ALARMANLÆG. Fra og med til- og afgangsterminaler."
"675","C","CEK","SKABE FOR TIDSFØLGEMELDING. Fra og med til- og afgangsterminaler."
"676","C","CEL","SKABE FOR TIDSFØLGEMELDING. Fra og med til- og afgangsterminaler."
"677","C","CEM","SKABE FOR TIDSFØLGEMELDING. Fra og med til- og afgangsterminaler."
"678","C","CEN","SKABE FOR TIDSFØLGEMELDING. Fra og med til- og afgangsterminaler."
"679","C","CEP","SKABE FOR TIDSFØLGEMELDING. Fra og med til- og afgangsterminaler."
"680","C","CEQ","SKABE FOR TIDSFØLGEMELDING. Fra og med til- og afgangsterminaler."
"681","C","CER","NUKLEART ANLÆG."
"682","C","CES","NUKLEART ANLÆG."
"683","C","CET","NUKLEART ANLÆG."
"684","C","CEU","NUKLEART ANLÆG."
"685","C","CEV","NUKLEART ANLÆG."
"686","C","CEW","NUKLEART ANLÆG."
"687","C","CEX","NUKLEART ANLÆG."
"688","C","CEY","NUKLEART ANLÆG."
"689","C","CF","MÅLING OG REGISTRERING. Idet underdeling på tredie bogstav er leverancebestemt for CFA----CFF, fastsættes og samordnes underdelingen med leverandøren, når denne kendes."
"690","C","CFO","GENERELT, ALMENT, TVÆRGÅENDE FOR MÅLING OG REGISTRERING. Må og kan ikke anvendes til komponentnummerering."
"691","C","CFA","SKABE FOR MÅLING. Fra og med til- og afgangsterminaler."
"692","C","CFB","SKABE FOR MÅLING. Fra og med til- og afgangsterminaler."
"693","C","CFC","SKABE FOR MÅLING. Fra og med til- og afgangsterminaler."
"694","C","CFD","SKABE FOR MÅLING. Fra og med til- og afgangsterminaler."
"695","C","CFE","SKABE FOR MÅLING. Fra og med til- og afgangsterminaler."
"696","C","CFF","SKABE FOR MÅLING. Fra og med til- og afgangsterminaler."
"697","C","CFG","SKABE FOR REAKTORMÅLINGER."
"698","C","CFH","SKABE FOR REAKTORMÅLINGER."
"699","C","CFJ","SKABE FOR REAKTORMÅLINGER."
"700","C","CFK","SKABE FOR REAKTORMÅLINGER."
"701","C","CFL","SKABE FOR MÅLING AF STRÅLING."
"702","C","CFM","SKABE FOR MÅLING AF STRÅLING."
"703","C","CFN","SKABE FOR MÅLING AF STRÅLING."
"704","C","CFP","SKABE FOR MÅLING AF STRÅLING."
"705","C","CFQ","SKABE FOR REGISTRERING (TÆLLERE, SKRIVERE, PRODUKTION, kWh OG FEJLSKRIVERE). Fra og med til- og afgangsterminaler."
"706","C","CFR","NUKLEART ANLÆG."
"707","C","CFS","NUKLEART ANLÆG."
"708","C","CFT","NUKLEART ANLÆG."
"709","C","CFU","NUKLEART ANLÆG."
"710","C","CFV","NUKLEART ANLÆG."
"711","C","CFW","NUKLEART ANLÆG."
"712","C","CFX","NUKLEART ANLÆG."
"713","C","CFY","NUKLEART ANLÆG."
"714","C","CG","REGULERING (EXCL. EFFEKTTRIN). Idet underdeling på tredie bogstav er leverancebestemt, fastsættes og samordnes underdelingen med leverandøren, når denne kendes."
"715","C","CGO","GENERELT, ALMENT, TVÆRGÅENDE FOR REGULERING (EXCL. EFFEKTTRIN). Må og kan ikke anvendes til komponentnummerering."
"716","C","CGA","SKABE FOR REGULERING. Fra og med til- og afgangsterminaler."
"717","C","CGB","SKABE FOR REGULERING. Fra og med til- og afgangsterminaler."
"718","C","CGC","SKABE FOR REGULERING. Fra og med til- og afgangsterminaler."
"719","C","CGD","SKABE FOR REGULERING. Fra og med til- og afgangsterminaler."
"720","C","CGE","SKABE FOR REGULERING. Fra og med til- og afgangsterminaler."
"721","C","CGF","SKABE FOR REGULERING. Fra og med til- og afgangsterminaler."
"722","C","CGH","SKABE FOR REGULERING. Fra og med til- og afgangsterminaler."
"723","C","CGJ","REAKTORREGULERING."
"724","C","CGK","REAKTORREGULERING."
"725","C","CGL","REAKTORREGULERING."
"726","C","CGM","REAKTORREGULERING."
"727","C","CGN","REAKTORREGULERING."
"728","C","CGP","REAKTORREGULERING."
"729","C","CGQ","REAKTORREGULERING."
"730","C","CGR","NUKLEART ANLÆG."
"731","C","CGS","NUKLEART ANLÆG."
"732","C","CGT","NUKLEART ANLÆG."
"733","C","CGU","NUKLEART ANLÆG."
"734","C","CGV","NUKLEART ANLÆG."
"735","C","CGW","NUKLEART ANLÆG."
"736","C","CGX","NUKLEART ANLÆG."
"737","C","CGY","NUKLEART ANLÆG."
"738","C","CH","BESKYTTELSE. Idet underdeling på tredie bogstav er leverancebestemt for CHA----CHD, fastsættes og samordnes underdelingen med leverandøren, når denne kendes."
"739","C","CHO","GENERELT, ALMENT, TVÆRGÅENDE FOR BESKYTTELSE. Må og kan ikke anvendes til komponentnummerering."
"740","C","CHA","SKABE FOR GENERATOR- OG TRANSFORMERBESKYTTELSE. Fra og med til- og afgangsterminaler."
"741","C","CHB","SKABE FOR GENERATOR- OG TRANSFORMERBESKYTTELSE. Fra og med til- og afgangsterminaler."
"742","C","CHC","SKABE FOR GENERATOR- OG TRANSFORMERBESKYTTELSE. Fra og med til- og afgangsterminaler."
"743","C","CHD","SKABE FOR GENERATOR- OG TRANSFORMERBESKYTTELSE. Fra og med til- og afgangsterminaler."
"744","C","CJ","BLOKLEDERNIVEAU. Idet underdeling på tredie bogstav er leverancebestemt, fastsættes og samordnes underdelingen med leverandøren, når denne kendes."
"745","C","CJO","GENERELT, ALMENT, TVÆRGÅENDE FOR BLOKLEDERNIVEAU. Må og kan ikke anvendes til komponentnummerering."
"746","C","CJA","SKABE FOR BLOKLEDERSYSTEM. Fra og med til- og afgangsterminaler."
"747","C","CJD","SKABE FOR OPKØRSEL- OG BØRVÆRDIFØRING. Fra og med til- og afgangsterminaler."
"748","C","CJF","SKABE FOR KEDELLEDER. Fra og med til- og afgangsterminaler."
"749","C","CJJ","SKABE FOR KONTROLANLÆG PÅ TURBINE. Fra og med til- og afgangsterminaler."
"750","C","CJK","SKABE FOR KONTROLANLÆG PÅ TURBINE. Fra og med til- og afgangsterminaler."
"751","C","CJL","SKABE FOR KONTROLANLÆG PÅ TURBINE. Fra og med til- og afgangsterminaler."
"752","C","CJM","SKABE FOR KONTROLANLÆG PÅ TURBINE. Fra og med til- og afgangsterminaler."
"753","C","CJN","SKABE FOR KONTROLANLÆG PÅ TURBINE. Fra og med til- og afgangsterminaler."
"754","C","CJP","SKABE FOR KONTROLANLÆG PÅ GASTURBINE. Fra og med til- og afgangsterminaler."
"755","C","CJQ","SKABE FOR KONTROLANLÆG PÅ GASTURBINE. Fra og med til- og afgangsterminaler."
"756","C","CJR","SKABE FOR KONTROLANLÆG PÅ GASTURBINE. Fra og med til- og afgangsterminaler."
"757","C","CJS","SKABE FOR KONTROLANLÆG PÅ GASTURBINE. Fra og med til- og afgangsterminaler."
"758","C","CJT","SKABE FOR KONTROLANLÆG PÅ GASTURBINE. Fra og med til- og afgangsterminaler."
"759","C","CJU","SKABE FOR KONTROLANLÆG PÅ ØVRIGE HOVEDMASKINER. Fra og med til- og afgangsterminaler."
"760","C","CJV","SKABE FOR KONTROLANLÆG PÅ ØVRIGE HOVEDMASKINER. Fra og med til- og afgangsterminaler."
"761","C","CJW","SKABE FOR KONTROLANLÆG PÅ ØVRIGE HOVEDMASKINER. Fra og med til- og afgangsterminaler."
"762","C","CJX","SKABE FOR KONTROLANLÆG PÅ ØVRIGE HOVEDMASKINER. Fra og med til- og afgangsterminaler."
"763","C","CJY","SKABE FOR KONTROLANLÆG PÅ ØVRIGE HOVEDMASKINER. Fra og med til- og afgangsterminaler."
"764","C","CK","PROCESDATAMASKINEANLÆG. Idet underdeling på tredie bogstav er leverancebestemt, fastsættes og samordnes underdelingen med leverandøren, når denne kendes."
"765","C","CKO","GENERELT, ALMENT, TVÆRGÅENDE FOR PROCESDATAMASKINEANLÆG. Må og kan ikke anvendes til komponentnummerering."
"766","C","CKA","DATAANLÆG FOR OVERVÅGNING. Fra og med til- og afgangsterminaler."
"767","C","CKB","DATAANLÆG FOR OVERVÅGNING. Fra og med til- og afgangsterminaler."
"768","C","CKC","DATAANLÆG FOR OVERVÅGNING. Fra og med til- og afgangsterminaler."
"769","C","CKD","DATAANLÆG FOR OVERVÅGNING. Fra og med til- og afgangsterminaler."
"770","C","CKE","DATAANLÆG FOR OVERVÅGNING. Fra og med til- og afgangsterminaler."
"771","C","CKF","DATAANLÆG FOR OVERVÅGNING. Fra og med til- og afgangsterminaler."
"772","C","CKG","DATAANLÆG FOR OVERVÅGNING. Fra og med til- og afgangsterminaler."
"773","C","CKH","DATAANLÆG FOR OVERVÅGNING. Fra og med til- og afgangsterminaler."
"774","C","CKJ","DATAANLÆG FOR PERSONOVERVÅGNING."
"775","C","CKK","DATAANLÆG FOR PERSONOVERVÅGNING."
"776","C","CKL","DATAANLÆG FOR PERSONOVERVÅGNING."
"777","C","CKM","DATAANLÆG FOR PERSONOVERVÅGNING."
"778","C","CQB","UNDERFORDELERE UNDER 60 V, 0-100 meter (ikke eVGB standard) Nummerings guide"
"779","C","CR","FUNKTIONSENHEDER UNDER KEDEL OG AFSVOVLINGSANLÆG. Idet underdeling på tredie bogstav er leverancebestemt, fastsættes og samordnes underdelingen med leverandøren, når denne kendes. Underdeles såvidt muligt med paralleller til kedlens funktionsgruppe H."
"780","C","CRO","GENERELT, ALMENT, TVÆRGÅENDE FOR FUNKTIONSENHEDER UNDER KEDEL OG AFSVOVLINGSANLÆG. Må og kan ikke anvendes til komponentnummerering."
"781","C","CS","FUNKTIONSENHEDER, IKKE KEDEL OG TURBINE. Idet underdeling på tredie bogstav er leverancebestemt, fastsættes og samordnes underdelingen med leverandøren, når denne kendes. Underdeles såvidt muligt med paralleller til funktionsgrupperne E, G, L, N, P og Q."
"782","C","CSO","GENERELT, ALMENT, TVÆRGÅENDE FOR FUNKTIONSENHEDER, IKKE KEDEL OG TURBINE. Må og kan ikke anvendes til komponentnummerering."
"783","C","CT","FUNKTIONSENHEDER UNDER TURBINE. Idet underdeling på tredie bogstav er leverancebestemt, fastsættes og samordnes underdelingen med leverandøren, når denne kendes. Underdeles såvidt muligt med paralleller til turbinens funktionsgruppe M."
"784","C","CTO","GENERELT, ALMENT, TVÆRGÅENDE FOR FUNKTIONSENHEDER UNDER TURBINE. Må og kan ikke anvendes til komponentnummerering."
"785","C","CU","REGULERING (EFFEKTTRIN). Idet underdeling på tredie bogstav er leverancebestemt, fastsættes og samordnes underdelingen med leverandøren, når denne kendes."
"786","C","CUO","GENERELT, ALMENT, TVÆRGÅENDE FOR REUGLERING (EFFEKTTRIN). Må og kan ikke anvendes til komponentnummerering."
"787","C","CUA","SKABE FOR REGULERING. Fra og med til- og afgangsterminaler."
"788","C","CUB","SKABE FOR REGULERING. Fra og med til- og afgangsterminaler."
"789","C","CUC","SKABE FOR REGULERING. Fra og med til- og afgangsterminaler."
"790","C","CUD","SKABE FOR REGULERING. Fra og med til- og afgangsterminaler."
"791","C","CUE","SKABE FOR REGULERING. Fra og med til- og afgangsterminaler."
"792","C","CUF","SKABE FOR REGULERING. Fra og med til- og afgangsterminaler."
"793","C","CUH","SKABE FOR REGULERING. Fra og med til- og afgangsterminaler."
"794","C","CUJ","SKABE FOR REGULERING. Fra og med til- og afgangsterminaler."
"795","C","CUK","SKABE FOR REGULERING. Fra og med til- og afgangsterminaler."
"796","C","CUL","SKABE FOR REGULERING. Fra og med til- og afgangsterminaler."
"797","C","CUM","SKABE FOR REGULERING. Fra og med til- og afgangsterminaler."
"798","C","CUN","SKABE FOR REGULERING. Fra og med til- og afgangsterminaler."
"799","C","CUP","SKABE FOR REGULERING. Fra og med til- og afgangsterminaler."
"800","C","CUQ","SKABE FOR REGULERING. Fra og med til- og afgangsterminaler."
"801","C","CUR","NUKLEART ANLÆG."
"802","C","CUS","NUKLEART ANLÆG."
"803","C","CUT","NUKLEART ANLÆG."
"804","C","CUU","NUKLEART ANLÆG."
"805","C","CUV","NUKLEART ANLÆG."
"806","C","CUW","NUKLEART ANLÆG."
"807","C","CUX","NUKLEART ANLÆG."
"808","C","CUY","NUKLEART ANLÆG."
"809","C","CV","RANGERFORDELER. Idet underdeling på tredie bogstav er leverancebestemt, fastsættes og samordnes underdelingen med leverandøren, når denne kendes. Underdeles såvidt muligt med paralleller til anlæggets funktionsgrupper."
"810","C","CVO","GENERELT, ALMENT, TVÆRGÅENDE FOR RANGERFORDELER. Må og kan ikke anvendes til komponentnummerering."
"811","C","CW","PULTE OG TAVLER I KONTROLRUM. Idet underdeling på tredie bogstav er leverancebestemt, fastsættes og samordnes underdelingen med leverandøren, når denne kendes."
"812","C","CWO","GENERELT, ALMENT, TVÆRGÅENDE FOR PULTE OG TAVLER I KONTROLRUM. Må og kan ikke anvendes til komponentnummerering."
"813","C","CWA","PULT. Fra og med til- og afgangsterminaler."
"814","C","CWB","PULT. Fra og med til- og afgangsterminaler."
"815","C","CWC","PULT. Fra og med til- og afgangsterminaler."
"816","C","CWD","PULT. Fra og med til- og afgangsterminaler."
"817","C","CWE","PULT. Fra og med til- og afgangsterminaler."
"818","C","CWF","TAVLER. Fra og med til- og afgangsterminaler."
"819","C","CWG","TAVLER. Fra og med til- og afgangsterminaler."
"820","C","CWH","TAVLER. Fra og med til- og afgangsterminaler."
"821","C","CWJ","TAVLER. Fra og med til- og afgangsterminaler."
"822","C","CWK","TAVLER. Fra og med til- og afgangsterminaler."
"823","C","CWL","TAVLER. Fra og med til- og afgangsterminaler."
"824","C","CWM","TAVLER. Fra og med til- og afgangsterminaler."
"825","C","CWN","TAVLER. Fra og med til- og afgangsterminaler."
"826","C","CWP","TAVLER. Fra og med til- og afgangsterminaler."
"827","C","CWQ","SKABE FOR SPÆNDINGSFORDELING."
"828","C","CWR","SKABE FOR SPÆNDINGSFORDELING."
"829","C","CX","LOKALE BETJENINGSPULTE OG -TAVLER. Idet underdeling på tredie bogstav er leverancebestemt, fastsættes og samordnes underdelingen med leverandøren, når denne kendes."
"830","C","CXO","GENERELT, ALMENT, TVÆRGÅENDE FOR LOKALE BETJENINGSPULTE OG -TAVLER. Må og kan ikke anvendes til komponentnummerering."
"831","C","CXA","LOKALBETJENING PÅ KEDEL (GRUPPE H). Fra og med til- og afgangsterminaler."
"832","C","CXB","LOKALBETJENING PÅ KEDEL (GRUPPE H). Fra og med til- og afgangsterminaler."
"833","C","CXC","LOKALBETJENING PÅ KEDEL (GRUPPE H). Fra og med til- og afgangsterminaler."
"834","C","CXD","LOKALBETJENING PÅ KEDEL (GRUPPE H). Fra og med til- og afgangsterminaler."
"835","C","CXE","LOKALBETJENING PÅ KEDEL (GRUPPE H). Fra og med til- og afgangsterminaler."
"836","C","CXF","LOKALBETJENING PÅ KEDEL (GRUPPE H). Fra og med til- og afgangsterminaler."
"837","C","CXG","LOKALBETJENING PÅ KEDEL (GRUPPE H). Fra og med til- og afgangsterminaler."
"838","C","CXH","LOKALBETJENING PÅ KEDEL (GRUPPE H). Fra og med til- og afgangsterminaler."
"839","C","CXJ","LOKALBETJENING PÅ TURBINE (GRUPPE M). Fra og med til- og afgangsterminaler."
"840","C","CXK","LOKALBETJENING PÅ TURBINE (GRUPPE M). Fra og med til- og afgangsterminaler."
"841","C","CXL","LOKALBETJENING PÅ TURBINE (GRUPPE M). Fra og med til- og afgangsterminaler."
"842","C","CXM","LOKALBETJENING PÅ TURBINE (GRUPPE M). Fra og med til- og afgangsterminaler."
"843","C","CXN","LOKALBETJENING I ØVRIGT UNDTAGEN GRUPPE H OG M. Fra og med til- og afgangsterminaler."
"844","C","CXP","LOKALBETJENING I ØVRIGT UNDTAGEN GRUPPE H OG M. Fra og med til- og afgangsterminaler."
"845","C","CXQ","LOKALBETJENING I ØVRIGT UNDTAGEN GRUPPE H OG M. Fra og med til- og afgangsterminaler."
"846","C","CXR","LOKALBETJENING I ØVRIGT UNDTAGEN GRUPPE H OG M. Fra og med til- og afgangsterminaler."
"847","C","CXS","LOKALBETJENING I ØVRIGT UNDTAGEN GRUPPE H OG M. Fra og med til- og afgangsterminaler."
"848","C","CXT","LOKALBETJENING I ØVRIGT UNDTAGEN GRUPPE H OG M. Fra og med til- og afgangsterminaler."
"849","C","CXU","LOKALBETJENING I ØVRIGT UNDTAGEN GRUPPE H OG M. Fra og med til- og afgangsterminaler."
"850","C","CXV","LOKALBETJENING I ØVRIGT UNDTAGEN GRUPPE H OG M. Fra og med til- og afgangsterminaler."
"851","C","CXW","LOKALBETJENING I ØVRIGT UNDTAGEN GRUPPE H OG M. Fra og med til- og afgangsterminaler."
"852","C","CXY","LOKALBETJENING I ØVRIGT UNDTAGEN GRUPPE H OG M. Fra og med til- og afgangsterminaler."
"853","C","CY","KOMMUNIKATIONSANLÆG"
"854","C","CYO","GENERELT, ALMENT, TVÆRGÅENDE FOR KOMMUNIKATIONSANLÆG. Må og kan ikke anvendes til komponentnummerering."
"855","C","CYA","TELEFONANLÆG."
"856","C","CYB","PULTTELEFON."
"857","C","CYC","ALARMANLÆG (AKUSTISK)."
"858","C","CYD","ALARMANLÆG (OPTISK)."
"859","C","CYE","BRANDMELDEANLÆG."
"860","C","CYF","URANLÆG."
"861","C","CYG","FJERNSTYRINGSANLÆG."
"862","C","CYH","FJERNMÅLEANLÆG."
"863","C","CYJ","FJERNTÆLLEANLÆG."
"864","C","CYK","BFH-TELEFONANLÆG."
"865","C","CYL","PERSONSØGERANLÆG, TRÅDLØS."
"866","C","CYM","PERSONSØGERANLÆG, INDUKTIV."
"867","C","CYN","PERSONSØGERANLÆG, TRÅDBUNDET."
"868","C","CYP","OPTISK OVERVÅGNINGSANLÆG."
"869","C","CYQ","OVERORDNET GASMELDEANLÆG."
"870","C","CYR","RØRPOSTANLÆG."
"871","C","CYS","RADIOANLÆG."
"872","C","CYT","TESTTELEFONANLÆG. (Ikke VGB-standard)"
"873","C","CYW","UPS OG IT SKABE"
"874","D","D","Anvendes ikke"
"875","E","EO","OVERORDNET, ALMENT, TVÆRGÅENDE FOR BRÆNDSELSFORSYNING OG BORTSKAFFELSE M.M. Må og kan ikke anvendes til komponentnummerering."
"876","E","EA","LOSNING OG OPLAGRING AF FASTE BRÆNDSTOFFER."
"877","E","EB","MEKANISK TILBEREDNING AF FASTE BRÆNDSTOFFER (KNUSNING, HARPNING, BLANDING, TØRRING M.M. INKL. FREMSTILLING OG BEHANDLING AF GAS)."
"878","E","EC","FORDELINGSANLÆG FOR FASTE BRÆNDSTOFFER."
"879","E","ED","KEMISK BEHANDLING AF FASTE BRÆNDSTOFFER INCL. AFFALDSTRANSPORT (EX. AFSVOVLINGSANLÆG)."
"880","E","EE","OMDANNELSE AF FASTE BRÆNDSTOFFER (EX. FREMSTILLING OG BEHANDLING AF GAS, SE HOVEDGR. R)."
"881","E","EG","FORSYNING MED FLYDENDE BRÆNDSTOFFER."
"882","E","EH","KEMISK BEHANDLING AF FLYDENDE BRÆNDSTOFFER INKL. AFFALDSTRANSPORT."
"883","E","EK","FORSYNING MED GASFORMIGE BRÆNDSTOFFER."
"884","E","EL","KEMISK BEHANDLING AF GASFORMIGE BRÆNDSTOFFER INKL. AFFALDSTRANSPORT."
"885","E","EM","FORSYNING OG TILBEREDNING AF BRÆNDSELSTILSATSSTOFFER."
"886","E","EN","FORSYNING MED SÆRLIGE BRÆNDSTOFFER. (Bruges kun ved kombination af flere brændstofsarter.)"
"887","E","EP","TILBEREDNING AF SÆRLIGE BRÆNDSTOFFER. (Bruges kun ved kombination af flere brændstofsarter.)"
"888","E","EQ","OMDANNELSE AF SÆRLIGE BRÆNDSTOFFER. (Bruges kun ved kombination af flere brændstofsarter.)"
"889","E","ER","TÆNDBRÆNDSTOFFORSYNING."
"890","E","ET","ANLÆG FOR TRANSPORT AF ASKE OG SLAGGE (EXCL. HD)."
"891","E","EU","BEHANDLINGSANLÆG FOR BRÆNDSELSRESTPRODUKTER. (GÆLDENDE FOR FORDELING, FORSYNING OG RØGGASRENSNING INKL. FREMSTILLING AF GAS)."
"892","E","EV","SMØREOLIEFORSYNING."
"893","E","EW","SPÆRREMEDIUMFORSYNING."
"894","E","EX","STYREVÆSKEFORSYNING."
"895","E","EY","STYRINGS-, REGULERINGS- OG BESKYTTELSESUDSTYR."
"896","E","EO","OVERORDNET, ALMENT, TVÆRGÅENDE FOR BRÆNDSELSFORSYNING OG BORTSKAFFELSE AF RESTPRODUKTER (HERUNDER ASKE OG SLAGGE). Må og kan ikke anvendes til komponentnummerering."
"897","E","EOA","ALMENT."
"898","E","EOB","HOVEDDATA."
"899","E","EOC","UNDERSØGELSER, BUDGET, BEVILLINGER."
"900","E","EOD","PLANLÆGNING, TID OG RESSOURCER."
"901","E","EOE","ORDRE OG ORDREKORRESPONDANCE."
"902","E","EOF","MYNDIGHEDER, SIKKERHED, KVALITETSKONTROL."
"903","E","EOG","MØDEREFERATER."
"904","E","EOH","LAYOUT."
"905","E","EOJ","DRIFT OG VEDLIGEHOLDELSE."
"906","E","EOK","RESERVEDELE."
"907","E","EOL","KABLER, HØJSPÆNDING."
"908","E","EAO","GENERELT, ALMENT, TVÆRGÅENDE FOR LOSNING OG OPLAGRING AF FASTE BRÆNDSTOFFER. Må og kan ikke anvendes til komponentnummerering."
"909","E","EAA","SKIBSLASTE- OG LOSSEANLÆG. Fra og med laste- og losseanlæg til transport- henholdsvis mellemlageranlæg."
"910","E","EAB","LASTE- OG LOSSESTATION FOR JERNBANE- OG LASTVOGNE. Fra og med laste- og losseanlæg til transport- henholdsvis mellemlageranlæg."
"911","E","EAC","TRANSPORTANLÆG. Fra og med overtagelse til lager incl. internt transportanlæg for lastning, losning og oplagring, til udlægger."
"912","E","EAD","UDLÆGGERANLÆG. Fra transportanlæg til lager."
"913","E","EAE","SILOANLÆG, LAGERPLADS. Fra laste- og losseanlæg henholdsvis transportanlæg til transport-, grave-, optage- og udlæggeranlæg."
"914","E","EAF","GRAVEANLÆG, OPTAGERANLÆG. Fra siloanlæg henholdsvis lagerplads til transportanlæg (EAC)."
"915","E","EAT","AFVEJNINGSANLÆG."
"916","E","EAU","PRØVEUDTAGNINGSANLÆG."
"917","E","EAV","SMØREOLIEFORSYNING."
"918","E","EAX","STYREMEDIUMFORSYNING FOR STYRINGS-, REGULERINGS- OG BESKYTTELSESUDSTYR."
"919","E","EAY","STYRINGS-, REGULERINGS- OG BESKYTTELSESUDSTYR."
"920","E","EB","MEKANISK TILBEREDNING AF FASTE BRÆNDSTOFFER (KNUSNING, HARPNING, BLANDING, TØRRING M.M. INCL. FORGASNING)."
"921","E","EBO","GENERELT, ALMENT, TVÆRGÅENDE FOR MEKANISK TILBEREDNING AF FASTE BRÆNDSTOFFER (KNUSNING, HARPNING, BLANDING, TØRRING M.M.). Må og kan ikke anvendes til komponentnummerering."
"922","E","EBA","TRANSPORTANLÆG. Fra og med overtagelse til overgang til tilberedning henholdsvis blandeanlæg frem til andet system."
"923","E","EBB","BLANDEANLÆG. Fra og med overtagelse til overgang til andet system."
"924","E","EBC","KNUSE-/MALEANLÆG. Fra og med overtagelse til overgang til andet system."
"925","E","EBD","SIGTE- OG HARPEANLÆG. Fra og med overtagelse til overgang til andet system."
"926","E","EBE","SEPARATIONSANLÆG OG DERES BORTLEDNINGSANLÆG - FOR SÅ VIDT DISSE IKKE ER INTEGRERET I ET AF DE FØRNÆVNTE ANLÆG (EBA-EBD). Fra og med overtagelse til overgang til andet system."
"927","E","EBF","MELLEMLAGER FOR FINE RÅKUL. Fra og med overtagelse til overgang til andet system."
"928","E","EBG","FORTØRRING. Fra og med overtagelse til overgang til andet system."
"929","E","EBH","TØRRING. Fra og med overtagelse til overgang til andet system."
"930","E","EBJ","TRANSPORTANLÆG FOR TØRKUL INKL. EFTERKØLING. Fra og med overtagelse til overgang til andet system."
"931","E","EBK","MELLEMLAGER FOR TØRKUL. Fra og med overtagelse til overgang til andet system."
"932","E","EBL","DAMPKREDSLØB FOR KOMPRESSIONSSYSTEMET. Fra og med overtagelse til overgang til andet system."
"933","E","EBM","UDLUFTNINGSSYSTEM. Fra og med overtagelse til overgang til andet system."
"934","E","EBR","BORTLEDNING AF AFFALD. Fra og med overtagelse fra andet system incl. evt. transportudrustning."
"935","E","EBT","AFVEJNINGSANLÆG."
"936","E","EBU","PRØVEUDTAGNINGSANLÆG."
"937","E","EBV","SMØREOLIEFORSYNING."
"938","E","EBX","STYREMEDIUMFORSYNING FOR STYRINGS-, REGULERINGS- OG BESKYTTELSESUDSTYR."
"939","E","EBY","STYRINGS-, REGULERINGS- OG BESKYTTELSESUDSTYR."
"940","E","ECO","GENERELT, ALMENT, TVÆRGÅENDE FOR FORDELINGSANLÆG FOR FASTE BRÆNDSTOFFER. Må og kan ikke anvendes til komponentnummerering."
"941","E","ECA","TRANSPORTANLÆG. Fra og med overtagelse til overgang til andre systemer."
"942","E","ECT","AFVEJNINGSANLÆG."
"943","E","ECU","PRØVEUDTAGNINGSANLÆG."
"944","E","ECX","STYREMEDIUMFORSYNING FOR STYRINGS-, REGULERINGS- OG BESKYTTELSESUDSTYR."
"945","E","ECY","STYRINGS-, REGULERINGS- OG BESKYTTELSESUDSTYR."
"946","E","ED","KEMISK BEHANDLING AF FASTE BRÆNDSTOFFER INCL. AFFALDSTRANSPORT."
"947","E","EDO","GENERELT, ALMENT, TVÆRGÅENDE FOR KEMISK BEHANDLING AF FASTE BRÆNDSTOFFER INCL. AFFALDSTRANSPORT. Må og kan ikke anvendes til komponentnummerering."
"948","E","EDV","SMØREOLIEFORSYNING."
"949","E","EDX","STYREMEDIUMFORSYNING FOR STYRINGS-, REGULERINGS-, OG BESKYTTELSSUDSTYR."
"950","E","EDY","STYRINGS-, REGULERINGS- OG BESKYTTELSESUDSTYR."
"951","E","EE","OMDANNELSE AF FASTE BRÆNDSTOFFER (EXCL. FREMSTILLING OG BEHANDLING AF GAS, SE GR. R)."
"952","E","EEO","GENERELT, ALMENT, TVÆRGÅENDE FOR OMDANNELSE AF FASTE BRÆNDSTOFFER. Må og kan ikke anvendes til komponentnummerering."
"953","E","EEV","SMØREOLIEFORSYNING."
"954","E","EEX","STYREMEDIUMFORSYNING FOR STYRINGS-, REGULERINGS- OG BESKYTTELSESUDSTYR."
"955","E","EEY","STYRINGS-, REGULERINGS- OG BESKYTTELSESUDSTYR."
"956","E","EGO","GENERELT, ALMENT, TVÆRGÅENDE FOR FORSYNING MED FLYDENDE BRÆNDSTOFFER. Må og kan ikke anvendes til komponentnummerering."
"957","E","EGA","INDPUMPNINGSANLÆG INCL. RØRLEDNINGER. Fra overtagelse til tankstuds, incl. evt. pumper."
"958","E","EGB","TANKANLÆG. Fra og med indløbsstudse i tank til og med udløbsstudse i tank incl. hjælpeudrustning med regulering og overvågning, excl. bærende konstruktioner (UEJ)."
"959","E","EGC","PUMPEANLÆG. Fra og med sugestuds pumpeanlæg til og med trykstuds pumpeanlæg."
"960","E","EGD","RØRLEDNINGSSYSTEM. Fra udløbsstudse i tank incl. ventiler til mellemlager henholdsvis afgrening til forbrugssted incl. ventiler."
"961","E","EGR","AFFALDSTRANSPORT."
"962","E","EGT","OPVARMNINGSSYSTEM. Fra afgrening forsyningsnet til forbrugssted og fra forbrugssted til tilslutning til andet system."
"963","E","EGV","SMØREOLIEFORSYNING."
"964","E","EGX","STYREMEDIUMFORSYNING TIL STYRINGS-, REGULERINGS- OG BESKYTTELSESUDSTYR."
"965","E","EGY","STYRINGS-, REGULERINGS- OG BESKYTTELSESUDSTYR."
"966","E","EH","KEMISK BEHANDLING AF FLYDENDE BRÆNDSTOFFER INCL. AFFALDSTRANSPORT."
"967","E","EHO","GENERELT, ALMENT, TVÆRGÅENDE FOR KEMISK BEHANDLING AF FLYDENDE BRÆNDSTOFFER INCL. AFFALDSTRANSPORT. Må og kan ikke anvendes til komponentnummerering."
"968","E","EHV","SMØREOLIEFORSYNING."
"969","E","EHX","STYREMEDIUMFORSYNING FOR STYRINGS-, REGULERINGS- OG BESKYTTELSESUDSTYR."
"970","E","EHY","STYRINGS-, REGULERINGS- OG BESKYTTELSESUDSTYR."
"971","E","EK","FORSYNING MED GASFORMIGE BRÆNDSTOFER."
"972","E","EKO","GENERELT, ALMENT, TVÆRGÅENDE FOR FORSYNING MED GASFORMIGE BRÆNDSTOFFER. Må og kan ikke anvendes til komponentnummerering."
"973","E","EKA","FORSYNINGSANLÆG INCL. FJERNLEDNINGER. Fra modtagelsessted til og med indgangsstuds andet system."
"974","E","EKB","VÆSKEUDSKILNING. Fra og med indgangsstuds væskeudskiller til og med afgangsstuds væskeudskiller."
"975","E","EKC","FORVARMER. Fra og med tilgangsstuds forvarmer til og med afgangsstuds forvarmer."
"976","E","EKD","HOVEDREDUKTIONSSTATION/AFSPÆNDINGSTURBINE. Fra og med tilgangsstuds hovedreduktionsstation/afspændingsturbine til og med afgangsstuds hovedreduktionsstation/afspændingsturbine."
"977","E","EKE","MEKANISK RENSNING, VASK. Fra og med tilgangsstuds mekanisk rensning, vask til og med afgangsstuds mekanisk rensning, vask."
"978","E","EKF","LAGERTANK. Fra og med tilgangsstuds lagertank til og med afgangsstuds lagertank."
"979","E","EKG","RØRLEDNINGSSYSTEM. Fra overtagelse til afgrening forbruger."
"980","E","EKH","HOVEDTRYKSFORØGELSESANLÆG. Fra og med sugestuds pumpeanlæg til og med trykstuds pumpeanlæg."
"981","E","EKR","AFFALDSTRANSPORT."
"982","E","EKT","OPVARMNINGSSYSTEM. Fra afgrening forsyningssystem til forbruger og fra forbruger til indføring i andet system."
"983","E","EKV","SMØREOLIEFORSYNING."
"984","E","EKW","SPÆRREMEDIUMFORSYNING."
"985","E","EKX","STYREMEDIUMFORSYNING FOR STYRINGS-, REGULERINGS- OG BESKYTTELSESUDSTYR."
"986","E","EKY","STYRINGS-, REGULERINGS- OG BESKYTTELSESUDSTYR."
"987","E","EL","KEMISK BEHANDLING AF GASFORMIGE BRÆNDSTOFFER INCL. AFFALDSTRANSPORT."
"988","E","ELO","GENERELT, ALMENT, TVÆRGÅENDE FOR KEMISK BEHANDLING AF GASFORMIGE BRÆNDSTOFFER INCL. AFFALDSTRANSPORT. Må og kan ikke anvendes til komponentnummerering."
"989","E","ELV","SMØREOLIEFORSYNING."
"990","E","ELW","SPÆRREMEDIUMFORSYNING."
"991","E","ELX","STYREMEDIUMFORSYNING FOR STYRINGS-, REGULERINGS- OG BESKYTTELSESUDSTYR."
"992","E","ELY","STYRINGS-, REGULERINGS- OG BESKYTTELSESUDSTYR."
"993","E","EM","FORSYNING OG TILBEREDNING AF BRÆNDSELSTILSATSTOFFER."
"994","E","EMO","GENERELT, ALMENT, TVÆRGÅENDE FOR FORSYNING OG TILBEREDNING AF BRÆNDSELSTILSATSSTOFFER. Må og kan ikke anvendes til komponentnummerering."
"995","E","EMV","SMØREOLIEFORSYNING."
"996","E","EMX","STYREMEDIUMFORSYNING FOR STYRINGS-, REGULERINGS- OG BESKYTTELSESUDSTYR."
"997","E","EMY","STYRINGS-, REGULERINGS- OG BESKYTTELSESUDSTYR."
"998","E","ENO","GENERELT, ALMENT, TVÆRGÅENDE FOR FORSYNING MED SÆRLIGE BRÆNDSTOFFER. Må og kan ikke anvendes til komponentnummerering."
"999","E","ENV","SMØREOLIEFORSYNING."
"1000","E","ENX","STYREMEDIUMFORSYNING FOR STYRINGS-, REGULERINGS- OG BESKYTTELSESUDSTYR."
"1001","E","ENY","STYRINGS-, REGULERINGS- OG BESKYTTELSESUDSTYR."
"1002","E","EP","TILBEREDNING SÆRLIGE BRÆNDSTOFFER. (Bruges kun ved kombination af flere brændstofsarter.)"
"1003","E","EPO","GENERELT, ALMENT, TVÆRGÅENDE FOR TILBEREDNING SÆRLIGE BRÆNDSTOFFER. Må og kan ikke anvendes til komponentnummerering."
"1004","E","EPV","SMØREOLIEFORSYNING."
"1005","E","EPX","STYREMEDIUMFORSYNING FOR STYRINGS-, REGULERINGS- OG BESKYTTELSESUDSTYR."
"1006","E","EPY","STYRINGS-, REGULERINGS- OG BESKYTTELSESUDSTYR."
"1007","E","EQO","GENERELT, ALMENT, TVÆRGÅENDE FOR OMDANNELSE AF SÆRLIGE BRÆNDSTOFFER. Må og kan ikke anvendes til komponentnummerering."
"1008","E","EQV","SMØREOLIEFORSYNING."
"1009","E","EQX","STYREMEDIUMFORSYNING FOR STYRINGS-, REGULERINGS- OG BESKYTTELSESUDSTYR."
"1010","E","EQY","STYRINGS-, REGULERINGS- OG BESKYTTELSESUDSTYR."
"1011","E","ERO","GENERELT, ALMENT, TVÆRGÅENDE FOR TÆNDBRÆNDSTOFFORSYNING. Må og kan ikke anvendes til komponentnummerering."
"1012","E","ERA","KULSTØVFORSYNINGSANLÆG. Fra overtagelse til afgrening til kedel henholdsvis til andre forbrugere."
"1013","E","ERB","OLIEFORSYNINGSANLÆG. Fra overtagelse til afgrening til kedel henholdsvis til andre forbrugere."
"1014","E","ERC","GASFORSYNINGSANLÆG. Fra overtagelse til afgrening til kedel henholdsvis til andre forbrugere."
"1015","E","ERV","SMØREOLIEFORSYNING."
"1016","E","ERX","STYREMEDIUMFORSYNING FOR STYRINGS-, REGULERINGS- OG BESKYTTELSESUDSTYR."
"1017","E","ERY","STYRINGS-, REGULERINGS- OG BESKYTTELSESUDSTYR."
"1018","E","ETO","GENERELT, ALMENT, TVÆRGÅENDE FOR ANLÆG FOR TRANSPORT AF ASKE OG SLAGGE (EXCL. HD). Må og kan ikke anvendes til komponentnummerering."
"1019","E","ETA","TRANSPORTANLÆG FOR SLAGGE (KEDEL MED TØRT FYRRUM). Fra udtagningsanordning for kedelfyrrum henholdsvis fra overtagelsesstedet til lager henholdsvis til overgang til andet system."
"1020","E","ETB","LAGER HENHOLDSVIS UDSKILNINGSBASSIN FOR VÅD ASKE. Fra overtagelses til og med udtagningsanordning."
"1021","E","ETC","GRAVEMASKINE FOR SLAGGE. Fra overtagelse til overgang til andet system."
"1022","E","ETD","TRANSPORTANLÆG FOR GRANULERET SLAGGE (KEDEL MED SMELTEKAMMER). Fra udtagningsanordning for kedelfyrrum til lager eller til overgang til andet system."
"1023","E","ETE","LAGERANLÆG FOR GRANULERET SLAGGE. Fra overtagelse til og med udtagningsanordning, excl. bærende konstruktioner (UET)."
"1024","E","ETG","TRANSPORTANLÆG FOR FLYVEASKE. Fra udtagningsanordning (kedel 2. træk, lufo, elektrofilter mv.) til lageranlæg eller til overgang til andet system."
"1025","E","ETH","LAGERANLÆG FOR FLYVEASKE. Fra overtagelse til og med udtagningsanordning, excl. bærende konstruktioner (UET)."
"1026","E","ETK","FÆLLES TRANSPORTANLÆG FOR SLAGGE OG FLYVEASKE. Fra overtagelse til lager eller til overgang til andet system."
"1027","E","ETL","FÆLLES LAGERANLÆG FOR SLAGGE OG FLYVEASKE. Fra overtagelse til og med udtagningsanordning, excl. bærende konstruktioner (UET)."
"1028","E","ETM","UDLÆGGERANLÆG FOR VÅD- OG TØR ASKE. Fra overtagelse transportanlæg til grube henholdsvis til overgang til andet system."
"1029","E","ETN","TRANSPORT, FORDELING OG TILBAGEFØRING AF SPULEVAND. Fra tilgang eller fra og med afgrening til overgang til andet system."
"1030","E","ETP","FREMSTILLING OG FORDELING AF TRANSPORTLUFT. Fra afgrening eller fra og med kompressoranlæg til tilgang i transportsystem."
"1031","E","ETV","SMØREOLIEFORSYNING."
"1032","E","ETX","STYREMEDIUMFORSYNING TIL STYRINGS-, REGULERINGS- OG BESKYTTELSESUDSTYR."
"1033","E","ETY","STYRINGS-, REGULERINGS- OG BESKYTTELSESUDSTYR."
"1034","E","EU","RENSNINGSANLÆG FOR BRÆNDSELSRESTPRODUKTER."
"1035","E","EUO","GENERELT, ALMENT, TVÆRGÅENDE FOR RENSNINGSANLÆG FOR BRÆNDSELSRESTPRODUKTER. Må og kan ikke anvendes til komponentnummerering."
"1036","E","EUA","RENSNINGSANLÆG FOR RESTPRODUKTER FRA BRÆNDSELSRENSNING. Fra og med tilgang til og med afgang."
"1037","E","EUB","RENSNINGSANLÆG FOR RESTPRODUKTER FRA BRÆNDSELSOMDANNELSE. Fra og med tilgang til og med afgang."
"1038","E","EUC","RENSNINGSANLÆG FOR RESTPRODUKTER FRA BRÆNDSESLFORBRÆNDINGEN. Fra og med tilgang til og med afgang."
"1039","E","EUD","RENSNINGSANLÆG FOR RESTPRODUKTER FRA RØGGASRENSNING. Fra og med tilgang til og med afgang."
"1040","E","EUE","RENSNINGSANLÆG FOR RESTPRODUKTER FRA GASFREMSTILLING ELLER -BEHANDLING. Fra og med tilgang til og med afgang."
"1041","E","EUF","RENSNINGSANLÆG FOR RESTPRODUKTER FRA BRÆNDSELSRENSNING (I TILFÆLDE AF AT *EUA* IKKE ER TILSTRÆKKELIG). Fra og med tilgang til og med afgang."
"1042","E","EUG","RENSNINGSANLÆG FOR RESTPRODUKTER FRA BRÆNDSELSRENSNING (I TILFÆLDE AF AT *EUA* OG *EUF* IKKE ER TILSTRÆKKELIGE). Fra og med tilgang til og med afgang."
"1043","E","EUH","RENSNINGSANLÆG FOR RESTPRODUKTER FRA BRÆNDSELSOMDANNELSE (I TILFÆLDE AF AT *EUB* IKKE ER TILSTRÆKKELIG). Fra og med tilgang til og med afgang."
"1044","E","EUJ","RENSNINGSANLÆG FOR RESTPRODUKTER FRA BRÆNDSELSOMDANNELSE (I TILFÆLDE AF AT *EUB* OG *EUH* IKKE ER TILSTRÆKKELIGE). Fra og med tilgang til og med afgang."
"1045","E","EUK","RENSNINGSANLÆG FOR RESTPRODUKTER FRA BRÆNDSELSFORBRÆNDING (I TILFÆLDE AF AT *EUC* IKKE ER TILSTRÆKKELIG). Fra og med tilgang til og med afgang."
"1046","E","EUL","RENSNINGSANLÆG FOR RESTPRODUKTER FRA BRÆNDSELSFORBRÆNDING (I TILFÆLDE AF AT *EUC* OG *EUK* IKKE ER TILSTRÆKKELIGE). Fra og med tilgang til og med afgang."
"1047","E","EUM","RENSNINGSANLÆG FOR RESTPRODUKTER FRA RØGGASRENSNING (I TILFÆLDE AF AT *EUD* IKKE ER TILSTRÆKKELIG). Fra og med tilgang til og med afgang."
"1048","E","EUN","RENSNINGSANLÆG FOR RESTPRODUKTER FRA RØGGASRENSNING (I TILFÆLDE AF AT *EUD OG *EUM* IKKE ER TILSTRÆKKELIGE). Fra og med tilgang til og med afgang."
"1049","E","EUP","RENSNINGSANLÆG FOR RESTPRODUKTER FRA GASFREMSTILLING OG -BEHANDLING (I TILFÆLDE AF AT *EUE* IKKE ER TILSTRÆKKELIG). Fra og med tilgang til og med afgang."
"1050","E","EUQ","RENSNINGSANLÆG FOR RESTPRODUKTER FRA GASFREMSTILLING OG -BEHANDLING (I TILFÆLDE AF AT *EUD* OG *EUP* IKKE ER TILSTRÆKKELIGE). Fra og med tilgang til og med afgang."
"1051","E","EUV","SMØREOLIEFORSYNING."
"1052","E","EUX","STYREMEDIUMFORSYNING AF STYRINGS-, REGULERINGS- OG BESKYTTELSELSUDSTYR."
"1053","E","EUY","STYRINGS-, REGULERINGS- OG BESKYTTELSESUDSTYR."
"1054","E","EVO","GENERELT, ALMENT, TVÆRGÅENDE FOR SMØREOLIEFORSYNING. Må og kan ikke anvendes til komponentnummerering."
"1055","E","EWO","GENERELT, ALMENT, TVÆRGÅENDE FOR SPÆRREMEDIUMFORSYNING Må og kan ikke anvendes til komponentnummerering."
"1056","E","EXO","GENERELT, ALMENT, TVÆRGÅENDE FOR STYREVÆSKEFORSYNING. Må og kan ikke anvendes til komponentnummerering."
"1057","E","EYO","GENERELT, ALMENT, TVÆRGÅENDE FOR STYRINGS-, REGULERINGS- OG BESKYTTELSESUDSTYR. Må og kan ikke anvendes til komponentnummerering."
"1058","F","F","Nuklear (anvendes ikke)"
"1059","G","GO","OVERORDNET, ALMENT, TVÆRGÅENDE FOR VANDFORSYNING OG SPILDEVANDSBEHANDLING. Må og kan ikke anvendes til komponentnummerering."
"1060","G","GA","RÅVANDSINDVINDING (VANDVÆRK)."
"1061","G","GB","VANDBEHANDLINGSANLÆG (AFKALKNING EXCL. KØLETÅRNSSPÆDEVANDSBEHANDLING)."
"1062","G","GC","VANDBEHANDLINGSANLÆG (TOTALAFSALTNING)."
"1063","G","GD","VANDBEHANDLINGSANLÆG ØVRIGE (F.EKS. FOR FJERNVARME)."
"1064","G","GH","FORDELINGSSYSTEMER FOR BEHANDLET VAND (EXCL. DRIKKE-OG KØLEVAND)."
"1065","G","GK","DRIKKEVANDSFORSYNING OG FORDELING."
"1066","G","GL","BLOKERET."
"1067","G","GM","OPSAMLINGS- OG KLOAKSYSTEMER FOR FORBRUGSVAND."
"1068","G","GN","VANDRENSNINGSANLÆG FOR FORBRUGSVAND."
"1069","G","GQ","OPSAMLINGS- OG KLOAKSYSTEMER FOR SANITETSSPILDEVAND."
"1070","G","GR","VANDRENSNINGSANLÆG FOR SANITETSSPILDEVAND."
"1071","G","GT","VANDGENINDVINDINGSANLÆG FOR SPILDEVAND."
"1072","G","GU","OPSAMLINGS- OG KLOAKSYSTEMER FOR REGNVAND."
"1073","G","GV","SMØREOLIEFORSYNING."
"1074","G","GW","SPÆRREMEDIUMFORSYNING."
"1075","G","GX","STYREVÆSKEFORSYNING."
"1076","G","GY","STYRINGS-, REGULERINGS- OG BESKYTTELSESUDSTYR."
"1077","G","GO","OVERORDNET, ALMENT, TVÆRGÅENDE FOR VANDFORSYNING OG SPILDEVAND. Må og kan ikke anvendes til komponentnummerering."
"1078","G","GOA","ALMENT."
"1079","G","GOB","HOVEDDATA."
"1080","G","GOC","UNDERSØGELSER, BUDGET, BEVILLINGER."
"1081","G","GOD","PLANLÆGNING, TID OG RESSOURCER."
"1082","G","GOE","ORDRE OG ORDREKORRESPONDANCE GENERELT."
"1083","G","GOF","MYNDIGHEDER, SIKKERHED, KVALITETSKONTROL."
"1084","G","GOG","MØDEREFERATER."
"1085","G","GOH","LAYOUT."
"1086","G","GOJ","DRIFT OG VEDLIGEHOLDELSE."
"1087","G","GAO","GENERELT, ALMENT, TVÆRGÅENDE FOR RÅVANDSINDVINDING (VANDVÆRK). Må og kan ikke anvendes til komponentnummerering."
"1088","G","GAA","INDVINDING, GROVRENSNING (VANDVÆRK). Fra og med tilgangsstudse vandværk til og med afgangsstudse, incl. interne pumpeanlæg, filteranlæg, iltningsanlæg, excl. transportpumper og evt. borehulspumper."
"1089","G","GAC","RØRLEDNINGS- OG KANALSYSTEM. Fra afgangsstudse boringspumpeanlæg til tilgang forbrugere i andet system (GC, GD, GH, GK) incl. tilslutningsventiler excl. vandværk, excl. pumpeanlæg, excl. hydrofor hhv. højdeholder, vandreservoir."
"1090","G","GAD","VANDRESERVOIR. Fra og med tilgangsstudse til og med afgangsstudse. Incl. hydroforanlæg."
"1091","G","GAF","PUMPEANLÆG. Fra og med tilgangsstudse til og med afgangsstudse, hoved transportpumper og borehulspumper."
"1092","G","GAV","SMØREMEDIEFORSYNINGSANLÆG."
"1093","G","GAX","STYREMEDIUMFORSYNING FOR STYRINGS-, REGULERINGS- OG BESKYTTELSESUDSTYR."
"1094","G","GAY","STYRINGS-, REGULERINGS- OG BESKYTTELSESUDSTYR."
"1095","G","GB","VANDBEHANDLINGSANLÆG (AFKALKNING INCL. KØLETÅRNSSPÆDEVANDSBEHANDLING."
"1096","G","GBO","GENERELT, ALMENT, TVÆRGÅENDE FOR VANDBEHANDLINGSANLÆG (AFKALKNING INCL. KØLETÅRNSSPÆDEVANDSBEHANDLING). Må og kan ikke anvendes til komponentnummerering."
"1097","G","GCO","GENERELT, ALMENT, TVÆRGÅENDE FOR VANDBEHANDLINGSANLÆG (TOTALAFSALTNING). Må og kan ikke anvendes til komponentnummerering."
"1098","G","GCB","FILTRERING OG MEKANISK RENSNINGSANLÆG. Fra og med tilgangsstudse filteranlæg til og med afgangsstudse incl. filteranlæg."
"1099","G","GCC","LUFTSKYLNINGSANLÆG. Fra og med kompressoranlæg hhv. tilgangsledning luftsystem til tilgangsstuds filteranlæg."
"1100","G","GCD","FÆLDNINGSANLÆG (F.EKS. TIL AFKALKNING). Fra og med tilgangsstudse fældningsanlæg til og med afgangsstudse."
"1101","G","GCE","SYREDOSERINGSANLÆG (F.EKS. TIL AFKALKNING)."
"1102","G","GCF","IONBYTTER- OG OMVENDT OSMOSEANLÆG (F.EKS. TIL AFSALTNING). Fra og med tilgangsstudse ionbytter hhv. osmoseanlæg til og med afgangsstudse incl afløbsledninger til evt. afløbskar."
"1103","G","GCG","FORDAMPNINGSANLÆG (F.EKS. TIL AFSALTNING)."
"1104","G","GCH","AFGASNINGSANLÆG (F.EKS. CO2-RISLER), TØRREANLÆG. Fra og med tilgangsstudse til og med procesafgangsstudse CO2-risleranlæg incl. afluftningsledninger til atmosefæren."
"1105","G","GCJ","FORVARMNINGS- OG KØLEANLÆG. Fra og med tilgangsstudse forvarmer hhv. køler til og med afgangsstudse."
"1106","G","GCK","RØRLEDNINGSSYSTEM, MELLEMLAGERTANKE OG TRANSPORTPUMPER. Fra tilgangsstudse andre systemer incl. mellemlagertanke og pumpeanlæg til tilgang andre systemer."
"1107","G","GCL","LAGERTANKE UDENFOR TOTALAFSALTNINGSANLÆG. Såfremt de ikke indgår i andre systemer. Fra og med tilgangsstudse til og med afgangsstudse."
"1108","G","GCN","KEMIKALIEFORSYNINGSANLÆG. Fra tilgangsstudse kemikalielagringssystem til tilgang regenerationsanlæg incl. kemikalielagringsanlæg."
"1109","G","GCP","REGENERERINGS- OG SKYLLEANLÆG. Fra afgangsstudse kemikalieforsyningsanlæg hhv. regenerationsanlæg til tilgangsstudse ionbytteranlæg incl. doseringspumper."
"1110","G","GCQ","DOSERINGSSYSTEM FOR REGENERATIONSANLÆG. Fra og med tilgangsstuds regenerationsanlæg til og med doseringsindretning."
"1111","G","GCR","SKYLLEVANDS- OG SLAMBORTLEDNING INCL. NEUTRALISATIONSANLÆG. Fra og med afløbsrender og afløbsrørledninger til afgang afløb andet spildevandssystem, men incl. neutralisationsbassin."
"1112","G","GCS","SLAMINDSLEMNINGSANLÆG."
"1113","G","GCT","OPVARMNINGS-, KØLINGS- OG SKYLLEVANDSRØRSYSTEM. Fra og med tilgangsstudse til og med afgangsstudse."
"1114","G","GCX","STYREMEDIUMFORSYNING FOR STYRINGS-, REGULERINGS- OG BESKYTTELSESUDSTYR."
"1115","G","GCY","STYRINGS-, REGULERINGS- OG BESKYTTELSESUDSTYR."
"1116","G","GDO","GENERELT, ALMENT, TVÆRGÅENDE FOR VANDBEHANDLINGSANLÆG ØVRIGE (F.EKS. FOR FJERNVARME). Må og kan ikke anvendes til komponentnummerering."
"1117","G","GDB","FILTRERING OG MEKANISK RENSNINGSANLÆG."
"1118","G","GDC","LUFTSKYLNINGSANLÆG. Fra og med kompressoranlæg hhv. tilgangsledning luftsystem til tilgangsstuds filteranlæg."
"1119","G","GDD","FÆLDNINGSANLÆG (F.EKS. TIL AFKALKNING). Fra og med tilgangsstudse fældningsanlæg til og med afgangsstudse."
"1120","G","GDE","SYREDOSERINGSANLÆG (F.EKS. TIL AFKALKNING)."
"1121","G","GDF","IONBYTTER- OG OMVENDT OSMOSEANLÆG (F.EKS. TIL AFSALTNING). Fra og med tilgangsstudse ionbytter hhv. osmoseanlæg til og med afgangsstudse incl. afluftningsledninger til afløbskar."
"1122","G","GDG","FORDAMPNINGSANLÆG (F.EKS. TIL AFSALTNING)."
"1123","G","GDH","AFGASNINGSANLÆG (F.EKS. CO2-RISLER), TØRREANLÆG. Fra og med tilgangsstudse til og med procesafgangsstudse CO2-risleranlæg incl. afluftningsledninger til atmosfæren."
"1124","G","GDJ","FORVARMNINGS- OG KØLEANLÆG. Fra og med tilgangsstudse forvarmer hhv. køler til og med afgangsstudse."
"1125","G","GDK","RØRLEDNINGSSYSTEM, MELLEMLAGERTANKE OG TRANSPORTPUMPER. Fra tilgangsstudse andre systemer incl. mellemlagertanke og pumpeanlæg til tilgang andre systemer."
"1126","G","GDL","LAGERTANKE UDENFOR VANDBEHANDLINGSANLÆG. Såfremt de ikke indgår i andre systemer. Fra og med tilgangsstudse til og med afgangsstudse."
"1127","G","GDN","KEMIKALIEFORSYNINGSANLÆG. Fra tilgangsstudse kemikalielagringssystem til tilgang regenerationsanlæg incl. kemikalielagringsanlæg."
"1128","G","GDP","REGENERERINGS- OG SKYLLEANLÆG. Fra afgangsstudse kemikalieforsyningsanlæg hhv. regenerationsanlæg til tilgangsstudse ionbytteranlæg incl. doseringspumper."
"1129","G","GDQ","DOSERINGSSYSTEM FOR REGENERATIONSANLÆG. Fra og med tilgangsstuds regenerationsanlæg til og med doseringsindretning."
"1130","G","GDR","SKYLLEVANDS- OG SLAMBORTLEDNING INCL. NEUTRALISATIONSANLÆG. Fra og med afløbsrender og afløbsrørledninger til tilgang afløb andet spildevandssystem, men incl. neutralisationsbassin."
"1131","G","GDS","SLAMINDSLEMNINGSANLÆG."
"1132","G","GDT","OPVARMNINGS-, KØLINGS- OG SKYLLEVANDSRØRSYSTEM. Fra og med tilgangsstudse til og med afgangsstudse."
"1133","G","GDX","STYREMEDIUMFORSYNING FOR STYRINGS-, REGULERINGS- OG BESKYTTELSESUDSTYR."
"1134","G","GDY","STYRINGS-, REGULERINGS- OG BESKYTTELSESUDSTYR."
"1135","G","GH","FORDELINGSSYSTEMER FOR BEHANDLET VAND (EXCL. DRIKKE- OG KØLEVAND)."
"1136","G","GHO","GENERELT, ALMENT, TVÆRGÅENDE FOR FORDELINGSSYSTEMER FOR BEHANDLET VAND (EXCL. DRIKKE- OG KØLEVAND). Må og kan ikke anvendes til komponentnummerering."
"1137","G","GHB","FORDELINGSSYSTEM FOR AFKALKET VAND. Fra afkalkningsanlæg til tilgang andre systemer."
"1138","G","GHC","FORDELINGSSYSTEM FOR TOTALAFSALTET VAND. Fra totalafsaltningsanlæg til tilgang andre systemer (f.eks. LCP)."
"1139","G","GHD","FORDELINGSSYSTEM FOR ØVRIGE BEHANDLET VAND. Fra vandbehandlingssystem til tilgang andre systemer."
"1140","G","GHW","SPÆRREMEDIUMFORSYNING."
"1141","G","GK","DRIKKEVANDSFORSYNING OG -FORDELING."
"1142","G","GKO","GENERELT, ALMENT, TVÆRGÅENDE FOR DRIKKEVANDSFORSYNING OG -FORDELING. Må og kan ikke anvendes til komponentnummerering."
"1143","G","GKA","DRIKKEVANDSTILGANGSLEDNINGER. Fra vandværk (GAA) hhv. fra afgrening andet system til tilgang drikkevandslagertank incl. evt. drikkevandsbehandlingsanlæg."
"1144","G","GKB","DRIKKEVANDSLAGER, -PUMPNING OG -FORDELINGSSYSTEM. Fra og med tilgangsstuds drikkevandslagertank til og med afgangsstuds pumpeanlæg incl. drikkevandslagertank samt ledninger til andet system."
"1145","G","GKG","NØDBRUSER"
"1146","G","GKL","DRIKKEVANDSFORSYNING (bygningsspecifikt)"
"1147","G","GKQ","DRIKKEVANDSFORSYNING (bygningsspecifikt)"
"1148","G","GKR","DRIKKEVANDSFORSYNING (bygningsspecifikt)"
"1149","G","GM","OPSAMLINGS- OG KLOAKSYSTEMER FOR FORBRUGSVAND. Fra gulvafløb til tilgang andre systemer. Anvendes normalt ikke til komponentnummerering. Hører ind under de respektive bygninger i U."
"1150","G","GMO","GENERELT, ALMENT, TVÆRGÅENDE FOR OPSAMLINGS- OG KLOAKSYSTEMER FOR FORBRUGSVAND. Må og kan ikke anvendes til komponentnummerering."
"1151","G","GMA","KØLE-/SVALEBASSIN. Fra og med tilgangsstudse. Til og med afløbsledninger incl. pumper og interne rørledninger til tilgange andet system. Bygningskonstruktion *UGX*."
"1152","G","GMB","SEDIMENTATIONSBASSIN. Fra og med tilgangsstudse. Til og med afløbsrørledninger til tilgang andet system. Bygningskonstruktion *UGR*."
"1153","G","GMC","DRÆNSYSTEMER Fra og med tilgangsstudse. Til og med afløbsledninger inkl. pumper og interne rørledninger til tilgange andet system. Bygningskonstruktion *UGZ*."
"1154","G","GMQ","PROCES DRÆNSYSTEM VED KØLEVANDSBYGNING Fra og med tilgangsstudse. Til og med afløbsledninger inkl. pumper og interne rørledninger til tilgange andet system."
"1155","G","GNO","GENERELT, ALMENT, TVÆRGÅENDE FOR VANDRENSNINGSANLÆG FOR FORBRUGSVAND. Må og kan ikke anvendes til komponentnummerering."
"1156","G","GNB","FILTRERING OG MEKANISK RENSNINGSANLÆG."
"1157","G","GNC","LUFTSKYLNINGSANLÆG. Fra og med kompressoranlæg hhv. tilgangsledning luftsystem til tilgangsstudse filteranlæg."
"1158","G","GND","FÆLDNINGSANLÆG (F.EKS. TIL AFKALKNING). Fra og med tilgangsstudse fældningsanlæg til og med afgangsstudse."
"1159","G","GNE","SYREDOSERINGSANLÆG (F.EKS. TIL AFKALKNING)."
"1160","G","GNF","IONBYTTEANLÆG (F.EKS. TIL AFSALTNING). Fra og med tilgangsstudse ionbytter til og med afgangsstudse incl. afløbsledninger til evt. afløbskar."
"1161","G","GNG","FORDAMPNINGSANLÆG (F.EKS. TIL AFSALTNING)."
"1162","G","GNH","AFGASNINGSANLÆG Fra og med aflufter henholdsvis tilgangsstudse til og med afgangsstudse inkl. opvarmningsudstyr til dampfortætter"
"1163","G","GNJ","FORVARMNINGS- OG KØLEANLÆG. Fra og med tilgangsstudse forvarmer hhv. køler til og med afgangsstudse."
"1164","G","GNK","RØRLEDNINGSSYSTEM, MELLEMLAGERTANKE OG TRANSPORTPUMPER. Fra tilgangsstudse andre systemer incl. rørledninger mellemlagertanke og pumpeanlæg til tilgang andre systemer."
"1165","G","GNL","LAGERTANKE UDENFOR VANDBEHANDLINGSANLÆG. Såfremt de ikke indgår i andre systemer. Fra og med tilgangsstudse til og med afgangsstudse."
"1166","G","GNN","KEMIKALIEFORSYNINGSANLÆG. Fra tilgangsstudse kemikalielagringssystem til tilgang regenerationsanlæg incl. kemikalielagringsanlæg."
"1167","G","GNP","REGENERERINGS- OG SKYLLEANLÆG. Fra afgangsstudse kemikalieforsyningsanlæg hhv. regenerationsanlæg til tilgangsstudse ionbytteranlæg incl. doseringspumper."
"1168","G","GNQ","DOSERINGSSYSTEM FOR REGENERATIONSANLÆG. Fra og med tilgangsstuds regenerationsanlæg til og med doseringsindretning."
"1169","G","GNR","SKYLLEVANDS- OG SLAMBORTLEDNING INCL. NEUTRALISATIONSANLÆG. Fra og med afløbsrender og afløbsrørledninger til afgang afløb andet spildevandssystem, men incl. neutralisationsbassin."
"1170","G","GNS","SLAMINDSLEMNINGSANLÆG."
"1171","G","GNT","OPVARMNINGS-, KØLINGS- OG SKYLLEVANDSRØRSYSTEM. Fra og med tilgangsstudse til og med afgangsstudse."
"1172","G","GNX","STYREMEDIUMFORSYNING FOR STYRINGS-, REGULERINGS- OG BESKYTTELSESUDSTYR."
"1173","G","GNY","STYRINGS-, REGULERINGS- OG BESKYTTELSESUDSTYR."
"1174","G","GQ","OPSAMLINGS- OG KLOAKSYSTEMER FOR SANITETSSPILDEVAND. Anvendes ikke til komponentnummerering, henføres under de respektive bygninger i gruppe U. Fra sanitære installationer til tilgang andre systemer."
"1175","G","GQO","GENERELT, ALMENT, TVÆRGÅENDE FOR OPSAMLINGS- OG KLOAKSYSTEMER FOR SANITETSSPILDEVAND. Må og kan ikke anvendes til komponentnummerering."
"1176","G","GQE","OPSAMLING -OG AFLØBSSYSTEMER FOR HUSSPILDEVAND (bygningsspecifikt)"
"1177","G","GQL","OPSAMLING -OG AFLØBSSYSTEMER FOR HUSSPILDEVAND (bygningsspecifikt)"
"1178","G","GQQ","OPSAMLING -OG AFLØBSSYSTEMER FOR HUSSPILDEVAND (bygningsspecifikt)"
"1179","G","GQR","OPSAMLING -OG AFLØBSSYSTEMER FOR HUSSPILDEVAND (bygningsspecifikt)"
"1180","G","GRO","GENERELT, ALMENT, TVÆRGÅENDE FOR VANDRENSNINGSANLÆG FOR SANITETSSPILDEVAND. Må og kan ikke anvendes til komponentnummerering."
"1181","G","GTO","GENERELT, ALMENT, TVÆRGÅENDE FOR VANDGENINDVINDINGSANLÆG FOR SPILDEVAND. Må og kan ikke anvendes til komponentnummerering."
"1182","G","GU","OPSAMLINGS- OG KLOAKSYSTEMER FOR REGNVAND. Anvendes ikke til komponentnummerering, henføres under de respektive bygninger i gruppe U."
"1183","G","GUO","GENERELT, ALMENT, TVÆRGÅENDE FOR OPSAMLINGS- OG KLOAKSYSTEMER FOR REGNVAND. Må og kan ikke anvendes til komponentnummerering."
"1184","G","GUE","OPSAMLING- OG AFLØBSSYSTEMER FOR REGNVAND (bygningsspecifikt)"
"1185","G","GUL","OPSAMLING- OG AFLØBSSYSTEMER FOR REGNVAND (bygningsspecifikt)"
"1186","G","GUQ","OPSAMLING- OG AFLØBSSYSTEMER FOR REGNVAND (bygningsspecifikt)"
"1187","G","GUR","OPSAMLING- OG AFLØBSSYSTEMER FOR REGNVAND (bygningsspecifikt)"
"1188","G","GUT","OPSAMLING- OG AFLØBSSYSTEMER FOR REGNVAND (bygningsspecifikt)"
"1189","G","GV","GENERELT, ALMENT, TVÆRGÅENDE FOR SMØREOLIEFORSYNING. Må og kan ikke anvendes til komponentnummerering."
"1190","G","GWO","GENERELT, ALMENT, TVÆRGÅENDE FOR SPÆRREMEDIUMFORSYNING. Må og kan ikke anvendes til komponentnummerering."
"1191","G","GXO","GENERELT, ALMENT, TVÆRGÅENDE FOR STYREVÆSKEFORSYNING. Må og kan ikke anvendes til komponentnummerering."
"1192","G","GYO","GENERELT, ALMENT, TVÆRGÅENDE FOR STYRINGS-, REGULERINGS- OG BESKYTTELSESUDSTYR. Må og kan ikke anvendes til komponentnummerering."
"1193","H","HO","OVERORDNET, ALMENT, TVÆRGÅENDE FOR KEDELANLÆG. Må og kan ikke anvendes til komponentnummerering."
"1194","H","HA","KEDELTRYKSYSTEM."
"1195","H","HB","BÆRENDE KONSTRUKTIONER OG BEKLÆDNINGER SAMT KEDEL-INDERSIDE."
"1196","H","HC","RENSESYSTEMER FOR HEDEFLADER PÅ RØGSIDEN (SODBLÆSERE OG SODUDSKYLNING)."
"1197","H","HD","ANLÆG FOR UDTAGNING AF ASKE OG SLAGGE FRA KEDELANLÆG."
"1198","H","HE","OXYGEN PRODUKTION/- FORSYNING"
"1199","H","HF","FASTE BRÆNDSELSSILO-, TILDELER- OG MALEANLÆG."
"1200","H","HG","CO2-BEHANDLING I RØGGAS."
"1201","H","HH","FYRINGSSYSTEM (OGSÅ MED ELEKTRISK ENERGI)."
"1202","H","HJ","TÆNDFYRINGSSYSTEM (SEPARAT SYSTEM)."
"1203","H","HK","CO2-UDSKILNING I RØGGAS."
"1204","H","HL","FORBRÆNDINGSLUFTSYSTEM (PRIMÆR- OG SEKUNDÆRLUFT)."
"1205","H","HM","GASOPVARMNINGSSYSTEM (FOR LUKKET SYSTEM)."
"1206","H","HN","RØGGASSYSTEM (EXCL. RØGGASBEHANDLING)."
"1207","H","HP","GEOTERMI."
"1208","H","HQ","SOLAR TERMISK SYSTEM."
"1209","H","HR","KEMISK RØGGASBEHANDLING INCL. BORTTRANSPORT AF AFFALD, ADSORPTIONSPROCESSER. (Adsorption: Optagelse af stof på overfladen af et andet.)"
"1210","H","HS","KEMISK RØGGASBEHANDLING INCL. BORTTRANSPORT AF AFFALD, KATALYTISKE PROCESSER (F.EKS. DeNOx-PROCESSER). Såfremt det er adskilt fra HT."
"1211","H","HT","KEMISK RØGGASBEHANDLING INCL. BORTTRANSPORT AF AFFALD, ABSORPTIONSPROCESSSER. (Absorption: Homogen optagelse af et stof i et rumfang af et andet stof.) Afsvovlingsanlæg også i kombination med behandling af andre røggaskomponenter."
"1212","H","HU","RØGGASGENOPVARMNINGSSYSTEM INDENFOR AFSVOVLINGSANLÆG."
"1213","H","HV","SMØREOLIEFORSYNING."
"1214","H","HW","SPÆRREMEDIUMFORSYNING."
"1215","H","HX","STYREMEDIUMFORSYNING FOR STYRINGS-, REGULERINGS- OG BESKYTTELSESUDSTYR."
"1216","H","HY","STYRINGS-, REGULERING- OG BESKYTTELSESUDSTYR."
"1217","H","HOA","ALMENT."
"1218","H","HOB","HOVEDDATA."
"1219","H","HOC","UNDERSØGELSER, BUDGET, BEVILLINGER."
"1220","H","HOD","PLANLÆGNING, TID OG RESSOURCER."
"1221","H","HOE","ORDRE OG ORDREKORRESPONDANCE GENERELT."
"1222","H","HOF","MYNDIGHEDER, SIKKERHED, KVALITETSKONTROL."
"1223","H","HOG","MØDEREFERATER."
"1224","H","HOH","LAYOUT."
"1225","H","HOJ","DRIFT OG VEDLIGEHOLDELSE."
"1226","H","HOK","RESERVEDELE."
"1227","H","HAO","GENERELT, ALMENT, TVÆRGÅENDE FOR KEDELTRYKSYSTEM. Må og kan ikke anvendes til komponentnummerering."
"1228","H","HAA","LT-DELSTRØMSFORVARMERSYSTEM (RØGGASOPVARMET). Anvendes kun ved kombianlæg. Fra og med tilgangstuds LT-delstrømsforvarmersystem til og med afgangsstuds LT-delstrømsforvarmersystem."
"1229","H","HAB","HT-DELSTRØMSFORVARMERSYSTEM (RØGGASOPVARMET). Anvendes kun ved kombianlæg. Fra og med tilgangsstuds HT-delstrømsforvarmersystem til og med afgangsstuds HT-delstrømsforvarmesystem."
"1230","H","HAC","ECO-SYSTEM. Fra og med tilgangsstuds kedeltilgangssamlekasser til tilgang fordamper incl. regulerings- og hjælpehedeflader samt udluftnings- og drænledninger til tilgang andet system."
"1231","H","HAD","FORDAMPERSYSTEM. Beholderkedler: Fra og med tilgang fordampersystem (tilgangsstuds kedelbeholder) til og med afgangstudse fordampersystem incl. kedelbeholder med indhold og tilbehør (excl. vand-dampudskiller, sikkerhedsventiler) - faldrør evt. cirkulationspumper - kogerør. Bensonkedler: Fra og med tilgangstudse fordampersystem til og med afgangsstudse fordampersystem incl. vanddampudskiller og vandstandsflaske."
"1232","H","HAG","START- OG LAVLASTANLÆG. Fra afgangsstuds vandstandsflaske til tilgang hedeflader eller fødevandssystem incl. startvarmeveksler og kedelcirkulationspumpeanlæg (afløbsledning fra startanlæg til kølevandskanal/drænsystem er under LAH)."
"1233","H","HAH","HT-OVERHEDER. Fra afgang fordampersystem til og med afgangsstudse afgangskasse incl. afgangskasse og dampkølere med udluftnings- og drænledninger til tilgang andet system."
"1234","H","HAJ","MELLEMOVERHEDER (MOH). Fra og med MOH-tilgangssamlekasser til og med MOH-afgangssamlekasser incl. dampkølere med vandindsprøjtningsreguleringsventiler, incl. udluftnings- og drænledninger til tilgang andet system."
"1235","H","HAK","2. MELLEMOVERHEDER. Fra og med 2. MOH-tilgangssamlekasse til og med 2. MOH-afgangssamlekasse."
"1236","H","HAM","TRIFLUX-SYSTEM. Fra og med tilgang triflux til og med afgang triflux."
"1237","H","HAN","TØMNING, DRÆNING OG UDLUFTNING AF TRYKSYSTEMER. Fra opsamlingssted hhv. sidste tømmearmatur til indføring i andre systemer. (LF)"
"1238","H","HAV","SMØREOLIEFORSYNING."
"1239","H","HAW","SPÆRREMEDIUMFORSYNING."
"1240","H","HAX","STYREMEDIUMFORSYNING TIL STYRINGS-, REGULERINGS- OG BESKYTTELSESUDSTYR."
"1241","H","HAY","STYRINGS-, REGULERING- OG BESKYTTELSESUDSTYR."
"1242","H","HB","BÆRENDE KONSTRUKTIONER OG BEKLÆDNINGER SAMT KEDELINDERSIDE."
"1243","H","HBO","GENERELT, ALMENT, TVÆRGÅENDE FOR BÆRENDE KONSTRUKTIONER OG BEKLÆDNINGER SAMT KEDELINDERSIDE. Må og kan ikke anvendes til komponentnummerering."
"1244","H","HBA","KEDELOPHÆNG INCL. STÅLKONSTRUKTIONER, STROPPER ETC."
"1245","H","HBB","BEKLÆDNING, ISOLERING."
"1246","H","HBC","UDMURING INCL. ISOLERINGSMURVÆRK."
"1247","H","HBD","GALLERIER, TRAPPER."
"1248","H","HBE","BEHOLDERKONSTRUKTION FOR TRYKSAT FYRRUM."
"1249","H","HBK","KEDEL, INDERSIDE. Fra brændere (HHA) og slaggeudtagsanordning (HDA) til tilgang røggassystem (HNA) incl. kedelfyrrum og træk."
"1250","H","HC","RENSESYSTEMER FOR HEDEFLADER PÅ RØGSIDE (SODBLÆSERE OG SODUDSKYLNING)."
"1251","H","HCO","GENERELT, ALMENT, TVÆRGÅENDE FOR RENSESYSTEMER FOR HEDEFLADER PÅ RØGSIDE (SODBLÆSERE OG SODUDSKYLNING). Må og kan ikke anvendes til komponentnummerering."
"1252","H","HCA","LUFTSODBLÆSERANLÆG. Fra afgrening forsyningssystem."
"1253","H","HCB","DAMPSODBLÆSERANLÆG. Fra afgrening forsyningssystem til tilgang andet system."
"1254","H","HCC","VANDSODBLÆSERANLÆG (HØJTRYKSANLÆG). Fra afgrening forsyningssystem til tilgang andet system."
"1255","H","HCD","SPULEANLÆG. Fra afgrening forsyningssystem til tilgang andet system."
"1256","H","HCE","RYSTEANORDNING."
"1257","H","HCF","KUGLERENSNINGSANLÆG."
"1258","H","HCV","SMØREOLIEFORSYNING."
"1259","H","HCW","SPÆRREMEDIUMFORSYNINGSANLÆG."
"1260","H","HCX","STYREMEDIUMFORSYNING TIL STYRINGS-, REGULERINGS- OG BESKYTTELSESUDSTYR."
"1261","H","HCY","STYRINGS-, REGULERINGS- OG BESKYTTELSESUDSTYR."
"1262","H","HDO","GENERELT, ALMENT, TVÆRGÅENDE FOR ANLÆG FOR UDTAGNING AF ASKE OG SLAGGE FRA KEDELANLÆG. Må og kan ikke anvendes til komponentnummerering."
"1263","H","HDA","ANLÆG FOR UDTAGNING AF ASKE OG SLAGGE FRA KEDELANLÆG (FYRRUM). Fra aske- og slaggetragte incl. evt. knuser til transportsystem (ETA, ETD, ETG)."
"1264","H","HDC","FLYVEASKETILBAGEFØRINGSSYSTEM."
"1265","H","HDV","SMØREOLIEFORSYNING."
"1266","H","HDW","SPÆRREMEDIUMSFORSYNING."
"1267","H","HDX","STYREMEDIUMFORSYNING TIL STYRINGS-, REGULERINGS- OG BESKYTTELSESUDSTYR."
"1268","H","HDY","STYRINGS-, REGULERINGS- OG BESKYTTELSESUDSTYR."
"1269","H","HEA","LUFT INDTAG, LUFTFORSYNING Fra og med omgivende luft til start trykluft og/eller fra og med kompressorinddækning og gasturbinerotor til indtag køling og rensning."
"1270","H","HEB","LUFTKOMPRESSION Efter luftindtag til køling og rensning."
"1271","H","HEC","KØLING OG RENSNING INKL. REGENERERING Efter luftkompression til hoved varme veksler"
"1272","H","HED","HOVEDVARMEVEKSLER / KOLD PRODUKTION / KONDENSERING Fra køling til rensning, hhv. frigivelse af ilt, hhv. frigivelse af nitrogen, hhv. frigivelse af resterende gasser"
"1273","H","HEE","KRYOGEN RETIFIKATION"
"1274","H","HEF","CHEMICAL LOOPING Fra luftindtag til tilgang andre systemer"
"1275","H","HEG","MEMBRANPROCESSER Fra luftkompression til iltfrigivelse"
"1276","H","HEJ","ILTTRANSPORT INCL. LAGRING Fra hovedvarmeveksler til oxygen ledningssystem"
"1277","H","HEK","NITROGEN FRIGIVELSE INCL. OPBEVARING Fra hovedvarmeveksler til nitrogen ledningssystem"
"1278","H","HEL","ARGON FRIGIVELSE INCL. OPBEVARING Fra hovedvarmeveksler til argon ledningssystem"
"1279","H","HEM","FRIGIVELSE AF RESTGASSER Fra hovedvarmeveksler til og med atmosfæren"
"1280","H","HEN - HEU","Blokeret."
"1281","H","HEV","SMØREOLIE FORSYNING"
"1282","H","HEW","SPÆRREMEDIUMFORSYNING."
"1283","H","HEX","STYREMEDIUMFORSYNING TIL STYRINGS-, REGULERINGS- OG BESKYTTELSESUDSTYR."
"1284","H","HEY","STYRINGS-, REGULERINGS- OG BESKYTTELSESUDSTYR."
"1285","H","HF","FAST BRÆNDSELSSILO-, TILDELER- OG MALEANLÆG."
"1286","H","HFO","GENERELT, ALMENT, TVÆRGÅENDE FOR FAST BRÆNDSELSSILO-, TILDELER- OG MALEANLÆG. Må og kan ikke anvendes til komponentnummerering."
"1287","H","HFA","SILO FØR MALEANLÆG. Fra afkaster transportanlæg (ECA, EAC) til og med siloudløb incl. spjæld og måleudrustning excl. bærende konstruktioner (UHF)."
"1288","H","HFB","TILDELER. Fra siloudløb til faldrør for maleanlæg incl. tildeleranlæg med hjælpeudrustning."
"1289","H","HFC","MALEANLÆG (INKL. SIGTER). Fra og med faldrør og tilgangsstudse maleanlæg til og med afgangsstudse incl. maleanlæg med hjælpe udrustning excl. spærreluftanlæg."
"1290","H","HFD","RØGGASTILBAGEFØRINGSSYSTEM. Fra afgang og andre systemer til tilgangsstudse maleanlæg."
"1291","H","HFE","LUFTSYSTEM (PRIMÆRLUFT). Fra afgang andre systemer til malefaldrør hhv. maletilgangsstudse hhv. røggastilbageføringssystem incl. primærluftblæseranlæg excl. røggasforvarmer."
"1292","H","HFF","EM-AFSUGNINGSANLÆG. Fra udskillelsesindretning til andre systemer."
"1293","H","HFG","STØV-MELLEMSILO EFTER CENTRALFORMALINGSANLÆG (INDIREKTE FYRING). Fra afgang maleanlæg til og med støvlagersilo."
"1294","H","HFV","SMØREOLIEFORSYNING."
"1295","H","HFW","SPÆRREMEDIUMFORSYNING. Fra og med blæseranlæg til tilgangsstudse på maleanlæg incl. rørkanaler og incl. evt. lyddæmpere."
"1296","H","HFX","STYREMEDIUMFORSYNING TIL STYRINGS-, REGULERINGS- OG BESKYTTELSESUDSTYR."
"1297","H","HFY","STYRINGS-, REGULERINGS- OG BESKYTTELSESUDSTYR."
"1298","H","HG","CO2-BEHANDLING I RØGGAS"
"1299","H","HGA","CO2 FORRENSNING Fra kemisk røggasbehandling til CO2 rågaskondensering"
"1300","H","HGB","CO2 RÅGAS KONDENSERING Fra CO2-forrensning til CO2 rågaskøling"
"1301","H","HGC","CO2 RÅGAS KØLING OG -RENSNING INKL. REGENERERING Fra CO2 rågaskondensering til hovedvarmeveksler"
"1302","H","HGD","HOVEDVARMEVEKSLER /KØLING / VÆSKEOMDANNELSE Fra CO2 rågaskøling/rensning til rektificering"
"1303","H","HGE","REKTIFICERING Fra hovedvarmeveksler til CO2 buffersystem"
"1304","H","HGF","KANALER FOR REKTIFICERING"
"1305","H","HGG - HGT","Blokeret."
"1306","H","HGU","CO2 TANK / -BUFFERSYSTEM"
"1307","H","HGV","SMØREOLIE FORSYNING"
"1308","H","HGW","SPÆRREMEDIUMSFORSYNING."
"1309","H","HGX","STYREMEDIUMFORSYNING TIL STYRINGS-, REGULERINGS- OG BESKYTTELSESUDSTYR."
"1310","H","HGY","STYRINGS- OG BESKYTTELSESUDSTYR."
"1311","H","HHO","GENERELT, ALMENT, TVÆRGÅENDE FOR FYRINGSSYSTEM. (OGSÅ MED ELEKTRISK ENERGI). Må og kan ikke anvendes til komponentnummerering."
"1312","H","HHA","BRÆNDERE. Fra og med tilgangsstudse brændstof og luft på brænder incl. olieblokventil, reguleringsarmatur og måleudrustning tilforordnet den enkelte brænder samt tændingsudrustning."
"1313","H","HHB","EFTERBRÆNDERRIST. Fra og med tilgang efterbrænderrist til tilgang andet system."
"1314","H","HHC","RISTEFYRING. Fra og med brændstoftilførsel til tilgang andet system."
"1315","H","HHD","SPECIALBRÆNDERE (F.EKS. FLYVEASKEBRÆNDERE)."
"1316","H","HHE","KULSTØVRØR- OG -FORDELINGSSYSTEM. Fra afgangsstuds maleanlæg hhv. støvlagersilo til tilgangsstuds brænder (HHA) excl. støvlagersilo (HFG)."
"1317","H","HHF","BRÆNDSELSOLIEFYRINGSSYSTEM MED FORDELINGSANLÆG SAMT EVT. MELLEMLAGRING. Fra afgrening hovedforsyningsledning efter nødstopventil til tilgang brændere og afgang returolieledning incl. afspærringsarmaturer og incl. pumpe- og forvarmeranlæg samt dampreguleringsventil og kondensatledninger frem til andet system."
"1318","H","HHG","GASREDUCERSTATION, -FORDELINGSSYSTEM. Fra afgrening hovedforsyningsledning til tilgang hovedbrænder."
"1319","H","HHH","MELLEMLAGRING-, TRANSPORT- OG FORDELINGSSYSTEM FOR SPECIELLE BRÆNDSTOFFER, MEDIUM 1."
"1320","H","HHJ","MELLEMLAGRING-, TRANSPORT- OG FORDELINGSSYSTEM FOR SPECIELLE BRÆNDSTOFFER, MEDIUM 2."
"1321","H","HHK","MELLEMLAGRING-, TRANSPORT- OG FORDELINGSSYSTEM FOR SPECIELLE BRÆNDSTOFFER, MEDIUM 3."
"1322","H","HHL","FORBRÆNDINGSLUFTTILFØRSEL. Fra afgangsstudse luftkasser hhv. kanalsystem (HLA) til tilgangsstudse brændere."
"1323","H","HHM","DAMPFORSTØVNINGSFORDELINGSSYSTEM. Fra afgrening forsyningssystem til tilgangsstuds brændere."
"1324","H","HHN","LUFTFORSTØVNINGSFORDELINGSSYSTEM. Fra afgrening forsyningssystem til tilgangsstuds brændere."
"1325","H","HHP","DAMPKØLINGSFORDELINGSSYSTEM. Fra afgrening forsyningssystem til forbruger."
"1326","H","HHQ","LUFTKØLINGSFORDELINGSSYSTEM. Fra afgrening forsyningssystem til forbruger."
"1327","H","HHR","DAMPUDSPULINGSFORDELINGSSYSTEM. Fra afgrening forsyningssystem til forbruger."
"1328","H","HHS","TRYKLUFTUDSPULNINGSFORDELINGSSYSTEM. Fra afgrening forsyningssystem til forbruger."
"1329","H","HHT","DAMPOPVARMNINGSSYSTEM. Fra afgrening forsyningssystem til forbruger excl. reguleringsventil."
"1330","H","HHU","VARMTVANDSOPVARMNINGSSYSTEM. Fra afgrening forsyningssystem til forbruger excl. reguleringsventil."
"1331","H","HHV","ELEKTRISK OPVARMNING."
"1332","H","HHW","SPÆREMEDIUMFORSYNING."
"1333","H","HHX","STYREMEDIUMFORSYNING TIL STYRINGS-, REGULERINGS- OG BESKYTTELSESUDSTYR."
"1334","H","HHY","STYRINGS-, REGULERINGS- OG BESKYTTELSESUDSTYR."
"1335","H","HJO","GENERELT, ALMENT, TVÆRGÅENDE FOR TÆNDFYRINGSSYSTEM (SEPARAT SYSTEM). Må og kan ikke anvendes til komponentnummerering."
"1336","H","HJA","TÆNDBRÆNDER. Til og med tilgangsstudse, brændstof og luft på brænder incl. reguleringsarmaturer og måleudrustning tilforordnet den enkelte brænder."
"1337","H","HJE","KULSTØVRØR- OG -FORDELINGSSYSTEM. Fra afgangsstuds maleanlæg hhv. støvlagersilo til tilgangsstuds tændbrænder excl. støvlagersilo (HFG)."
"1338","H","HJF","OLIEFYRINGSSYSTEM MED FORDELINGSANLÆG SAMT EVT. MELLEMLAGRING. Fra afgrening hovedforsyningsledning efter evt. nødstop til tilgang tændbrændere og afgang returolieledning incl. afspærringsarmaturer og incl. pumpe- og forvarmeranlæg samt dampreguleringsventil og kondensatledninger frem til andet system."
"1339","H","HJG","GASREDUCERSTATION, -FORDELINGSSYSTEM. Fra afgrening hovedforsyningsledning til tilgang tændbrænder."
"1340","H","HJL","FORBRÆNDINGSLUFTTILFØRSEL. Fra afgangsstudse luftkasser hhv. kanalsystem (HLA) til tilgangsstudse brændere."
"1341","H","HJM","DAMPFORSTØVNINGSFORDELINGSSYSTEM. Fra afgrening forsyningssystem til tilgangsstuds brændere."
"1342","H","HJN","LUFTFORSTØVNINGSFORDELINGSSYSTEM. Fra afgrening forsyningssystem til tilgangsstuds brændere."
"1343","H","HJP","DAMPKØLINGSFORDELINGSSYSTEM. Fra afgrening forsyningssystem til forbruger."
"1344","H","HJQ","LUFTKØLINGSFORDELINGSSYSTEM. Fra afgrening forsyningssystem til forbruger."
"1345","H","HJR","DAMPSPULINGSFORDELINGSSYSTEM. Fra afgrening forsyningssystem til forbruger."
"1346","H","HJS","TRYKLUFTSPULINGSFORDELINGSSYSTEM. Fra afgrening forsyningssystem til forbruger."
"1347","H","HJT","DAMPOPVARMNINGSSYSTEM. Fra afgrening forsyningssystem til forbruger."
"1348","H","HJU","VARMTVANDSOPVARMNINGSSYSTEM. Fra afgrening forsyningssystem til forbruger excl. reguleringsventil."
"1349","H","HJV","SMØREOLIEFORSYNING."
"1350","H","HJW","SPÆRREMEDIUMFORSYNING."
"1351","H","HJX","STYREMEDIUMFORSYNING TIL STYRINGS-, REGULERINGS- OG BESKYTTTELSESUDSTYR."
"1352","H","HJY","STYRINGS-, REGULERINGS- OG BESKYTTELSESUDSTYR."
"1353","H","HK","CO2-UDSKILNING I RØGGAS"
"1354","H","HKA","RØGGASKANAL SYSTEM MED *HK*"
"1355","H","HKB","RØGGASKANAL SYSTEM"
"1356","H","HKC","BLÆSERSYSTEM FOR RØGGAS Fra indtag blæsersystem til afgang blæsersystem"
"1357","H","HKD","CO2 OPTAGELSE FRA RØGGAS Fra og med tilgang røggas incl. vandudskillelse"
"1358","H","HKE","RØGGAS FORRENSNING"
"1359","H","HKF","BEHANDLING AF OPLØSNINGS MIDDEL"
"1360","H","HKG","SYSTEM FOR HØJ/LAV KONCENTRATION AF OPLØSNINGS MIDDEL Fra og med CO2 absorber til og med tilgang CO2 stripper, incl. varme behandling for høj/lav koncentration, varmeveksler, henholdsvis opløsningsmiddel fra og med CO2 stripper afgang til og med CO2 absorber tilgang"
"1361","H","HKH","CO2 OPTAGELSE FRA OPLØSNINGS MIDDEL Fra og med indløb opløsningsmiddel til og med udløb opløsningsmiddel til og med indløb CO2 conditioning (*HG*) fra og med indløb damp (*LBL*) til og med udløb damp kondensat"
"1362","H","HKJ","OPLØSNINGS MIDDEL BEHANDLING INCL. OPLAGRING"
"1363","H","HKK","OPLØSNINGS MIDDEL, BORTSKAFFELSE"
"1364","H","HKL - HKU","Blokeret"
"1365","H","HKV","SMØREOLIE FORSYNING"
"1366","H","HKW","SPÆRREMEDIUMSFORSYNING."
"1367","H","HKX","STYREMEDIUMFORSYNING TIL STYRINGS-, REGULERINGS- OG BESKYTTELSESUDSTYR."
"1368","H","HKY","STYRINGS-, REGULERINGS- OG BESKYTTELSESUDSTYR."
"1369","H","HLO","GENERELT, ALMENT, TVÆRGÅENDE FOR TÆNDFYRINGSSYSTEM (SEPARAT SYSTEM). Må og kan ikke anvendes til komponentnummerering."
"1370","H","HLA","KANALSYSTEM. Fra og med luftindtag til og med luftkasse hhv. fordelingskanalsystem til maleanlæg til de enkelte brændere incl. lyddæmpere, men excl. friskluftblæsere, luftforvarmere og gasturbineudstødssystem."
"1371","H","HLB","FRISKLUFTBLÆSERANLÆG. Fra og med tilgangsstuds friskluftblæser til og med afgangsstuds friskluftblæser"
"1372","H","HLC","LUFTFORVARMERANLÆG (IKKE RØGGASOPVARMET). Fra og med tilgangsstudse luftformvarmer til og med afgangsstudse incl. reguleringsarmaturer og kondensatsystem frem til andet system."
"1373","H","HLD","RØGGASLUFTFORVARMERANLÆG. Fra og med tilgangsstudse forvarmer til og med afgangsstudse forvarmer"
"1374","H","HLE","RØRLEDNING SYSTEM OXYGEN"
"1375","H","HLF","OXYGEN BLÆSER SYSTEM Fra og med tilgang blæser til og med afgang blæser."
"1376","H","HLG","OXYGEN FORVARMER SYSTEM (IKKE RØGGAS FORVARMET). Fra og med tilgangsstudse forvarmer til og med afgangsstudse forvarmer."
"1377","H","HLJ - HLT","Blokeret."
"1378","H","HLH","OXYGEN FORVARMER SYSTEM, RØGGAS FORVARMET Fra og med tilgangsstudse forvarmer til og med afgangsstudse forvarmer."
"1379","H","HLU","TRYK-AFLASTNINGSSYSTEM. Opgave: Kontrolleret trykaflastning i luftsystemet."
"1380","H","HLV","SMØREOLIEFORSYNING."
"1381","H","HLW","SPÆRREMEDIUMFORSYNING."
"1382","H","HLX","STYREMEDIUMFORSYNING TIL STYRINGS-, REGULERINGS- OG BESKYTTELSESUDSTYR."
"1383","H","HLY","STYRINGS-, REGULERINGS- OG BESKYTTELSESUDSTYR."
"1384","H","HM","GASOPVARMNINGSSYSTEM (IKKE LUKKET SYSTEM)."
"1385","H","HMO","GENERELT, ALMENT, TVÆRGÅENDE FOR GASOPVARMNINGSSYSTEM (FOR LUKKET SYSTEM). Må og kan ikke anvendes til komponentnummerering."
"1386","H","HMA","FORVARMER (1. KONVEKTIONSDEL). Fra koldgasindgangsakkumulator henholdsvis fra og med koldgasafgang varmeveksler til afgang forvarmer henholdsvis til før indgang blandingsakkumulator."
"1387","H","HMB","STRÅLINGSKAMMER. Fra indgang blandingsakkumulator til afgang strålingskammer henholdsvis til før indgangsakkumulator for eftervarmer."
"1388","H","HMC","EFTERVARMER (2. KONVEKTIONSDEL). Fra indgangsakkumulator til varmgasafgangsakkumulator."
"1389","H","HMD","MELLEMOVERHEDNING. Fra ZÜ-indgangsakkumulator til ZÜ-afgangsakkumulator."
"1390","H","HMV","SMØREOLIEFORSYNING."
"1391","H","HMW","SPÆRREMEDIEFORSYNING."
"1392","H","HMX","MEDIEFORSYNING TIL STYRINGS-, REGULERINGS- OG BESKYTTELSESUDSTYR."
"1393","H","HMY","STYRINGS-, REGULERINGS- OG BESKYTTELSESUDSTYR."
"1394","H","HNO","GENERELT, ALMENT, TVÆRGÅENDE FOR RØGGASSYSTEM (EXCL. RØGGASBEHANDLING). Må og kan ikke anvendes til komponentnummerering."
"1395","H","HNA","KANALSYSTEM. Fra afgang kedel hhv. andet system til tilgang skorstenskærne excl. luftforvarmer, røggasfilteranlæg, røgafsvovlingsanlæg, DeNOx-anlæg, men incl. evt. lyddæmper."
"1396","H","HNC","SUGETRÆKSBLÆSERANLÆG. Fra og med tilgangsstudse sugetræksblæsere til og med afgangsstudse blæsere incl. blæserhjælpeudrustning men excl. lyddæmpere (HNA)."
"1397","H","HNE","SKORSTEN. Måleudstyr i skorsten excl. betonkonstruktion og røgrør (UHN)."
"1398","H","HNF","RØGGASRECIRKULATIONSANLÆG. Fra afgrening røggassystem til tilgang andet system incl. blæseranlæg."
"1399","H","HNG","RØGGAS KONDENSERING"
"1400","H","HNU","RØGGAS-TRYKAFLASTNINGSSYSTEM. Opgave: Kontrolleret trykaflastning i røgassystemet."
"1401","H","HNV","SMØREOLIEFORSYNING."
"1402","H","HNW","SPÆRREMEDIUMFORSYNING."
"1403","H","HNX","STYREMEDIUMFORSYNING TIL STYRINGS-, REGULERINGS- OG BESKYTTELSESUDSTYR."
"1404","H","HNY","STYRINGS-, REGULERINGS- OG BESKYTTELSESANLÆG."
"1405","H","HPA","UDVINDINGSSYSTEM. fra og med indgang produktion til fordelings system inkl. tryksystem."
"1406","H","HPB","FORDELINGSSYSTEM fra og med udtag udvindingssystem til varmeveksler eller til retursystem."
"1407","H","HPC","RETURSYSTEM. fra og med afgang fordelingssystem eller fra og med afgang varmeveksler til og med afgang produktionsboring"
"1408","H","HPQ - HPU","Kan anvendes"
"1409","H","HPV","SMØREOLIEFORSYNING."
"1410","H","HPW","SPÆRREMEDIUMFORSYNING."
"1411","H","HPX","STYREMEDIUMFORSYNING TIL STYRINGS-, REGULERINGS- OG BESKYTTELSESUDSTYR."
"1412","H","HPY","STYRINGS-, REGULERINGS- OG BESKYTTELSESUDSTYR."
"1413","H","HQ","SOLAR TERMISK SYSTEM"
"1414","H","HQA","STRÅLINGS REFLEKTION."
"1415","H","HQB","SYSTEM TIL EFTERVISNING AF REFLEKTORER ."
"1416","H","HQC","VARMEOPTAGELSE."
"1417","H","HQD","VARME BÆRE SYSTEM."
"1418","H","HQQ - HQU","Kan anvendes."
"1419","H","HQX","STYREMEDIUMSFORSYNING TIL STYRINGS-, REGULERINGS- OGBESKYTTELSESUDSTYR."
"1420","H","HQY","STYRINGS-, REGULERINGS- OG BESKYTTELSESUDSTYR."
"1421","H","HR","KEMISK RØGGASBEHANDLING INCL. BORTTRANSPORT AF AFFALD, ADSORPTIONSPROCESSER."
"1422","H","HRO","GENERELT, ALMENT, TVÆRGÅENDE FOR KEMISK RØGGASBEHANDLING INCL. BORTTRANSPORT AF AFFALD, ADSORPTIONSPROCESSER. Må og kan ikke anvendes til komponentnummerering."
"1423","H","HRV","SMØREOLIEFORSYNING."
"1424","H","HRW","SPÆRREMEDIUMFORSYNING."
"1425","H","HRX","STYREMEDIUMFORSYNING FOR SYTRINGS-, REGULERINGS- OG BESKYTTELSESUDSTYR."
"1426","H","HRY","STYRINGS-, REGULERINGS- OG BESKYTTELSESUDSTYR."
"1427","H","HS","KEMISK RØGGASBEHANDLINGSANLÆG INCL. BORTTRANSPORT AF AFFALD, KATALYTISKE PROCESSER (F.EKS. DeNOx-PRO- CESSER). Såfremt det er adskilt fra HT."
"1428","H","HSO","GENERELT, ALMENT, TVÆRGÅENDE FOR KEMISK RØGGASBEHANDLINGSANLÆG INCL. BORTTRANSPORT AF AFFALD, KATALYTISKE PROCESSER (F.EKS. DeNOx-PROCESSER). Må og kan ikke anvendes til komponentnummerering."
"1429","H","HSA","RØGGASKANALSYSTEM INDENFOR RØGGASBEHANDLINGSANLÆG. Fra afgang HNA til tilgang HNA, men excl. HSB, HSC, HSD."
"1430","H","HSB","RØGGASVARMEVEKSLER, GAFO (IKKE HU). Fra tilgang til afgang."
"1431","H","HSC","RØGGASBLÆSERANLÆG INDENFOR DeNOx-ANLÆG. Fra og med tilgangsstudse til og med afgangsstudse incl. hjælpeudrustning, men excl. lyddæmpere."
"1432","H","HSD","KATALYSATOR (REAKTOR). Fra og med tilgangsstudse til og med afgangsstudse på røggassiden."
"1433","H","HSE","KONVERTER (OXIDATION). Fra og med tilgang til og med afgang."
"1434","H","HSF","KATALYSATORRENSNING PÅ RØGGASSIDEN. Fra forsyningssystem til katalysator."
"1435","H","HSG","ANLÆG TIL FORTYNDING AF REDUKTIONSMIDDEL. Fra afgang andet system hhv. fra og med forsyningsanlæg til opberedningsanlæg for reduktionsmiddel."
"1436","H","HSH","(RESTPRODUKT-)UDSKILLER. Fra og med tilgang til og med afgang."
"1437","H","HSJ","FORSYNINGSANLÆG INCL. OPLAGRING AF REDUKTIONSMIDDEL. Til opberedningsanlæg for reduktionsmiddel."
"1438","H","HSK","OPBEREDNINGSANLÆG OG FORDELING AF REDUKTIONSMIDDEL. Fra HSJ eller HSG til og med reduktionsmiddeldyser incl. tilførsel af kølemiddel."
"1439","H","HSL","VANDFORSYNINGS- OG -BORTSKAFFELSESSYSTEM."
"1440","H","HSM","KEMIKALIE- OG ADDITIVFORSYNING."
"1441","H","HSN","UDTØMNINGSSYSTEM. Opgave: Samling, lagring og tilbageføring af vand."
"1442","H","HSP","ANLÆG TIL OPSAMLING, FILTRERING OG FJERNELSE AF FLYVEASKE. Fra og med udskiller eller filter hhv. fra røggaskanalsystem til transportsystem."
"1443","H","HSQ","SKYLLESYSTEM INCL. DRÆN (AF KATALYSATOR). Fra tilgang til tilgang andet system."
"1444","H","HSR","RENSNING OG FORDELING AF OXIDATIONSMEDIE. Fra og med afgang konverter til og med tilgang konverter."
"1445","H","HSS","(RESTPRODUKTS-)UDVINDING, LAGRING, LÆSNING. Fra og med afgang restproduktudskiller."
"1446","H","HST","SKYLLEMIDDELFORSYNING OG -FORDELING (AF REDUKTIONSMIDDELSYSTEMER)."
"1447","H","HSU","VARMEMEDIUMSYSTEM. Fra forsyningssystem for varmemedium til tilgang fordamper og fra afgang fordamper til tilgang andet system."
"1448","H","HSV","SMØREOLIEFORSYNING."
"1449","H","HSW","SPÆRREMEDIUMFORSYNING."
"1450","H","HSX","STYREMEDIUMFORSYNING TIL STYRINGS-, REGULERINGS- OG BESKYTTELSESUDSTYR. (UDEN STRØMTILFØRSEL)."
"1451","H","HSY","STYRINGS-, REGULERINGS- OG BESKYTTELSESUDSTYR."
"1452","H","HT","KEMISK RØGGASBEHANDLINGSANLÆG INCL. BORTTRANSPORT AF AFFALD. Afsvovlingsanlæg, også i kombination med fjernelse af andre røggaskomponenter."
"1453","H","HTO","GENERELT, ALMENT, TVÆRGÅENDE FOR KEMISK RØGGASBEHANDLING INCL. BORTTRANSPORT AF AFFALD. Må og kan ikke anvendes til komponentnummerering."
"1454","H","HTA","RØGGASKANALSYSTEM INDENFOR AFSVOVLINGSANLÆG. Fra afgang HNA hhv. HTC til tilgang HNA, men excl. HTC, HTD, HTE og HU, men incl. rå- og rengaskanaler incl. kompensatorer, røggasblander, røggastørrer, lyddæmpere, spjæld og spærreluftventilator."
"1455","H","HTB","RØGGASAFKØLING. Såfremt det er adskilt fra HU."
"1456","H","HTC","BLÆSERANLÆG INDENFOR AFSVOVLINGSANLÆG. Fra og med tilgangsstudse blæser til og med afgangsstudse incl. hjælpeudrustning som rengasrecirkulationsventilator, hydraulikanlæg, køleluftventilator, men excl. lyddæmpere."
"1457","H","HTD","RØGGASVASKNING, UDSKILLELSE AF STOFFER. Fra og med røggastilgang absorbertårn til og med dråbefangere incl. absorbertårn og -sump, gummiering/belægning samt vaskedyser, nøddyser, absorbentforstøvningsudstyr, røreværker, grov-/fin-dråbeudskiller og armaturer, men excl. absorptionssystem (HTF)."
"1458","H","HTE","RØGGASRENSNING OG -FILTRERING INDENFOR AFSVOVLINGSANLÆG. F.eks. el- eller posefilteranlæg incl. hjælpeudrustning, såfremt de ikke tilhører HP, HQ og HR."
"1459","H","HTF","ABSORPTIONSKREDSLØB. Fra afgangsstudse absorbersump til tilgang vaskedyser absorbertårn incl. cirkulationspumper, rørledninger og armaturer incl. gummiering/belægning, sedimentationsbeholder, emudsugningsanlæg incl. ventilator, pumper."
"1460","H","HTG","OXIDATIONSSYSTEM INCL. FORSYNING. Fra og med tilgangsstudse luftindtag til tilgang absorbertårn incl. ventilatoranlæg, rørledninger og armaturer samt oxidationsbeholder (adskilt fra absorbertårn) incl. røreværk, dyser."
"1461","H","HTJ","TILFØRSEL AF ABSORPTIONSMIDDEL. Fra og med kalk/kalkstenssilo (lager) til tilgang opslemmebeholder hhv. læsketank eller anden forbruger incl. kalkstensmølle, udluftningsaggregat/filter, fluidiseringsudstyr, udtræks- og doseringsudstyr, påfyldnings- og transportsystem."
"1462","H","HTK","TILBEREDNING OG -FORDELING AF ABSORPTIONSMIDDEL. Fra og med opslemmebeholder hhv. læsketank til tilgangsstudse absorbertårn hhv. fødetank incl. opslemme-og blandebeholder hhv. læske- og kalkmælktank rørledninger, armaturer, pumper, røreværker."
"1463","H","HTL","SUSPENSIONSLEDNINGSSYSTEM. Fra afgangsstudse absorbersump hhv. spraytårn og filteranlæg til tilgangsstudse absorbersump incl. pumper, blæsere, restproduktmellemsiloer, fluidiseringsudstyr, beholder incl. røreværker, rørledninger og armaturer, men excl. sedimentations- og afvandingsanlæg (HTM)."
"1464","H","HTM","SEDIMENTATIONS- OG AFVANDINGSANLÆG FOR RESTPRODUKT. Fra og med sedimentationsbassin, hydrocykloner, centrifuger, bånd-/tromle-/vakuumbåndfilter incl. hjælpeudrustning samt pumper, rørledninger og armaturer til tilgang andet system (HTL, HTN, HTP)."
"1465","H","HTN","TØRRING OG SAMMENPRESNING AF RESTPRODUKT (PELLETTERING). Fra og med tørrer incl. hjælpudrustning, støvudskiller, luftfilter, briketteringsanlæg til tilgang andet system (HTP)."
"1466","H","HTP","TRANSPORT, LAGRING OG LÆSNING AF RESTPRODUKT. Fra afgang afvandingsanlæg (HTM) hhv. restproduktmellemsilo (HTL) til og med lagersystem incl. transportbånd, transportør, transportsnegl, portalskraber samt ind- og udtagningsudstyr."
"1467","H","HTQ","VANDTILFØRSEL OG SPILDEVANDSBEHANDLINGSANLÆG FOR AFSVOVLINGSANLÆG. Fra og med beholdere for proces-, tilsætnings- og spildevand incl. pumper, doseringsstationer, slampresser, udtagningsmekanismer, rørledninger og armaturer til tilgang andet system."
"1468","H","HTR","OPBEREDNING AF RECIRKULERET RESTPRODUKT (REPRODUKT). Fra og med tilgangsstudse blandetank til tilgangsstudse absorbenttank incl. restproduktsigte, røreværker, emudsugning, rørledninger og armaturer."
"1469","H","HTS","KEMIKALIER OG ADDITIVFORSYNINGSSYSTEM. Fra og med kemikaliebeholder og kemikalie tilberedningssystem incl. pumper, rørledninger og armaturer til tilgang andet system."
"1470","H","HTT","UDTØMNININGSSYSTEM. Fra tømmestudse andet system til tilgang andet system incl. udtømningsbeholder/bassin, pumper, rørledninger og armaturer."
"1471","H","HTV","SMØREOLIEFORSYNING."
"1472","H","HTW","SPÆRREMEDIUMFORSYNING. Fra tilgangsstudse andet system (luft, vand og damp) til tilgang forbruger incl. rørledninger og armaturer, spærrevandsbeholder, spærrevandspumper."
"1473","H","HTX","STYREMEDIUMFORSYNING TIL STYRINGS-, REGULERINGS- OG BESKYTTELSESUDSTYR (UDEN STRØMTILFØRSEL). Fra tilgangsstudse andet system til tilgang forbruger incl. luftkompressorer, tørreanlæg, beholder, rørledninger og armaturer."
"1474","H","HTY","STYRINGS-, REGULERINGS- OG BESKYTTELSESUDSTYR."
"1475","H","HUO","GENERELT, ALMENT, TVÆRGÅENDE FOR RØGGASGENOPVARMNINGSSYSTEM INDENFOR AFSVOVLINGSANLÆG. Må og kan ikke anvendes til komponentnummerering."
"1476","H","HUA","REGENERATIV RØGGASFORVARMER (GAVO). Fra og med tilgangsstudse til og med afgangsstudse incl. hjælpeudrustning, sodblæsere og internt brandslukningsudstyr."
"1477","H","HUB","RØGOPVARMET RØGGASFORVARMER. Herunder også blandeaggregater for ren- og rågasmiksning."
"1478","H","HUC","VANDOPVARMET RØGGASFORVARMER. Fra og med tilgangsstudse til og med afgangsstudse incl. reguleringsarmaturer og afløbsledninger frem til andet system."
"1479","H","HUD","DAMPOPVARMET RØGGASFORVARMER. Fra og med tilgangsstudse til og med afgangsstudse incl. reguleringsarmaturer og kondensatsystem frem til andet system."
"1480","H","HUG","GASOPVARMET RØGGASFORVARMER. Incl. brændkammer med udmuring, brændere, ventilatorer, gasforsyningssystem."
"1481","H","HUJ","OLIEOPVARMET RØGGASFORVARMER. Incl. brænderkammer med udmuring, brændere, ventilatorer, olieforsyningssystem."
"1482","H","HUV","SMØREOLIEFORSYNING."
"1483","H","HUW","SPÆRREMEDIUMFORSYNING."
"1484","H","HUX","STYREMEDIUMFORSYNING FOR STYRINGS-, REGULERINGS- OG BESKYTTELSESUDSTYR."
"1485","H","HUY","STYRINGS-, REGULERINGS- OG BESKYTTELSESUDTYR."
"1486","H","HVO","GENERELT, ALMENT, TVÆRGÅENDE FOR SMØREOLIEFORSYNING. Må og kan ikke anvendes til komponentnummerering."
"1487","H","HWO","GENERELT, ALMENT, TVÆRGÅENDE FOR SPÆRREMEDIUMFORSYNING Må og kan ikke anvendes til komponentnummerering."
"1488","H","HXO","GENERELT, ALMENT, TVÆRGÅENDE FOR STYREMEDIUMFORSYNING FOR STYRINGS- OG BESKYTTELSESUDSTYR. Må og kan ikke anvendes til komponentnummerering."
"1489","H","HY","STYRINGS-, REGULERINGS- OG BESKYTTELSESUDSTYR."
"1490","H","HYO","GENERELT, ALMENT, TVÆRGÅENDE FOR STYRINGS- OG BESKYTTELSESUDSTYR. Må og kan ikke anvendes til komponentnummerering."
"1491","J","J","Nuklear. (Anvendes ikke)"
"1492","K","K","Nuklear. (Anvendes ikke)"
"1493","L","LO","OVERORDNET, ALMENT, TVÆRGÅENDE FOR DAMP-, VAND- OG GASKREDSLØB. Må og kan ikke anvendes til komponentnummerering."
"1494","L","LA","FØDEVANDSSYSTEM."
"1495","L","LB","DAMPSYSTEM."
"1496","L","LC","KONDENSATSYSTEM."
"1497","L","LD","KONDENSATRENSNINGSANLÆG."
"1498","L","LE","LAVTEMPERATUR-KREDSPROCES."
"1499","L","LF","FÆLLESANLÆG FOR DAMP, VAND OG GASKREDSLØB (F.EKS. DRÆNSYSTEM)."
"1500","L","LK","GASKREDSLØB (LUKKET SYSTEM)."
"1501","L","LL","GASRENSESYSTEM (KUN FOR LUKKET SYSTEM LK)."
"1502","L","LN","DÆMNINGSANLÆG FOR VANDKRAFTVÆRKER."
"1503","L","LP","INDLØBSSYSTEM FOR VANDKRAFTVÆRKER."
"1504","L","LQ","UDLØBSSYSTEM FOR VANDKRAFTVÆRKER."
"1505","L","LR","OSMOSE TRYKSYSTEM."
"1506","L","LS","FÆLLESUDSTYR FOR VANDKRAFTVÆRKER."
"1507","L","LV","SMØREOLIEFORSYNING."
"1508","L","LW","SPÆRREMEDIUMFORSYNING."
"1509","L","LX","STYREMEDIUMFORSYNING FOR STYRINGS-, REGULERINGS- OG BESKYTTELSESUDSTYR."
"1510","L","LY","STYRINGS-, REGULERINGS- OG BESKYTTELSESUDSTYR."
"1511","L","LOA","ALMENT."
"1512","L","LOB","HOVEDDATA."
"1513","L","LOC","UNDERSØGELSER, BUDGET, BEVILLINGER."
"1514","L","LOD","PLANLÆGNING, TID OG RESSOURCER."
"1515","L","LOE","ORDRE OG ORDREKORRESPONDANCE GENERELT."
"1516","L","LOF","MYNDIGHEDER, SIKKERHED, KVALITETSKONTROL."
"1517","L","LOG","MØDEREFERATER."
"1518","L","LOH","LAYOUT."
"1519","L","LOJ","DRIFT OG VEDLIGEHOLDELSE."
"1520","L","LOK","RESERVEDELE."
"1521","L","LAO","GENERELT, ALMENT, TVÆRGÅENDE FOR FØDEVANDSSYSTEM. Må og kan ikke anvendes til komponentnummerering."
"1522","L","LAA","FØDEVANDSBEHOLDER, INCL. AFLUFTER. Fra og med tilgangsstudse aflufter hhv. beholder til og med afgangsstudse, fødevandsbeholder incl. afluftere, afblæsningsledninger til atmosfæren, hhv. til andre systemer, sikkerhedsventiler, dampindblæsningsindretninger incl. reguleringsarmatur."
"1523","L","LAB","FØDEVANDSLEDNINGSSYSTEM EXCL. FØDEVANDSPUMPEANLÆG OG FØDEVANDSFORVARMNING. Fra afgangsstuds fødevandsbeholder til tilgang kedel og til afgreninger andre systemer incl. fødepumpemindstemængdeledning til tilgangsstuds fødevandsbeholder, incl armaturer, tømmeledninger, udluftninger til tilgang andre systemer. Excl. fødepumpeanlæg (LAC), excl. HT-forvarmeranlæg (LAD)."
"1524","L","LAC","FØDEVANDSPUMPEANLÆG. Fra og med sugestuds til og med trykstuds excl. kontraklap og mindstemængdereguleringsventil, men incl. pumpeanlæg til og med mellemudtagsstuds incl. tømmeledninger og udluftninger til tilgang andre systemer samt incl. hjælpeudrustning til pumpeaggregat."
"1525","L","LAD","FØDEVANDSFORVARMNINGSANLÆG. Fra og med tilgangsstudse forvarmer til og med afgangsstudse forvarmere incl. ""Enthitzer"" og underkølere samt incl. tømme- og udluftningsledninger til tilgang andet system og incl. vandsidige sikkerhedsventiler incl. udblæsningsledninger, men excl. bypass, bypassomkoblingsventiler og kondensatpotter."
"1526","L","LAE","HT-INDSPRØJTNINGSVANDSYSTEM. Fra trykstuds fødevandspumpeanlæg hhv. fødevandsledning til tilgangsstudse reguleringsarmaturer forbrugere incl. tømmeledninger og udluftninger til tilgang andet system."
"1527","L","LAF","MOH-INDSPRØJTNINGSVANDSYSTEM. Fra trykstuds fødevandspumpeanlæg hhv. fødevandsledning eller andet system til tilgangsstudse reguleringsarmaturer forbrugere incl. tømmeledninger, udluftninger til tilgang andet system."
"1528","L","LAH","START- OG STOPCIRKULATIONSLEDNINGSSYSTEM FOR FØDEVANDSBEHOLDER SAMT LEDNINGER I FORBINDELSE MED START-OG LAVLASTANLÆG. Fra afgangsstuds kedelsystem hhv. fødevandsbeholder til tilgangsstuds fødevandsbeholder excl. cirkulationspumpeanlæg (LAJ)."
"1529","L","LAJ","START- OG STOPCIRKULATIONSPUMPEANLÆG FOR FØDEVANDSBEHOLDER. Fra og med sugestuds pumpeanlæg til og med trykstuds pumpeanlæg."
"1530","L","LAR","NØDFØDEVANDSLEDNINGSSYSTEM. Nukleart."
"1531","L","LAS","NØDFØDEVANDSPUMPEANLÆG. Nukleart."
"1532","L","LAT","NØDFØDESYSTEM. Nukleart."
"1533","L","LAV","SMØREOLIEFORSYNING."
"1534","L","LAW","FØDEVANDSSPÆRREVANDSSYSTEM. Fra afgangsstuds andet system til tilgangsstuds fødepumpeanlæg, fra afgangsstuds fødepumpeanlæg til tilgang andet system incl. evt. opsamlingsbeholder og drænpumper."
"1535","L","LAX","STYREMEDIUMFORSYNING FOR STYRINGS-, REGULERINGS- OG BESKYTTELSESUDSTYR."
"1536","L","LAY","STYRINGS-, REGULERINGS- OG BESKYTTELSESUDSTYR."
"1537","L","LBO","GENERELT, ALMENT, TVÆRGÅENDE FOR DAMPSYSTEM. Må og kan ikke anvendes til komponentnummerering."
"1538","L","LBA","HT-DAMPLEDNINGSSYSTEM. Fra kedelafgangskasse til turbineindløbsventiler incl. overgangsstykker hhv. til HT-bypassstation hhv. til tilgang andre systemer, incl. kedelhovedstopventil, dræn- og udluftningsledninger til tilgang andet system."
"1539","L","LBB","VARM MOH-DAMPLEDNINGSSYSTEM. Fra kedelafgangsstudse til turbineindløbsventiler hhv. til reduktionsstation incl. overgangsstykker og dræn- og udluftningsledninger til tilgang andet system."
"1540","L","LBC","KOLD MOH-DAMPLEDNINGSSYSTEM. Fra turbineafgangsstuds hhv. HT-bypassstation og tilgang andre forbrugere til kedeltilgangsstuds incl. overgangsstykker samt dræn- og udluftningsledninger."
"1541","L","LBD","UDTAGSDAMPLEDNINGSSYSTEM. Fra turbineoverstrømsrør til tilgangsstuds fjernvarmevekslere incl. dræn- og udluftningsledninger til tilgang andet system."
"1542","L","LBE","MODTRYKSDAMPLEDNINGSSYSTEM. Fra turbineafgangsstuds til tilgangsstuds fjernvarmevekslere incl. dræn- og udluftningsledninger til tilgang andet system."
"1543","L","LBF","HT-BYPASSREDUKTIONSSTATION. Fra og med tilgangsstuds reduktionsstation til og med afgangsstudse incl. vandindsprøjtningsreguleringssystem samt dræn- og udluftningsledninger til tilgang andet system."
"1544","L","LBG","HJÆLPEDAMPLEDNINGSSYSTEM. Fra afgangsstuds andre systemer til tilgangsstuds reguleringsarmatur ved forbruger incl. dræn, sikkerhedsventiler, kontraklapper samt afluftninger til tilslutningsstuds andre systemer."
"1545","L","LBH","START-, STOP- OG LAVLASTSYSTEM. Fra afgang kedelsystem hhv. fra afgrening HT-dampledning incl. startafspændingsbeholder hhv. fra afgang startkondensator hhv. afgang andre systemer til tilgang andre systemer."
"1546","L","LBJ","VANDUDSKILNING (VANDUDSKILLERE/MOH). Nuklear."
"1547","L","LBL","PROCES DAMP SYSTEM FOR RØGGASBEHANDLING. Fra overgang andre systemer til forbruger"
"1548","L","LBQ","UDTAGSDAMPLEDNINGSSYSTEM FOR FØDEVANDSFORVARMNING. Fra afgangsstuds turbine hhv. afgrening andre systemer til fødevandsforvarmning hhv. forbrugersystem incl. dræn- og udluftningsledninger."
"1549","L","LBR","DAMPLEDNINGSSYSTEM FOR HJÆLPETURBINE. Fra afgrening hovedturbine hhv. andet system til turbineindløbsventiler hhv. andet system incl. dræn-og udluftningsledninger."
"1550","L","LBS","UDTAGSDAMPLEDNINGSSYSTEM FOR HOVEDKONDENSATFORVARMNING. Fra afgangsstudse turbine hhv. afgrening andet system til kondensatforvarmere hhv. aflufter hhv. forbrugersystem hhv. varmevekslere incl. dræn- og udluftningsledninger."
"1551","L","LBT","NØDKONDENSATIONSANLÆG. Fra afgangsstuds dampsystem til tilgang nødkondensator hhv. andet system."
"1552","L","LBU","FÆLLES AFBLÆSELEDNINGSSYSTEM. Nukleart."
"1553","L","LBV","SMØREOLIEFORSYNING."
"1554","L","LBW","SPÆRREDAMPSYSTEM. Fra afgangsstuds dampsystem til forbruger incl. dræn og afluftninger og incl. spærredampafgangsledninger til tilgang andet system."
"1555","L","LBX","STYREMEDIUMFORSYNING FOR STYRINGS-, REGULERINGS- OG BESKYTTELSESUDSTYR."
"1556","L","LBY","STYRINGS-, REGULERINGS OG BESKYTTELSESUDSTYR."
"1557","L","LCO","GENERELT, ALMENT, TVÆRGÅENDE FOR KONDENSATSYSTEM. Må og kan ikke anvendes til komponentnummerering."
"1558","L","LCA","HOVEDKONDENSATLEDNINGSSYSTEM EXCL. HOVEDKONDENSATPUMPEANLÆG, -FORVARMERE OG RENSNINGSANLÆG. Fra afgangsstuds kondensator hhv. hotwell til tilgangsstudse aflufter på fødevandsbeholder incl. filtre, armaturer, bypassledninger mv. incl. dræn- og afluftningsledninger excl. kondensatpumper excl. kondensatrensningsanlæg og excl. forvarmere."
"1559","L","LCB","HOVEDKONDENSATPUMPEANLÆG. Fra og med sugestudse til og med afgangsstudse incl. pumpeanlæg til og med evt. mellemudtagsstuds samt incl. afluftningsledninger og tømme-, spule- og afslemningsledninger."
"1560","L","LCC","HOVEDKONDENSATFORVARMNING. Fra og med tilgangsstudse forvarmere til og med afgangsstudse forvarmere incl. kølere, udluftnings-, dræn- og tømmeledninger samt evt. kondenspotter excl. kondensatpumper og bypassledninger."
"1561","L","LCE","KONDENSATINDSPRØJTNINGSSYSTEM. Fra afgangsstudse kondensatledningssystem til forbruger hhv. indsprøjtningssystem incl. dræn og afluftninger."
"1562","L","LCF","HJÆLPETURBINE - KONDENSATLEDNINGSSYSTEM."
"1563","L","LCG","HJÆLPETURBINE - KONDENSATPUMPEANLÆG."
"1564","L","LCH","KONDENSATSYSTEM FOR FØDEVANDSFORVARMNING. Fra afgangsstuds HT-forvarmere til tilgang andet system incl. kondensatpumper og reguleringsarmaturer."
"1565","L","LCJ","KONDENSATSYSTEM FOR HOVEDKONDENSATFORVARMNING. Fra afgangsstuds LT-forvarmere hhv. fjernvarmevekslere til tilgang andet system incl. kondensatpumper og reguleringsarmaturer."
"1566","L","LCK","KONDENSATSYSTEM FOR PROCESDAMPFORSYNING TIL RØGGASBEHANDLING Fra afgangsstuds (damp) forbruger til tilgang andet system."
"1567","L","LCL","KEDELKONDENSATSYSTEM. Fra afgangsstuds tryksystem hhv. fra startkondensattank til tilgang andet system."
"1568","L","LCM","TØMME- OG DRÆNKONDENSATSYSTEMER (OPSAMLINGS- OG TILBAGEFØRINGSSYSTEM). Fra og med opsamlingsbeholder hhv. fra sidste tømmearmatur eller tilgang andre opsamlingssystemer til tilgang andet system."
"1569","L","LCN","HJÆLPEDAMPKONDENSATSYSTEM (OPSAMLINGS- OG TILBAGEFØRINGSSYSTEM). Fra hjælpedampforbrugere til tilgang andet system."
"1570","L","LCP","RESERVEKONDENSATSYSTEM INCL. TANKE OG TRIMMEUDSYSTEM. Fra afgang andre systemer (f.eks. GH, LCA) til tilgang andre systemer incl. tanke evt. pumpeanlæg og armaturer."
"1571","L","LCQ","KEDELUDFÆLDNINGSSYSTEM. Fra afgang kedel til tilgang andre systemer."
"1572","L","LCR","KONDENSATTRIMMEINDSYSTEM. Fra afgang reserve kondensatsystem (LCP) til tilgang andre systemer (f.eks. MAG)."
"1573","L","LCS","MOH-KONDENSATSYSTEM. Nukleart."
"1574","L","LCT","KONDENSATSYSTEM FRA VANDUDSKILLERE. Nukleart."
"1575","L","LCV","SMØREOLIEFORSYNING."
"1576","L","LCW","SPÆRRE- OG KØLEKONDENSATSYSTEM. Fra afgangsstudse andet system til tilgangsstudse forbrugere incl. returledninger."
"1577","L","LCX","STYREMEDIUMFORSYNING FOR STYRINGS-, REGULERINGS- OG BESKYTTELSESUDSTYR."
"1578","L","LCY","STYRINGS-, REGULERINGS- OG BESKYTTELSESUDSTYR."
"1579","L","LDO","GENERELT, ALMENT, TVÆRGÅENDE FOR KONDENSATRENSNINGSANLÆG. Må og kan ikke anvendes til komponentnummerering."
"1580","L","LDA","TILGANGS- OG FORDELINGSRØRLEDNINGER EXCL. MEDIUMBEHANDLING. Såfremt de ikke indgår i andet system."
"1581","L","LDB","FILTRERING OG MEKANISK RENSNINGSANLÆG. Fra og med tilgangsstudse filteranlæg til og med afgangsstudse."
"1582","L","LDC","LUFTSKYLNING. Fra og med kompressoranlæg hhv. tilgangsledning luftsystem til tilgangsstuds filter."
"1583","L","LDD","ELEKTROMAGNETISK RENSNINGSANLÆG. Fra og med tilgangsstudse filteranlæg til og med afgangsstudse."
"1584","L","LDE","KEMIKALIEDOSERINGSANLÆG (F.EKS. TIL AFKALKNING)."
"1585","L","LDF","IONBYTTER- OG OMVENDT OSMOSEANLÆG. Fra og med tilgangsstudse ionbytter til og med afgangsstudse incl. afløbsledninger til evt. afløbskar."
"1586","L","LDG","FORDAMPNINGSANLÆG (F.EKS. TIL AFSALTNING). Fra og med tilgangsstudse til og med afgangsstudse."
"1587","L","LDH","AFGASNINGSANLÆG, TØRREANLÆG."
"1588","L","LDJ","FORVARMNINS- OG KØLEANLÆG. Fra og med tilgangsstudse forvarmere hhv. kølere til og med afgangsstudse."
"1589","L","LDK","RØRLEDNINGSSYSTEM, MELLEMLAGERTANKE OG TRANSPORTPUMPER. Fra og med afspærringsarmaturer tilgang kondensatrensningsanlæg til og med afspærringsarmaturer afgang kondensatrensningsanlæg."
"1590","L","LDL","LAGERTANKE UDENFOR KONDENSATRENSNINGSANLÆG. Såfremt de ikke indgår i andet system."
"1591","L","LDN","KEMIKALIEFORSYNINGSANLÆG. Fra tilgangsstudse kemikalielagringsanlæg til tilgang regenerationsanlæg incl. kemikalielagringsanlæg."
"1592","L","LDP","REGENERERINGS- OG SKYLLEANLÆG. Fra afgangsstuds kemikalieforsyningsanlæg hhv. regenerationsanlæg til tilgangsstuds ionbytteranlæg incl. doseringspumper."
"1593","L","LDQ","DOSERINGSSYSEM FOR REGENERATIONSANLÆG. Fra og med tilgangsstuds regenerationsanlæg til og med doseringsindretning."
"1594","L","LDR","SKYLLEVANDS- OG AFLØBSSYSTEM INCL. NEUTRALISATIONSANLÆG. Fra og med afløbsrender og afløbsrørledninger til tilgang afløb andet spildevandssystem, men incl. neutralisationsbassin."
"1595","L","LDS","SLAMINDSLEMNINGSANLÆG."
"1596","L","LDT","OPVARMNINGS-, KØLINGS- OG SKYLLEVANDSRØRSYSTEM. Fra og med tilgangsstudse til og med afgangsstudse."
"1597","L","LDV","SMØREOLIEFORSYNING."
"1598","L","LDX","STYREMEDIUMFORSYNING FOR STYRINGS-, REGULERINGS- OG BESKYTTELSESUDSTYR."
"1599","L","LDY","STYRINGS-, REGULERINGS- OG BESKYTTELSESUDSTYR."
"1600","L","LEA","ARBEJDSMEDIUM I FLYDENDE TILSTAND. Fra kondensation til og med forvamning til fordamper eller fra seperator til afdampnings ledning"
"1601","L","LEB","FORDAMPNINGSSYSTEM ARBEJDSMEDIUM. Fra og med indgang fordamper arbejdsmedie til og med udgang fordamper arbejdsmedie"
"1602","L","LEC","ARBEJDSMEDIESYSTEM DAMPFASE. Fra fordamper arbejdsmedie til turbine"
"1603","L","LED","VARMEBÆRENDE KREDSLØB. til fordampersystem (*LEB*) fra fordampersystem (*LEB*)"
"1604","L","LEV","SMØREMEDIEFORSYNING."
"1605","L","LEW","SPÆRREMEDIEFORSYNING."
"1606","L","LEX","STYREMEDIUMFORSYNING FOR STYRINGS-, REGULERINGS- OG BESKYTTELSESUDSTYR."
"1607","L","LEY","STYRINGS-, REGULERINGS- OG BESKYTTELSESUDSTYR."
"1608","L","LF","FÆLLESANLÆG FOR DAMP-, VAND- OG GASKREDSLØB (F.EKS.DRÆNSYSTEM)."
"1609","L","LFO","GENERELT, ALMENT, TVÆRGÅENDE FOR FÆLLESANLÆG FOR DAMP-, VAND- OG GASKREDSLØB (F.EKS. DRÆNSYSTEM). Må og kan ikke anvendes til komponentnummerering."
"1610","L","LFC","FÆLLES DRÆN- OG AFLUFTNINGSSYSTEM. Fra opsamlingssted hhv. sidste tømmearmatur til indføring i andre systemer incl. beholder, udluftnings-og afløbsledninger."
"1611","L","LFG","SEKUNDÆR DAMPFREMSTILLER-RØRBUNDSRENGØRING. Fra og med afgang primær kølemedium varmeveksler til før indgang primær kølemedium varmeveksler."
"1612","L","LFJ","KEDELSTILSTANDSKONSERVERINGSSYSTEM. Fra og med konserveringsudstyr til til- og afgangsstudse kedel."
"1613","L","LFN","DOSERINGSANLÆG. Doseringsaggregater for dosering i vand- og dampsystemerne incl. dosering i turbine- og kedelområderne."
"1614","L","LKO","GENERELT, ALMENT, TVÆRGÅENDE FOR GASKREDSLØB (LUKKET SYSTEM). Må og kan ikke anvendes til komponentnummerering."
"1615","L","LLO","GENERELT, ALMENT, TVÆRGÅENDE FOR GASRENSESYSTEM (KUN FOR LUKKET SYSTEM). Må og kan ikke anvendes til komponentnummerering."
"1616","L","LNH","OVERLØBSRENDE"
"1617","L","LP","OVERVANDS SYSTEM FOR VANDKRAFTVÆRKER."
"1618","L","LQ","UNDERVANDS SYSTEM FOR VANDKRAFTVÆRKER."
"1619","L","LR","OSMOSE TRYKSYSTEM"
"1620","L","LRA","FERSKVANDSSYSTEM."
"1621","L","LRB","TRYKVANDSSYSTEM."
"1622","L","LRC","MEMBRANSYSTEM."
"1623","L","LRQ - LRU","Kan anvendes."
"1624","L","LRV","SMØREMEDIEFORSYNING."
"1625","L","LRW","SPÆRREMEDIEFORSYNING."
"1626","L","LRX","STYREMEDIUMFORSYNING FOR STYRINGS-, REGULERINGS- OG BESKYTTELSESUDSTYR."
"1627","L","LRY","STYRINGS-, REGULERINGS- OG BESKYTTELSESUDSTYR."
"1628","L","LSO","GENERELT, ALMENT, TVÆRGÅENDE FOR FÆLLESUDSTYR FOR VANDKRAFTVÆRKER. Må og kan ikke anvendes til komponentnummerering."
"1629","L","LVO","GENERELT, ALMENT, TVÆRGÅENDE FOR SMØREOLIEFORSYNING. Må og kan ikke anvendes til komponentnummerering."
"1630","L","LWO","GENERELT, ALMENT, TVÆRGÅENDE FOR SPÆRREMEDIUMFORSYNING. Må og kan ikke anvendes til komponentnummerering."
"1631","L","LXO","GENERELT, ALMENT, TVÆRGÅENDE AF STYREMEDIUMFORSYNING FOR STYRINGS-, REGULERINGS- OG BESKYTTELSESUDSTYR. Må og kan ikke anvendes til komponentnummerering."
"1632","L","LYO","GENERELT, ALMENT, TVÆRGÅENDE FOR STYRINGS-, REGULERINGG- OG BESKYTTELSESUDSTYR. Må og kan ikke anvendes til komponentnummerering."
"1633","M","MO","OVERORDNET, ALMENT, TVÆRGÅENDE FOR HOVEDMASKINANLÆG. Må og kan ikke anvendes til komponentnummerering."
"1634","M","MA","DAMPTURBINEANLÆG."
"1635","M","MB","GASTURBINEANLÆG."
"1636","M","MD","VINDMØLLEANLÆG."
"1637","M","ME","VANDTURBINEANLÆG."
"1638","M","MF","PUMPETURBINEANLÆG I MAGASINKRAFTVÆRKER."
"1639","M","MG","MAGASINPUMPEANLÆG."
"1640","M","MH","DAMP ANLÆG."
"1641","M","MJ","DIESELMOTORANLÆG."
"1642","M","MK","GENERATORANLÆG."
"1643","M","ML","ELEKTROMOTORANLÆG FOR HOVEDMASKINANLÆG (INCL. MOTORGENERATORER)."
"1644","M","MM","KOMPRESSORANLÆG."
"1645","M","MP","FÆLLESUDRUSTNING FOR HOVEDMASKINANLÆG."
"1646","M","MR","GASMOTORANLÆG."
"1647","M","MV","SMØREOLIEFORSYNING."
"1648","M","MW","SPÆRREMEDIUMFORSYNING."
"1649","M","MX","STYREMEDIUMFORSYNING FOR STYRINGS-, REGULERINGS- OG BESKYTTELSESUDSTYR."
"1650","M","MY","STYRINGS-, REGULERINGS- OG BESKYTTELSESUDSTYR."
"1651","M","MOA","ALMENT."
"1652","M","MOB","HOVEDDATA."
"1653","M","MOC","UNDERSØGELSER, BUDGET, BEVILLINGER."
"1654","M","MOD","PLANLÆGNING, TID OG RESSOURCER."
"1655","M","MOE","ORDRE OG ORDREKORRESPONDANCE GENERELT."
"1656","M","MOF","MYNDIGHEDER, SIKKERHED, KVALITETSKONTROL."
"1657","M","MOG","MØDEREFERATER."
"1658","M","MOH","LAYOUT."
"1659","M","MOJ","DRIFT OG VEDLIGEHOLDELSE."
"1660","M","MOK","RESERVEDELE."
"1661","M","MAO","GENERELT, ALMENT, TVÆRGÅENDE FOR DAMPTURBINEANLÆG. Må og kan ikke anvendes til komponentnummerering."
"1662","M","MAA","HT-TURBINE. Fra og med tilgangsstudse turbineindløbsventiler (komb. hurtiglukkere og reguleringsventiler) incl. sier, men excl. evt. overgangsstykker til HT-dampledning. Til og med udtags-, aftapnings- og afgangsstudse excl. evt. overgangsstykker."
"1663","M","MAB","MT-TURBINE. Fra og med tilgangsstudse på MT-turbinens opfangeventiler (komb. hurtiglukkere og reguleringsventiler) incl. sier, men excl. overgangsstykker til varme MOH-dampledninger. Til og med udtags-, aftapnings- og afgangsstudse excl. evt. overgangsstykker."
"1664","M","MAC","LT-TURBINE. Fra og med overstrømsledninger incl. armaturer. Til og med udtags-, aftapnings- og afgangsstudse, men excl. evt. overgangsstykker."
"1665","M","MAD","LEJRING. Lejer komplet fra og med olietilgangsstuds til og med afgangsstuds (incl. lejeovervågningsudrustning)."
"1666","M","MAG","KONDENSATIONSANLÆG. Fjernvarmevekslere henføres til ND. Fra og med kondensatorhals hhv. tilgangsstudse, dampindføringer for bypass til og med kondensatorafgangsstudse incl. hotwell, afspændingstank og incl. evt. udligningsledning mellem 2 kondensatorhalvdele samt incl. måleudrustning for kondensator."
"1667","M","MAH","VANDSYSTEM FOR EJEKTORSYSTEM. Såfremt det er adskilt fra MAJ. Fra afgangsstuds vandforsyningssystem til før vandstråleejektor."
"1668","M","MAJ","EVAKUERINGSSYSTEM. Fra afgangsstuds kondensator til indgang atmosfære."
"1669","M","MAK","TØRNEUDRUSTNING. Tørneudrustning komplet incl. kraft- og overførselsudrustning."
"1670","M","MAL","DRÆN- OG UDLUFTNINGSSYSTEM. Fra og med tilgangsstudse på opsamlingssted hhv. udluftningssted til tilgang andre systemer (LF). (De enkelte dræn- og udluftningsledninger henføres til det system, som de dræner og aflufter)."
"1671","M","MAM","PAKDÅSEDAMPAFSUGNINGSSYSTEM. Fra og med afsugningsstudse på tætninger til tilgang andre systemer."
"1672","M","MAN","BYPASS-REDUKTIONSSTATION INCL. INDSPRØJTNING. Fra og med reduktionsstation og indsprøjtningsventiler til og med dampindføring i kondensator incl. drænledninger til tilgang andet system."
"1673","M","MAP","LT-BYPASSLEDNINGSSYSTEM INCL. INDSPRØJTNING. Fra og med reduktionsstation og indsprøjtningsventiler til dampindføringer i kondensator incl. drænledninger til tilgang andet system."
"1674","M","MAQ","UDLUFTNINGSSYSTEM. Såfremt det ikke indgår i MAL."
"1675","M","MAV","SMØREOLIEFORSYNING. Fra og med smøreolietank hhv. fælles smøre- og styreolietank til til- og afgangsstuds forbruger. (Anvendes ved fælles smøreoliesystem for generator og turbine)."
"1676","M","MAW","SPÆRRE-, AFSUGNINGS-, OPVARMNINGS- OG KØLEDAMPSYSTEM. Fra afgrening andre systemer, tilslutning turbine- eller ventilhus hhv. rotortætning til forbrugere og kondensator hhv. pakdåsedampkondensator hhv. varm- og køledampforbruger incl. udluftning, til og med atmosfære tilgang, incl. dræn, udtømninger til indgang kondensator hhv. andre systemer."
"1677","M","MAX","IKKE ELEKTRISK STYRINGS-, REGULERINGS- OG BESKYTTELSESUDSTYR INCL. MEDIEFORSYNING. Fra afgang fælles smøre- og styreolietank til og med forbrugere."
"1678","M","MAY","STYRINGS-, REGULERINGS- OG BESKYTTELSESUDSTYR."
"1679","M","MBO","GENERELT, ALMENT, TVÆRGÅENDE FOR GASTURBINEANLÆG. Må og kan ikke anvendes til komponentnummerering."
"1680","M","MBA","TURBINE- OG KOMPRESSORROTOR M. FÆLLES HUS. Fra tilgang kompressor til afgang kompressor, fra tilgang turbine til afgang turbine, incl. røggasdiffuser."
"1681","M","MBB","TURBINEHUS OG -LØBER. Fra tilgang turbine til afgang turbine, incl. røggasdiffuser."
"1682","M","MBC","KOMPRESSORHUS OG -LØBER. Fra tilgang kompressor til afgang kompressor."
"1683","M","MBD","LEJRING."
"1684","M","MBH","KØLE- OG SPÆRREGASSYSTEM. Fra udtagningssted indtil forbruger og fra forbruger, incl. udsugning til tilgang til andet system."
"1685","M","MBJ","STARTANLÆG."
"1686","M","MBK","KRAFTOVERFØRSELSINSTALLATION MELLEM KRAFT- OG ARBEJDSMASKINE, INCL. ROTORTØRNEANLÆG, DRIVMASKINE."
"1687","M","MBL","INDSUGNINGSLUFT, KOLDGASSYSTEM INCL. FORVARMNING AF INDSUGNINGSLUFT. Fra atmosfære til brændkammer eller til tilslutning kompressor eller til og med røggasvarmeveksler, excl.kompressor. ."
"1688","M","MBM","BRÆNDKAMMER (GASOPVARMNING, FORBRÆNDING). Fra koldgas-, brændstoftilgang til varmgasafgang."
"1689","M","MBN","BRÆNDSTOFTILFØRSEL (FLYDENDE). Fra forgrening hovedforsyningsledning, hhv. fra mellembeholder indtil brændkammer, hhv. indtil drivgasgeneratorsæt incl. brændstoftilbageføring."
"1690","M","MBP","BRÆNDSTOFTILFØRSEL (GASFORMET). Fra forgrening hovedforsyningsledning indtil brændkammer, hhv. indtil drivgasgeneratorsæt."
"1691","M","MBQ","TILFØRSEL AF TÆNDINGSBRÆNDSTOF. Såfremt dette forefindes separat. Fra forgrening hovedforsyningsledning, hhv. fra lagerbeholder indtil brændkammer, hhv. indtil drivgasgeneratorsæt."
"1692","M","MBR","RØGGASSYSTEM (ÅBENT SYSTEM). Fra brændkammer, hhv. fra røggasdiffuser indtil indtræden i atmosfæren, excl. turbine, hhv. indtil indtræden i andet system (f.eks. forbrændingsluftsystem)."
"1693","M","MBS","LAGERSYSTEM. Indtil tilslutning hovedkredsløb og fra tilslutning hovedkredsløb."
"1694","M","MBT","DRIVGASGENERATORSÆT, INCL. BRÆNDKAMMER. Fra tilgang af luft/brændstof til afgang af drivgas fra drivgasgeneratorsættet."
"1695","M","MBU","ADDITIVSYSTEM. Fra forsyning til indsprøjtning."
"1696","M","MBV","SMØREOLIEFORSYNINGSSYSTEM. Fra tilhørende smøremediebeholder hhv. fælles smøre-og styremediebeholder, hhv. fra forgrening styremedieforsyning indtil forbruger og fra forbruger."
"1697","M","MBW","TÆTTEOLIESYSTEM. Fra tilhørende egen tætteoliebeholder hhv. fra sugeledning tætteoliepumpe indtil forbruger og fra forbruger."
"1698","M","MBX","IKKE ELEKTRISK STYRINGS-, REGULERINGS- OG BESKYTTELSESUDSTYR, INCL. MEDIEFORSYNING."
"1699","M","MBY","ELEKTRISK STYRINGS-, REGULERINGS- OG BESKYTTELSESUDSTYR."
"1700","M","MBZ","SMØRE- OG STYREMEDIERENSNING."
"1701","M","MDA","ROTOR (INCL. HUB)"
"1702","M","MDB","Blokeret"
"1703","M","MDC","Blokeret"
"1704","M","MDD","ROTOR LEJE."
"1705","M","MDE - MDJ","Blokeret"
"1706","M","MDK","TRANSMISSIONS GEAR (GEARBOKS, AKSEL, BREMSE)."
"1707","M","MDL","KRØJESYSTEM."
"1708","M","MDM - MDU","Blokeret"
"1709","M","MDV","SMØREOLIESYSTEM. Fra og med smøreolietank hhv. fælles smøre- og styreolietank til til- og afgangsstudsforbruger hhv. gear."
"1710","M","MDW","Blokeret."
"1711","M","MDX","IKKE ELEKTRISK STYRINGS-, REGULERINGS- OG BESKYTTELSESUDSTYR."
"1712","M","MDY","STYRINGS-, REGULERINGS- OG BESKYTTELSESUDSTYR."
"1713","M","MEO","GENERELT, ALMENT, TVÆRGÅENDE FOR VANDTURBINEANLÆG. Må og kan ikke anvendes til komponentnummerering."
"1714","M","MFO","GENERELT, ALMENT, TVÆRGÅENDE FOR PUMPETURBINEANLÆG I MAGASINKRAFTVÆRKER. Må og kan ikke anvendes til komponentnummerering."
"1715","M","MGO","GENERELT, ALMENT, TVÆRGÅENDE FOR MAGASINPUMPEANLÆG. Må og kan ikke anvendes til komponentnummerering."
"1716","M","MH","DAMP MOTOR ANLÆG."
"1717","M","MHO","GENERELT, ALMENT, TVÆRGÅENDE FOR DAMPMOTORANLÆG. Må og kan ikke anvendes til komponentnummerering."
"1718","M","MHA","HØJTRYKSDAMPMOTOR Fra og med damp tilgang, nødstopventil, henholdsvis kombineret nødstop/kontrolventil til og med udsugnings studs og udluftningsflange og til og med grænserne til andre interne motoriserede systemer."
"1719","M","MHB","MELLEMTRYKS DAMPMOTOR. fra og med cross-over rør incl. kontrolenhed fra og med skæringspunkt enhed til og med ekstraktion dyse og udstødningsflange til afgrænsningen af andre interne motor systemer"
"1720","M","MHC","LAVTRYKS DAMPMOTOR. fra og med cross-over rør incl. kontrolenhed fra og med skæringspunkts enhed damp indløbsflange (uden afbrydelse af enhed i tilfælde af mellemoverheder) til og med ekstraktion dyse og udstødningsflange til ekskl. grænse for andre interne motor systemer"
"1721","M","MHD","BÆRING."
"1722","M","MHE","BLOKERET."
"1723","M","MHF","BLOKERET."
"1724","M","MHG","KONDENS SYSTEM. Fra og med kondenser halsrør henholdsvis kondenser indgangs studs til og med kondenser afgangs studs incl. tilsluttet ekspansions beholder med tilhørende måleudstyr."
"1725","M","MHH","BLOKERET."
"1726","M","MHJ","BLOKERET."
"1727","M","MHK","TRANSMISSION GEAR."
"1728","M","MHL","DRÆN OG UDLUFTNINGS SYSTEM. Fra og med samlepunkt eller fra og med sidste dræn punkt til indfødning til andre systemer"
"1729","M","MHM","DAMP UDBLØSNINGS SYSTEM. Fra afgrening udbløning på tætningerne til indfødning til andre systemer"
"1730","M","MHN","BYPASS STATION INCL. INJEKTION. Fra bypass apparatur og fra afgrening kondensat desuperheating spray system til dampindgang i kondenseren"
"1731","M","MHP","LAVTRYKS BYPASS. Fra bypass apparatur og fra afgrening damp system"
"1732","M","MJO","GENERELT, ALMENT, TVÆRGÅENDE FOR DIESELMOTORANLÆG. Må og kan ikke anvendes til komponentnummerering."
"1733","M","MJA","MOTOR. Fra tilgang brændstofdyser hhv. luftindtag og kølevandstilgang til afgang røggasstuds hhv. kølevandsafgang."
"1734","M","MJB","TURBOLADER ELLER -BLÆSER. Fra tilgang lader/blæser til afgang lader/blæser."
"1735","M","MJG","VÆSKEKØLESYSTEM. Fra afgang motorkølevandsstuds, hhv. tilgang luftkølesystem til tilgang motorkølevandsstuds, hhv. afgang luftkøler."
"1736","M","MJH","LUFTMELLEMKØLESYSTEM. Fra tilgang mellemkøler til afgang mellemkøler eller tilgang til andet kølesystem."
"1737","M","MJK","KRAFTOVERFØRSELSINSTALLATION MELLEM KRAFT- OG ARBEJDSMASKINE."
"1738","M","MJN","BRÆNDSTOFSYSTEMER. Fra mellemlager, hhv. afgrening ledningssystem til tilgang brændstofdyser."
"1739","M","MJP","STARTANLÆG (OGSÅ SVINGHJUL)."
"1740","M","MJQ","INDSUGNINGSSYSTEM. Fra atmosfære til lader, hhv. motorluftindtag."
"1741","M","MJR","RØGGASSYSTEM. Fra afgang røggasstuds til atmosfære."
"1742","M","MJV","SMØREOLIEFORSYNINGSSYSTEM. Fra tilhørende beholder, hhv. afgrening på ledningssystem til forbruger og fra forbruger."
"1743","M","MJW","SPÆRREMEDIUMFORSYNING."
"1744","M","MJX","STYREMEDIEFORSYNING TIL STYRINGS-, REGULERINGS- OG BESKYTTELSESUDSTYR."
"1745","M","MJY","STYRINGS-, REGULERINGS- OG BESKYTTELSESUDSTYR."
"1746","M","MKO","GENERELT, ALMENT, TVÆRGÅENDE FOR GENERATORANLÆG. Må og kan ikke anvendes til komponentnummerering."
"1747","M","MKA","GENERATORHUS INCL. STATOR OG ROTOR. Til og med udførte klemmer incl. indbyggede køleindretninger, tætte- og udligningsbeholdere."
"1748","M","MKB","MAGNETISERING. Anvendes kun når MKC ikke dækker nummereringsbehovet."
"1749","M","MKC","MAGNETISERING. Fra primærside af magnetiseringstransformer til og med magnetiseringstilledninger incl. ensretter med tilhørende kølesystem, magnetiseringsafbryder, af-/modmagnetiseringsudstyr. Incl. regulering, beskyttelse, signalisering samt evt. indfødning."
"1750","M","MKD","GENERATORLEJRING. Lejer komplet fra og med olietilgangsstudse til og med afgangsstudse (incl.lejeovervågningsudrustning)."
"1751","M","MKF","STATOR-/ROTORKØLING MED FLYDENDE KØLEMEDIE INKL. KØLEMEDIEFORSYNING. (Bemærk: Køleolie som kølemedie, se *MKU*) Opgave:Bortledning af varmeenergi fra stator/rotor via flydende kølemedie. Fra afgang stator/rotor til og med tilgang stator/rotor."
"1752","M","MKG","STATOR-/ROTORKØLING MED GASFORMIGT KØLEMEDIE INKL. KØLEMEDIEFORSYNING. (Bemærk: vælstof som kølemedie, se *MKH*) Opgave: Bortledning af varmeenergi fra stator/rotor via gasformigt kølemedie. Fra afgang stator/rotor til og med tilgang stator/rotor."
"1753","M","MKH","STATOR-/ROTORKØLING MED KVÆLSTOF SOM KØLEMEDIE INKL. KVÆLSTOFFORSYNING. (Bemærk: Andre gasformige kølemedier, se *MKG*) Opgave: Bortledning af varmeenergi fra stator/rotor via kvælstof som kølemedie. Fra afgang stator/rotor til og med tilgang stator/rotor."
"1754","M","MKQ","AFGASNINGSSYSTEM. Såfremt det ikke er incl. i MKG og MKH."
"1755","M","MKU","STATOR-/ROTORKØLING MED KØLEOLIE SOM KØLEMEDIE INKL. KØLEOLIEFORSYNING. (Bemærk: Andre flydende køleedie, se *MKF*) Opgave: Bortledning af varmeenergi fra stator/rotor via køleolie som kølemedie. Fra afgang stator/rotor til og med tilgang stator/rotor."
"1756","M","MKV","SMØREOLIEFORSYNINGSSYSTEM. Såfremt det er særskilt for generator. Ellers MAV."
"1757","M","MKW","TÆTTEOLIESYSTEM. Fra afgrening tætteoliesystem til tilgang stator og fra afgang stator til tilgang andre systemer hhv. ved lukkesystem fra afgangsstator incl. tætteolieforsynings- og regenereringsanlæg til tilgang stator."
"1758","M","MKX","STYREMEDIUMFORSYNING FOR STYRINGS-, REGULERINGS- OG BESKYTTELSESUDSTYR."
"1759","M","MKY","STYRINGS-, REGULERINGS- OG BESKYTTELSESUDSTYR."
"1760","M","ML","ELEKTROMOTORANLÆG FOR HOVEDMASKINEANLÆG (INCL. MOTORGENERATORER)."
"1761","M","MLO","GENERELT, ALMENT, TVÆRGÅENDE FOR ELEKTROMOTORANLÆG FOR HOVEDMASKINANLÆG (INCL. MOTORGENERATORER). Må og kan ikke anvendes til komponentnummerering."
"1762","M","MMO","GENERELT, ALMENT, TVÆRGÅENDE FOR KOMPRESSORANLÆG. Må og kan ikke anvendes til komponentnummerering."
"1763","M","MPO","GENERELT, ALMENT, TVÆRGÅENDE FOR FÆLLESUDRUSTNING FOR HOVEDMASKINANLÆG. Må og kan ikke anvendes til komponentnummerering."
"1764","M","MPA","FUNDAMENT. Turbine- og generatorfundament incl. evt. fjedre. Hvis fundamentet er fjederlejret medtages kun fjedre og bordplade. Øvrigt henføres under UMA."
"1765","M","MPB","BEKLÆDNING."
"1766","M","MPG","STATIVER OG AFSTIVNINGER."
"1767","M","MPR","TVANGSAFKØLESYSTEM."
"1768","M","MPS","TØRRINGS- OG KONSERVERINGSANLÆG."
"1769","M","MRO","GENERELT, ALMENT, TVÆRGÅENDE FOR GASMOTORANLÆG. Må og kan ikke anvendes til komponentnummerering."
"1770","M","MVO","GENERELT, ALMENT, TVÆRGÅENDE FOR SMØREOLIEFORSYNING. Må og kan ikke anvendes til komponentnummerering."
"1771","M","MVA","TØMMEOLIETANK. Anvendes ved fælles smøreolietank for f.eks. flere blokke."
"1772","M","MX","STYREVÆSKEFORSYNING. Fælles for flere blokke."
"1773","M","MXO","GENERELT, ALMENT, TVÆRGÅENDE FOR STYREVÆSKEFORSYNING. Må og kan ikke anvendes til komponentnummerering."
"1774","M","MWO","GENERELT, ALMENT, TVÆRGÅENDE FOR SPÆRREMEDIUMFORSYNING. Må og kan ikke anvendes til komponentnummerering."
"1775","M","MYO","GENERELT, ALMENT, TVÆRGÅENDE FOR STYRINGS-, REGULERINGS- OG BESKYTTELSESUDSTYR. Må og kan ikke anvendes til komponentnummerering."
"1776","N","NO","OVERORDNET, ALMENT, TVÆRGÅENDE FOR PROCESENERGIANLÆG FOR EKSTERNE FORBRUGERE (EKS. PROCESDAMP, FJERNVARME). Må og kan ikke anvendes til komponentnummerering."
"1777","N","NA","PROCESDAMPSYSTEM (INCL. KONDENSATTILBAGEFØRING)."
"1778","N","ND","FJERNVARMESYSTEM."
"1779","N","NG","PROCESLUFTSYSTEM."
"1780","N","NK","PROCESGASSYSTEM."
"1781","N","NO","OVERORDNET, ALMENT, TVÆRGÅENDE FOR PROCESENERGIANLÆG FOR EKSTERNE FORBRUGERE (EKS. PROCESDAMP, FJERNVARME. Må og kan ikke anvendes til komponentnummerering."
"1782","N","NOA","ALMENT."
"1783","N","NOB","HOVEDDATA."
"1784","N","NOC","UNDERSØGELSER, BUDGET, BEVILLINGER."
"1785","N","NOD","PLANLÆGNING, TID OG RESSOURCER."
"1786","N","NOE","ORDRE OG ORDREKORRESPONDANCE GENERELT."
"1787","N","NOF","MYNDIGHEDER, SIKKERHED, KVALITETSKONTROL."
"1788","N","NOG","MØDEREFERATER."
"1789","N","NOH","LAYOUT."
"1790","N","NOJ","DRIFT OG VEDLIGEHOLDELSE."
"1791","N","NAO","GENERELT, ALMENT TVÆRGÅENDE FOR PROCESDAMPSYSTEM (INCL. KONDENSATTILBAGEFØRING). Må og kan ikke anvendes til komponentnummerering."
"1792","N","NAA","DAMPLEDNINGSSYSTEM."
"1793","N","NAB","KONDENSATLEDNINGSSYSTEM."
"1794","N","NAD","PROCESVARMEVEKSLER."
"1795","N","NAE","DAMPLEDNINGSSYSTEM"
"1796","N","NAG NAH","Mulig underdeling efter behov (ex.tryktrinsorienteret)*"
"1797","N","NAK","KONDENSATLEDNINGSSYSTEM"
"1798","N","NAL NAM","Mulig underdeling efter behov (ex. procesorienteret )**"
"1799","N","NAX","MEDIEFORSYNING FOR STYRINGS-, REGULERINGS- OG BESKYTTELSESUDSTYR."
"1800","N","NAY","STYRINGS-, REGULERINGS- OG BESKYTTELSESUDSTYR."
"1801","N","*","NAE til NAJ anvendes kun, når NAA ikke er tilstrækkelig."
"1802","N","**","NAK til NAM anvendes kun, når NAB ikke er tilstrækkelig"
"1803","N","NDO","GENERELT, ALMENT, TVÆRGÅENDE FOR FJERNVARMESYSTEM."
"1804","N","NDA","FJERNVARMERØRLEDNINGSSYSTEM (FREMLØB)."
"1805","N","NDB","FJERNVARMERØRLEDNINGSSYSTEM (RETURLØB)."
"1806","N","NDC","FJERNVARMEPUMPEANLÆG."
"1807","N","NDD","FJERNVARMEVEKSLERE."
"1808","N","NDE","VARMEAKKUMULATORANLÆG."
"1809","N","NDF","FORDELINGSSYSTEM"
"1810","N","NDG","Mulig underdeling"
"1811","N","NDH","efter behov (ex."
"1812","N","NDJ","temperaturorienteret"
"1813","N","NDK","TRYKHOLDESYSTEM."
"1814","N","NDV","SMØREOLIEFORSYNING."
"1815","N","NDX","STYREMEDIEFORSYNING FOR STYRINGS-, REGULERINGS- OG BESKYTTELSESUDSTYR."
"1816","N","NDY","STYRINGS-, REGULERINGS- OG BESKYTTELSESUDSTYR."
"1817","N","NGO","GENERELT, ALMENT, TVÆRGÅENDE FOR PROCESLUFTSYSTEM. Må og kan ikke anvendes til komponentnummerering."
"1818","N","NGB","LEDNINGSSYSTEM."
"1819","N","NGC","FORSYNINGSANLÆG."
"1820","N","NGW","SPÆRREMEDIUMFORSYNING."
"1821","N","NGX","MEDIEFORSYNING FOR STYRINGS-, REGULERINGS- OG BESKYTTELSESUDSTYR"
"1822","N","NGY","STYRINGS-, REGULERINGS- OG BESKYTTELSESUDSTYR."
"1823","N","NKO","GENERELT, ALMENT, TVÆRGÅENDE FOR PROCESGASSYSTEM. Må og kan ikke anvendes til komponentnummerering."
"1824","N","NKB","LEDNINGSSYSTEM."
"1825","N","NKW","SPÆRREMEDIUMFORSYNING."
"1826","N","NKX","MEDIEFORSYNING FOR STYRINGS-, REGULERINGS- OG BESKYTTELSESUDSTYR."
"1827","N","NKY","STYRINGS-, REGULERINGS- OG BESKYTTELSESUDSTYR."
"1828","O","OO","SAMLET PROJEKT, GENERELT"
"1829","O","OA","PROJEKTLEDELSE"
"1830","O","OB","BYGGEPLADS"
"1831","O","OC","ADMINISTRATION"
"1832","O","OD","PROJEKTERING OG TILSYN"
"1833","O","OE","UNDERSØGELSER OG KONSULENTBISTAND"
"1834","O","OF","FORSIKRINGER, AFGIFTER OG ERSTATNINGER"
"1835","O","OH","HOVEDDATA, LAYOUT, BEREGNINGER"
"1836","O","OJ","UDBUD OG ORDRE"
"1837","O","OK","TURNKEY KONTRAKTER"
"1838","O","OL","BUDGET, BEVILLING, ØKONOMI"
"1839","O","OM","MYNDIGHEDER"
"1840","O","ON","TEKNISK SERVICE"
"1841","O","OP","IDRIFTSÆTTELSE"
"1842","O","OQ","RESERVEDELE"
"1843","O","OR","BYGGERENTER"
"1844","O","OS","TVÆRGÅENDE M-ENTREPRISER"
"1845","O","OT","DRIFT OG VEDLIGEHOLDELSE"
"1846","O","OV","STANDARDKOMPONENTER, E"
"1847","O","OX","STANDARDKOMPONENTER, M"
"1848","O","OZ","STANDARDKOMPONENTER, B"
"1849","O","OO","SAMLET PROJEKT, GENERELT. Må kun anvendes som reference"
"1850","O","OOO","ALMENT"
"1851","O","OOA","GENERELLE ENERGIPROBLEMER"
"1852","O","OOB","FORSKELLIGE KRAFTVÆRKSTYPER"
"1853","O","OOC","KONVENTIONELLE VÆRKER, ANDRE SELSKABER"
"1854","O","OOD","OFFENTLIGHEDEN"
"1855","O","OOE","LEVERANDØRER OG ENTREPRENØRER Omfatter kun de generelle forhold, hvori der ikke er noget økonomisk mellemværende"
"1856","O","OOF","KONSULENTER OG RÅDGIVERE Omfatter kun de generelle forhold, hvori der ikke er noget økonomisk mellemværende"
"1857","O","OOK","UDDANNELSE"
"1858","O","OA","PROJEKTLEDELSE. Må kun anvendes som reference"
"1859","O","OAO","ALMENT"
"1860","O","OAA","ORGANISATIONSOPBYGNING OG PERSONALE"
"1861","O","OAB","MØDEREFERATER, STG-MØDER"
"1862","O","OAC","MØDEREFERATER, PL-MØDER"
"1863","O","OAD","MØDEREFERATER, I ØVRIGT"
"1864","O","OAG","DOKUMENTATION MV. F.eks. systemdokumentation"
"1865","O","OAH","PROJEKTADMINISTRATION F.eks. forretningsgange, blanketter o.lign."
"1866","O","OAJ","PLANLÆGNING, TID OG RESSOURCER"
"1867","O","OAK","UDDANNELSE"
"1868","O","OAL","BYGHERRERELATIONER"
"1869","O","OAM","FREMMED PROJEKTGRUPPE (IDENTIFICERET)"
"1870","O","OAN","FREMMED PROJEKTGRUPPE (IDENTIFICERET)"
"1871","O","OAP","FREMMED PROJEKTGRUPPE (IDENTIFICERET)"
"1872","O","OAQ","PROJEKTRAPPORTER"
"1873","O","OBO","ALMENT"
"1874","O","OBA","BYGGEPLADSLEDELSE"
"1875","O","OBB","BYGGEMØDEREFERATER Må kun anvendes som reference"
"1876","O","OBD","BYGGEPLADSINDRETNING Må kun anvendes som reference"
"1877","O","OBE","BYGGEPLADSPROVISORIER (VEJE OG PLADSER) Incl. driftsudgifter"
"1878","O","OBF","BYGGEPLADSPROVISORIER (VVS) Incl. drifts- og forbrugsudgifter"
"1879","O","OBG","BYGGEPLADSPROVISORIER (EL OG TELEFON). Incl. drifts- og forbrugsudgifter"
"1880","O","OBH","BYGGEPLADSPROVISORIER (SKURE OG INVENTAR) Incl. drifts- og forbrugsudgifter"
"1881","O","OBJ","PLANLÆGNING (TID OG RESSOURCER)"
"1882","O","OBK","UDDANNELSE"
"1883","O","OBL","SIKKERHEDSKOORDINERING"
"1884","O","OC","ADMINISTRATION Må kun anvendes som konto"
"1885","O","OCO","ALMENT"
"1886","O","OCA","LEDELSE ELSAM"
"1887","O","OCB","LEDELSE BYGHERRE"
"1888","O","OCC","ADMINISTRATION OG KONTORHOLD"
"1889","O","OCD","KOPIERING - LYSTRYK"
"1890","O","OCE","EDB-KØRSEL"
"1891","O","OCG","MØDER"
"1892","O","OCH","REPRÆSENTATION"
"1893","O","OCJ","REJSER"
"1894","O","OD","PROJEKTERING OG TILSYN Må kun anvendes som konto. Ud over EP's og bygherrens indsats medtages her kun større rådgivere, der er fast tilknyttet projektet. Anden fremmed rådgivning og konsulentbistand hører under OE."
"1895","O","ODO","ALMENT"
"1896","O","ODA","PROJEKTERING, E-PB"
"1897","O","ODB","PROJEKTERING, E-PM"
"1898","O","ODC","PROJEKTERING, E-PE"
"1899","O","ODD","PROJEKTERING, E-PP Incl. projektledelse"
"1900","O","ODE","PROJEKTERING, E-PN"
"1901","O","ODF","PROJEKTERING, BYGHERREN"
"1902","O","ODG","PROJEKTERING, RÅDGIVENDE INGENIØR (IDENTIFICERET)"
"1903","O","ODH","PROJEKTERING, RÅDGIVENDE INGENIØR (IDENTIFICERET)"
"1904","O","ODJ","PROJEKTERING, ARKITEKT"
"1905","O","ODK","PROJEKTERING, ØVRIGE"
"1906","O","ODL","TILSYN, E-PB"
"1907","O","ODM","TILSYN, E-PM"
"1908","O","ODN","TILSYN, E-PE"
"1909","O","ODP","TILSYN, E-PP"
"1910","O","ODQ","TILSYN, BYGHERREN"
"1911","O","ODR","TILSYN, RÅDGIVENDE INGENIØR (IDENTIFICERET)"
"1912","O","ODS","TILSYN, RÅDGIVENDE INGENIØR (IDENTIFICERET)"
"1913","O","ODT","TILSYN, ARKITEKT"
"1914","O","ODU","TILSYN, ØVRIGE"
"1915","O","ODV","BYGGEPLADSLEDELSE"
"1916","O","OE","UNDERSØGELSER OG KONSULENTBISTAND Se også ON, teknisk service."
"1917","O","OEO","ALMENT"
"1918","O","OEA","FORUNDERSØGELSER, ALMENT"
"1919","O","OEC","GEOTEKNISKE Gælder ikke detailundersøgelser, som henføres til den pågældende bygningsdel"
"1920","O","OED","RECIPIENT F.eks. VKI og DHI"
"1921","O","OEF","LUFT Fx kedelforeningen"
"1922","O","OEG","STØJ"
"1923","O","OEH","ANDRE UNDERSØGELSER"
"1924","O","OEJ","AFFALDSDEPONERING"
"1925","O","OEK","ØVRIG KONSULENTBISTAND Fx jurist, Dansk Brandværns-Komité o.l."
"1926","O","OFO","ALMENT"
"1927","O","OFA","FORSIKRING, ALL-RISK OG ANSVAR"
"1928","O","OFB","FORSIKRING, ØVRIGE"
"1929","O","OFE","AFGIFTER, OFFENTLIGE Fx byggetilladelse"
"1930","O","OFF","AFGIFTER, ØVRIGE Ikke forbrugsafgifter"
"1931","O","OFH","ERSTATNINGER"
"1932","O","OHO","ALMENT"
"1933","O","OHA","HOVEDDATA"
"1934","O","OHB","GRUNDPLAN, HOVEDLAYOUT, BYGNINGSLAYOUT"
"1935","O","OHC","BEREGNINGER Fx levetidsberegninger"
"1936","O","OHD","DRIFTSEGENSKABER HELE BLOKKEN"
"1937","O","OHE","OVERORDNEDE KOBLINGSSKEMAER"
"1938","O","OHF","OVERORDNEDE TEKNISKE SKEMAER F.eks. standarder, normer"
"1939","O","OHG","TEKNISKE SYSTEMINDDELINGER"
"1940","O","OJ","UDBUD OG ORDRE Må kun anvendes som reference"
"1941","O","OJO","ALMENT"
"1942","O","OJA","STANDARDUDBUDSMATERIALE, GENERELT"
"1943","O","OJB","STANDARDUDBUDSMATERIALE, JURA"
"1944","O","OJC","STANDARDUDBUDSMATERIALE, ØKONOMI"
"1945","O","OJD","STANDARDUDBUDSMATERIALE, TEKNIK"
"1946","O","OJF","TILBUDSSAMMENLIGNINGER, EVALUERINGSMETODER OG FORUDSÆTNINGER F.eks. økonomiske parametre"
"1947","O","OJH","STANDARDORDREMATERIALE, GENERELT"
"1948","O","OJJ","STANDARDORDREMATERIALE, JURA"
"1949","O","OJK","STANDARDORDREMATERIALE, ØKONOMI"
"1950","O","OJL","STANDARDORDREMATERIALE, TEKNIK"
"1951","O","OJM","LEVERANDØRER"
"1952","O","OK","TURNKEYKONTRAKTER Må kun anvendes som reference"
"1953","O","OKO","ALMENT"
"1954","O","OKA","KONTRAKTKORRESPONDANCE"
"1955","O","OKG","MØDEREFERATER"
"1956","O","OKE","ORDRE OG ORDREKORRESPONDANCE"
"1957","O","OL","BUDGET, BEVILLING, ØKONOMI Må kun anvendes som reference"
"1958","O","OLO","ALMENT"
"1959","O","OLA","BESTYRELSESPAPIRER"
"1960","O","OLB","BUDGET, ALMENT"
"1961","O","OLC","BUDGETOPFØLGNING"
"1962","O","OLD","BUDGETREDEGØRELSER"
"1963","O","OLE","KONTOPLAN"
"1964","O","OLG","MARKEDSFORHOLD (PRISER MV.)"
"1965","O","OLK","DRIFTSØKONOMI"
"1966","O","OM","MYNDIGHEDER Må kun anvendes som reference"
"1967","O","OMO","ALMENT"
"1968","O","OMA","FORSKRIFTER"
"1969","O","OMB","STATEN, ALMENT"
"1970","O","OMC","ENERGISTYRELSEN/ENERGIMINISTERIET"
"1971","O","OMD","PLANSTYRELSEN"
"1972","O","OME","MILJØSTYRELSEN"
"1973","O","OMF","MINISTERIET FOR OFFENTLIGE ARBEJDE"
"1974","O","OMG","AMT, ALMENT"
"1975","O","OMH","AMT, MILJØGODKENDELSE"
"1976","O","OMK","KOMMUNE, ALMENT"
"1977","O","OML","KOMMUNE, LOKALPLAN"
"1978","O","OMM","KOMMUNE, BYGGEANSØGNING"
"1979","O","OMN","KOMMUNE, BRANDVÆSNET M.M."
"1980","O","OMP","KOMMUNE, ARBEJDSTILSYNET"
"1981","O","OMR","ØVRIGE MYNDIGHEDER"
"1982","O","ONO","ALMENT"
"1983","O","ONA","KVALITETSSIKRING"
"1984","O","ONC","TEKNISKE NUMMERERINGSMETODER (KKS) F.eks. referencesystem"
"1985","O","ONE","SVEJSEKONTROL"
"1986","O","ONF","KEMI OG KORROSION"
"1987","O","ONJ","REGNEMASKINEPROGRAMMER"
"1988","O","OPO","ALMENT"
"1989","O","OPA","FORBRUGSOMKOSTNINGER (BRÆNDSEL)"
"1990","O","OPB","TEKNISK BISTAND E-PM Omfatter kun det, der ikke er med i den normale projektbistand"
"1991","O","OPC","TEKNISK BISTAND E-PE Omfatter kun det, der ikke er med i den normale projektbistand"
"1992","O","OPD","TEKNISK BISTAND I ØVRIGT"
"1993","O","OPE","DRIFTSPERSONALE"
"1994","O","OPF","UDSYRING OG UDBLÆSNING"
"1995","O","OPG","ØVRIGE INDKØRINGSOMKOSTNINGER"
"1996","O","OPH","DRIFTSINDTÆGTER"
"1997","O","OPK","UDDANNELSE AF DRIFTSPERSONALE"
"1998","O","OPM","IDRIFTSÆTTELSESPROGRAMMER"
"1999","O","OS","TVÆRGÅENDE M-ENTREPRISER Må kun anvendes som reference"
"2000","O","OSO","ALMENT"
"2001","O","OSA","ARMATURER"
"2002","O","OSB","LT-RØR"
"2003","O","OSC","ISOLERING"
"2004","O","OSD","MALING"
"2005","O","OSE","INSTRUMENTERING"
"2006","O","OT","DRIFT OG VEDLIGEHOLDELSE Må kun anvendes som reference"
"2007","O","OTO","ALMENT"
"2008","O","OTB","DRIFTSORGANISATION"
"2009","O","OTD","DRIFTSINSTRUKTIONER"
"2010","O","OTE","VEDLIGEHOLDELSESPROGRAMMER"
"2011","O","OTF","SERVICEKONTRAKTER"
"2012","O","OTG","DRIFTSERFARINGER"
"2013","O","OTH","BRÆNDSELSKONTRAKTER"
"2014","O","OV","STANDARDKOMPONENTER, E Underdeling senere efter behov"
"2015","O","OX","STANDARDKOMPONENTER, M Standardkomponenter, der anvendes generelt i flere systemer indenfor blokken"
"2016","O","OXA","ARMATUR Afspærringsarmaturer. Reguleringsarmaturer."
"2017","O","OZ","STANDARDKOMPONENTER, B Underdeling senere efter behov"
"2018","P","PO","OVERORDNET, ALMENT, TVÆRGÅENDE FOR KØLEVANDSANLÆG. Må og kan ikke anvendes til komponentnummerering."
"2019","P","PA","HOVEDKØLEVANDSSYSTEM (HAVVAND)."
"2020","P","PB","HOVEDKØLEVANDSBEHANDLINGSANLÆG (HAVVAND)."
"2021","P","PC","HJÆLPEKØLEVANDSSYSTEM (FERSK- OG HAVVAND)."
"2022","P","PD","HJÆLPEKØLEVANDSBEHANDLING."
"2023","P","PE","NUKLEAR."
"2024","P","PF","NUKLEAR."
"2025","P","PG","MELLEMKØLEVANDSSYSTEM (KOMPONENTKØLING) EXCL. TRANSFORMERKØLING."
"2026","P","PH","MELLEMKØLEVANDSBEHANDLINGSANLÆG."
"2027","P","PJ","NUKLEAR."
"2028","P","PK","NUKLEAR."
"2029","P","PM","MELLEMKØLEVANDSSYSTEM FOR TRANSFORMERE. (SÅFREMT SELVSTÆNDIGT MELLEMKØLESYSTEM)."
"2030","P","PN","SEKUNDÆR KØLEVANDSSYSTEM FOR RØGGAS UDSTØDNING OG BEHANDLING INCL. OXIDANT PRODUKTION/FORSYNING"
"2031","P","PP","LUKKET KØLEVANDSSYSTEM FOR RØGGAS UDSTØDNING OG BEHANDLING INCL. OXIDANT PRODUKTION"
"2032","P","PS","TØMMESYSTEM FOR KØLETÅRNE."
"2033","P","PU","FÆLLESANLÆG FOR KØLEVANDSANLÆG."
"2034","P","PV","SMØREOLIEFORSYNING."
"2035","P","PW","SPÆRREMEDIUMFORSYNING."
"2036","P","PX","STYREMEDIUMFORSYNING FOR STYRINGS-, REGULERINGS- OG BESKYTTELSESUDSTYR."
"2037","P","PY","STYRINGS-, REGULERINGS- OG BESKYTTELSESUDSTYR."
"2038","P","POA","ALMENT."
"2039","P","POB","HOVEDDATA."
"2040","P","POC","UNDERSØGELSER, BUDGET, BEVILLINGER."
"2041","P","POD","PLANLÆGNING, TID OG RESSOURCER."
"2042","P","POE","ORDRE OG ORDREKORRESPONDANCE GENERELT."
"2043","P","POF","MYNDIGHEDER, SIKKERHED, KVALITETSKONTROL."
"2044","P","POG","MØDEREFERATER."
"2045","P","POH","LAYOUT."
"2046","P","POJ","DRIFT OG VEDLIGEHOLDELSE."
"2047","P","PAO","GENERELT, ALMENT, TVÆRGÅENDE FOR HOVEDKØLEVANDSSYSTEM (HAVVAND). Må og kan ikke anvendes til komponentnummerering."
"2048","P","PAA","FÆLLES INDLØB FOR HOVED- OG HJÆLPEKØLEVAND (HAVVAND). Fra og med indløbssystem til afgang mekanisk rensningsanlæg incl. grovristeanlæg, bånd- eller tromlesigteanlæg samt incl. muslingefilteranlæg excl. indtagsbygværk (UPC)."
"2049","P","PAB","HOVEKØLEVANDSLEDNINGS- OG KANALSYSTEM. Fra afgang mekanisk rensningsanlæg til udløb i havet henholdsvis andet system excl. pumpeanlæg og de i hovedkølevandssystemet indbyggede rensningsanlæg for kondensator (PAH) excl. muslingefiltre (PAA) excl. bygværker (UPA)."
"2050","P","PAC","HOVEDKØLEVANDSPUMPEANLÆG. Fra og med tilgangsstudse pumpeanlæg til og med afgangsstudse pumpeanlæg incl. hjælpeudrustning excl. smøremedieforsyningsanlæg."
"2051","P","PAD","KØLETÅRNSVANDKREDSLØB FOR HOVEDKØLEVAND."
"2052","P","PAE","KØLETÅRNSVANDPUMPEANLÆG."
"2053","P","PAH","KONDENSATORRENSNINGSANLÆG. Fra og med si for kuglerensningsanlæg til og med kugleejekteringsanlæg incl. tømme-, rensnings- og udluftningsledninger."
"2054","P","PAR","SPÆDEVANDSLEDNINGSSYSTEM."
"2055","P","PAS","SPÆDEVANDSPUMPEANLÆG."
"2056","P","PAV","SMØREMEDIEFORSYNINGSANLÆG. Fra tilgang andet system til tilgang henholdsvis afgang hovedkølevandspumpeanlæg."
"2057","P","PAX","STYREMEDIEFORSYNING FOR STYRINGS-, REGULERINGS- OG BESKYTTELSESUDSTYR."
"2058","P","PAY","STYRINGS-, REGULERINGS- OG BESKYTTELSESUDSTYR."
"2059","P","PB","HOVEDKØLEVANDSBEHANDLINGSANLÆG (HAVVAND). Anvendes normalt ikke (se PA)."
"2060","P","PBO","GENERELT, ALMENT, TVÆRGÅENDE FOR HOVEDKØLEVANDSBEHANDLINGSANLÆG (HAVVAND). Må og kan ikke anvendes til komponentnummerering."
"2061","P","PCO","GENERELT, ALMENT, TVÆRGÅENDE FOR HJÆLPEKØLEVANDSSYSTEM (FERSK- OG HAVVAND). Må og kan ikke anvendes til komponentnummerering."
"2062","P","PCA","SEPARAT INDLØB FOR HJÆLPEKØLEVAND (FERSK- OG HAVVAND). Fra og med indløbssystem til afgang mekanisk rensningsanlæg incl. grovsigte i bånd- og/eller tromlesigteanlæg samt incl. muslingefilteranlæg excl. indtagsbygværk, UPC."
"2063","P","PCB","HJÆLPEKØLEVANDSLEDNINGS- OG KANALSYSTEM. Fra afgang sigteanlæg henholdsvis afgrening på hovedkølevandssystem til udløb andet system samt fra afgang køletårn til tilgang køletårn excl. pumpeanlæg og de i hjælpekølevandssystemet indbyggede rensningsanlæg og varmevekslere excl. bygningsværker (UPA)."
"2064","P","PCC","HJÆLPEKØLEVANDSPUMPEANLÆG. Fra og med tilgangsstuds til og med afgangsstuds pumpeanlæg incl. hjælpeudrustning."
"2065","P","PCD","KØLETÅRNSVANDKREDSLØB FOR HJÆLPEKØLEVAND. Fra og med tilgangsstudse køletårnsvandkredsløb til og med afgangsstudse køletårnsvandkredsløb incl. pumpeanlæg, køletårnsanlæg og rørledningssystem og excl. varmeveksleranlæg."
"2066","P","PCH","RENSNINGSANLÆG FOR MELLEMKØLERE OG TRAFOMELLEMKØLERE. Fra og med tilgangsstudse til og med afgangsstudse rensningsanlæg incl. tømme-, rensnings- og udluftningsledninger."
"2067","P","PCM","HJÆLPEKØLEVANDSSYSTEM FOR GENERATORKØLING. Fra afgangsstuds hjælpekølevandssystem (PCB) til tilgang genereatorkølesystem henholdsvis fra afgang generatorkølesystem til tilgang hjælpekølevandssystem henholdsvis tilgang andet system."
"2068","P","PCV","SMØREMEDIEFORSYNINGSANLÆG FOR HJÆLPEKØLEVAND. Fra tilgang andet system til tilgang henholdsvis afgang hjælpevandspumpeanlæg."
"2069","P","PCX","STYREMEDIEFORSYNING FOR STYRINGS-, REGULERINGS- OG BESKYTTELSESUDSTYR."
"2070","P","PCY","STYRINGS-, REGULERINGS- OG BESKYTTELSESUDSTYR."
"2071","P","PD","HJÆLPEKØLEVANDSBEHANDLINGSANLÆG. Anvendes normalt ikke (se PC)."
"2072","P","PDO","GENERELT, ALMENT, TVÆRGÅENDE FOR HJÆLPEKØLEVANDSBEHANDLINGSANLÆG. Må og kan ikke anvendes til komponentnummerering."
"2073","P","PDR","FOULINGCURE"
"2074","P","PGO","GENERELT, ALMENT, TVÆRGÅENDE FOR MELLEMKØLEVANDSSYSTEM (KOMPONENTKØLING) EXCL. TRANSFORMERKØLING. Må og kan ikke anvendes til komponentnummerering."
"2075","P","PGA","MELLEMKØLEVANDSKREDSLØB (FREMLØB). Fra afgangsstuds pumpeanlæg til tilgangsstudse komponentkølere incl. afspærringsarmaturer og bypass excl. mellemkøleranlæg (PGD)."
"2076","P","PGB","MELLEMKØLEVANDSKREDSLØB (RETURLØB). Fra afgangsstudse komponentkølere til tilgangsstudse pumpeanlæg incl. afspærringsarmaturer."
"2077","P","PGC","MELLEMKØLEVANDSPUMPEANLÆG. Fra og med tilgangsstuds til og med afgangsstuds incl. pumpehjælpeudrustning samt dræn- og udluftningsledninger."
"2078","P","PGD","MELLEMKØLERE (IKKE KOMPONENTKØLERE). Fra og med tilgangsstudse mellemkølere til og med afgangsstudse incl. evt. sikkerhedsventiler, men excl. vandsidigt bypass, men incl. dræn- og udluftningsledninger. (Komponentkølerne tilhører de respektive komponenter)."
"2079","P","PGH","LUKKET KØLVADSSYSTEM, VARM RETUR Fra og med tilgangsstudse mellemkølere til og med afgangsstudse incl. evt. sikkerhedsventiler, men excl. vandsidigt bypass, men incl. dræn- og udluftningsledninger. (Komponentkølerne tilhører de respektive komponenter)."
"2080","P","PGK","MELLEMKØLEVANDSTRYKHOLDESYSTEM. Fra afgangsstuds mellemkølevandssystem til tilgangsstuds mellemkølevandssystem incl. højdebeholder, spædevandstilslutning med reguleringsarmaturer og incl. hjælpeudrustning."
"2081","P","PGL","LUKKET KØLEVANDSYSTEM, LUNKEN RETUR Fra afgangsstuds mellemkølevandssystem til tilgangsstuds mellemkølevandssystem incl. højdebeholder, spædevandstilslutning med reguleringsarmaturer og incl. hjælpeudrustning."
"2082","P","PGM","KOMPONENTKØLESYSTEM FOR TESTKØLERE"
"2083","P","PGV","SMØREOLIEFORSYNING."
"2084","P","PGX","STYREMEDIEFORSYNING FOR STYRINGS-, REGULERINGS- OG BESKYTTELSESUDSTYR."
"2085","P","PGY","STYRINGS-, REGULERINGS- OG BESKYTTELSESUDSTYR."
"2086","P","PHO","GENERELT, ALMENT, TVÆRGÅENDE FOR MELLEMKØLEVANDSBEHANDLINGSANLÆG. Må og kan ikke anvendes til komponentnummerering."
"2087","P","PHA","AFGANGSRØRLEDNINGSSYSTEM EFTER MEDIEBEHANDLING. Såfremt de ikke indgår i andet system."
"2088","P","PHB","FILTRERING OG MEKANISK RENSNINGSANLÆG."
"2089","P","PHC","LUFTSKYLNINGSANLÆG. Fra og med kompressoranlæg henholdsvis tilgangsledning luftsystem til tilgangsstuds filteranlæg."
"2090","P","PHD","FÆLDNINGSANLÆG (F.EKS. TIL AFKALKNING). Fra og med tilgangsstudse fældningsanlæg til og med afgangsstudse."
"2091","P","PHE","KEMIKALIEDOSERINGSANLÆG (F.EKS. TIL AFKALKNING)."
"2092","P","PHF","IONBYTTERANLÆG (F.EKS. TIL AFSALTNING). Fra og med tilgangsstudse ionbytter til og med afgangsstudse incl. afløbsledninger til evt. afløbskar."
"2093","P","PHG","FORDAMPNINGSANLÆG (F.EKS. TIL AFSALTNING)."
"2094","P","PHH","AFGASNINGSANLÆG, TØRREANLÆG. Fra og med tilgangsstudse til og med procesafgangsstudse."
"2095","P","PHJ","FORVARMNINGS- OG KØLEANLÆG. Fra og med tilgangsstudse forvarmer henholdsvis køler til og med afgangsstudse."
"2096","P","PHK","RØRLEDNINGSSYSTEM, MELLEMLAGERTANKE OG TRANSPORTPUMPER. Fra tilgangsstudse andre systemer incl. mellemlagertanke og pumpeanlæg til tilgang andre systemer."
"2097","P","PHL","LAGERTANKE. Såfremt de ikke indgår i andre systemer. Fra og med tilgangsstudse til og med afgangsstudse."
"2098","P","PHN","KEMIKALIEFORSYNINGSANLÆG. Fra tilgangsstudse kemikalielagringssystem til tilgang regenerationsanlæg incl. kemikalielagringsanlæg."
"2099","P","PHP","REGENERERINGS- OG SKYLLEANLÆG. Fra afgangsstudse kemikalieforsyningsanlæg henholdsvis regenerationsanlæg til tilgangsstudse ionbytteranlæg incl. doseringspumper."
"2100","P","PHQ","DOSERINGSSYSTEM FOR REGENERATIONSANLÆG. Fra og med tilgangsstuds regenerationsanlæg til og med doseringsindretning."
"2101","P","PHR","NEUTRALISATIONSANLÆG. Fra og med afløbsrender og afløbsrørledninger til tilgang afløb andet spildevandssystem, men incl. neutralisationsbassin."
"2102","P","PHS","SLAMINDSLEMNINGSANLÆG."
"2103","P","PHT","OPVARMNINGS-, KØLINGS- OG SKYLLEVANDSRØRSYSTEM. Fra og med tilgangsstudse til og med afgangsstudse."
"2104","P","PHV","SMØREOLIEFORSYNING."
"2105","P","PHX","STYREMEDIEFORSYNING FOR STYRINGS-, REGULERINGS- OG BESKYTTELSESUDSTYR."
"2106","P","PHY","STYRINGS-, REGULERINGS- OG BESKYTTELSESUDSTYR."
"2107","P","PM","MELLEMKØLEVANDSSYSTEM FOR TRANSFORMERE."
"2108","P","PMO","GENERELT, ALMENT, TVÆRGÅENDE FOR MELLEMKØLEVANDSSYSTEM FOR TRANSFORMERE. Må og kan ikke anvendes til komponentnummerering."
"2109","P","PMA","MELLEMKØLEVANDSKREDSLØB (FREMLØB). Fra afgangsstuds pumpeanlæg til tilgangsstudse komponentkølere incl. afspærringsarmaturer og bypass excl. mellemkøleranlæg (PGD)."
"2110","P","PMB","MELLEMKØLEVANDSKREDSLØB (RETURLØB). Fra afgangsstudse komponentkølere til tilgangsstudse pumpeanlæg incl. afspærringsarmaturer."
"2111","P","PMC","MELLEMKØLEVANDSPUMPEANLÆG. Fra og med tilgangsstuds til og med afgangsstuds incl. pumpehjælpeudrustning samt dræn- og udluftningsledninger."
"2112","P","PMD","MELLEMKØLERE (IKKE TRANSFORMERKØLERE). Fra og med tilgangsstudse mellemkølere til og med afgangsstudse incl. evt. sikkerhedsventiler, men excl. vandsidebypass, men incl. dræn- og udluftningsledninger (transformerkølere tilhører transformer BB, BC)."
"2113","P","PMK","MELLEMKØLEVANDSTRYKHOLDESYSTEM. Fra afgangsstuds mellemkølevandssystem til tilgangsstuds mellemkølevandssystem incl. højdebeholder, spædevandstilslutning med reguleringsarmatur og incl. hjælpeudrustning."
"2114","P","PMV","SMØREOLIEFORSYNING."
"2115","P","PMX","STYREMEDIEFORSYNING FOR STYRINGS-, REGULERINGS- OG BESKYTTELSESUDSTYR."
"2116","P","PMY","STYRINGS-, REGULERINGS- OG BESKYTTELSESUDSTYR."
"2117","P","PNA","EKSTRAKTION (INCL. MEKANISK RENSNING OG TILBAGEHOLDELSE AF PARTIKLER)"
"2118","P","PNB","LEDNINGS- OG KANAL SYSTEM fra kølevands udtag til og med ferskvandskøling henholdsvis fra afgang køletårn til indgang køletårn v. recirkulation henholdsvis fra afgrening hovedkølevandssystem- fremløb til og med indløb hovedkølevandssyste- returløb"
"2119","P","PNC","TRANSPORT SYSTEM"
"2120","P","PND","RETUR KØLEKREDS SYSTEM MED KØLETÅRN Fra stigrør til og med udledning i kølevandsbassin"
"2121","P","PNH","RENSESYSTEM FOR VARMEVEKSLER"
"2122","P","PNQ - PNU","Kan anvendes"
"2123","P","PNV","SMØREMIDDELFORSYNING."
"2124","P","PNX","STYREMEDIEFORSYNING FOR STYRINGS-, REGULERINGS- OG BESKYTTELSESUDSTYR."
"2125","P","PNY","STYRINGS-, REGULERINGS- OG BESKYTTELSESUDSTYR."
"2126","P","PPA","LEDNINGSSYSTEM (FREMLØB)"
"2127","P","PPB","LEDNINGSSYSTEM (TILBAGELØB)"
"2128","P","PPC","TRANSPORT SYSTEM"
"2129","P","PPD","MELLEMKØLING INCL. DRÆN, UDLUFTNING PÅ SEKUNDÆR OG MELLEMKØLEVANDS SIDEN."
"2130","P","PPE","TRYKHOLDESYSTEM INCL. DRÆN OG UDLUFTNING"
"2131","P","PPQ - PPU","Kan anvendes"
"2132","P","PPV","SMØREMEDIEFORSYNING."
"2133","P","PPX","STYREMEDIEFORSYNING FOR STYRINGS-, REGULERINGS- OG BESKYTTELSESUDSTYR."
"2134","P","PPY","STYRINGS-, REGULERINGS- OG BESKYTTELSESUDSTYR."
"2135","P","PSO","GENERELT, ALMENT, TVÆRGÅENDE FOR TØMMESYSTEM FOR KØLETÅRNE. Må og kan ikke anvendes til komponentnummerering."
"2136","P","PUO","GENERELT, ALMENT, TVÆRGÅENDE FOR FÆLLESANLÆG FOR KØLEVANDSANLÆG. Må og kan ikke anvendes til komponentnummerering."
"2137","P","PUM","OPTØNINGSANLÆG."
"2138","P","PUN","DOSERINGSANLÆG EXCL. QC. Fra afgangsstuds andet system til tilgang doseringsindretning excl. afspærring for doseringsindretning."
"2139","P","PUP","FISKESPÆRRINGSUDRUSTNING."
"2140","P","PUR","KORROSIONSBESKYTTELSESANLÆG."
"2141","P","PUS","BIOZIDBEHANDLINGSANLÆG."
"2142","P","PVO","GENERELT, ALMENT, TVÆRGÅENDE FOR SMØREOLIEFORSYNING. Må og kan ikke anvendes til komponentnummerering."
"2143","P","PWO","GENERELT, ALMENT, TVÆRGÅENDE FOR SPÆRREMEDIUMFORSYNING. Må og kan ikke anvendes til komponentnummerering."
"2144","P","PX","STYREMEDIUMFORSYNING FOR STYRINGS-, REGULERINGS- OG BESKYTTELSESUDSTYR. Fælles for flere blokke."
"2145","P","PXO","GENERELT, ALMENT, TVÆRGÅENDE FOR STYREMEDIUMFORSYNING FOR STYRINGS-, REGULERINGS- OG BESKYTTELSESUDSTYR. Må og kan ikke anvendes til komponentnummerering."
"2146","P","PYO","GENERELT, ALMENT, TVÆRGÅENDE FOR STYRINGS-, REGULERINGS- OG BESKYTTELSESUDSTYR. Må og kan ikke anvendes til komponentnummerering."
"2147","Q","QO","OVERORDNET, ALMENT, TVÆRGÅENDE FOR HJÆLPEANLÆG FOR BLOK. Må og kan ikke anvendes til komponentnummerering."
"2148","Q","QC","CENTRALT KEMIKALIEFORSYNINGSANLÆG."
"2149","Q","QE","TRYKLUFTFORSYNING."
"2150","Q","QF","STYRELUFTFORSYNING."
"2151","Q","QG","CENTRAL GASFORSYNING FOR LUKKEDE GASKREDSLØB (SOM ARBEJDSMEDIUM)."
"2152","Q","QH","HJÆLPEDAMPKEDELANLÆG."
"2153","Q","QJ","CENTRAL GASFORSYNING."
"2154","Q","QK","KØLEANLÆG."
"2155","Q","QL","FØDEVANDS-, DAMP- OG KONDENSATSYSTEM FOR HJÆLPEDAMPKEDELANLÆG OG -FORDELING."
"2156","Q","QM","LUFTBEFUGTNINGSANLÆG."
"2157","Q","QS","CENTRALT OLIEFORSYNINGS- OG AFLØBSSYSTEM."
"2158","Q","QU","PRØVEUDTAGNINGSSYSTEM."
"2159","Q","QOA","ALMENT."
"2160","Q","QOB","HOVEDDATA."
"2161","Q","QOC","UNDERSØGELSER, BUDGET, BEVILLINGER."
"2162","Q","QOD","PLANLÆGNING, TID OG RESSOURCER."
"2163","Q","QOE","ORDRE OG ORDREKORRESPONDANCE GENERELT."
"2164","Q","QOF","MYNDIGHEDER, SIKKERHED, KVALITETSKONTROL."
"2165","Q","QOG","MØDEREFERATER."
"2166","Q","QOH","LAYOUT."
"2167","Q","QOJ","DRIFT OG VEDLIGEHOLDELSE."
"2168","Q","QCO","GENERELT, ALMENT, TVÆRGÅENDE FOR CENTRALT KEMIKALIEFORSYNINGSANLÆG. Må og kan ikke anvendes til komponentnummerering."
"2169","Q","QCA","HYDRAZINFORSYNINGS- OG FORDELINGSANLÆG. Fra og med lagertank til tilgang andet system incl. tank- og evt. transportpumpeanlæg."
"2170","Q","QCC","FOSFATFORSYNINGS- OG FORDELINGSANLÆG. Fra og med lagertank til tilgang andet system incl. tank- og evt. transportpumpeanlæg."
"2171","Q","QCD","AMMONIAKFORSYNINGS- OG FORDELINGSANLÆG. Fra og med lagertank til tilgang andet system incl. tank- og evt. transportpumpeanlæg."
"2172","Q","QCE","JERNSULFATFORSYNINGS- OG FORDELINGSANLÆG. Fra og med lagertank til tilgang andet system incl. tank- og evt. transportpumpeanlæg."
"2173","Q","QCF","NATRONLUDFORSYNINGS- OG FORDELINGSANLÆG. Fra og med lagertank til tilgang andet system incl. tank- og evt. transportpumpeanlæg."
"2174","Q","QCG","SVOVLSYREFORSYNINGS- OG FORDELINGSANLÆG. Fra og med lagertank til tilgang andet system incl. tank- og evt. transportpumpeanlæg."
"2175","Q","QCH","KLORFORSYNINGS- OG FORDELINGSANLÆG. Fra og med lagertank til tilgang andet system incl. tank- og evt. transportpumpeanlæg."
"2176","Q","QCP","FÆLLESFYLDEANLÆG FOR FLYDENDE KEMIKALIER."
"2177","Q","QCQ","FÆLLESFYLDEANLÆG FOR FASTE KEMIKALIER."
"2178","Q","QEO","GENERELT, ALMENT, TVÆRGÅENDE FOR TRYKLUFTFORSYNING. Må og kan ikke anvendes til komponentnummerering."
"2179","Q","QEA","LUFTKOMPRESSORANLÆG. Fra luftindtag incl. evt. lyddæmper til og med afgangsstuds luftkonditioneringsanlæg incl. kompressoranlæg, trykluftbeholder, filter- og tørringsanlæg samt luftkølere incl. reguleringsarmaturer."
"2180","Q","QEB","TRYKLUFTFORDELINGSSYSTEM. Fra afgangsstudse kompressoranlæg til tilgangsstudse forbrugere incl. afspærringsarmaturer."
"2181","Q","QEV","SMØREOLIEFORSYNING."
"2182","Q","QEW","SPÆRREMEDIUMFORSYNING."
"2183","Q","QEX","STYREMEDIUMFORSYNING FOR STYRINGS-, REGULERINGS- OG BESKYTTELSESUDSTYR."
"2184","Q","QEY","STYRINGS-, REGULERINGS- OG BESKYTTELSESUDSTYR."
"2185","Q","QFO","GENERELT, ALMENT, TVÆRGÅENDE FOR STYRELUFTFORSYNING. Må og kan ikke anvendes til komponentnummerering."
"2186","Q","QFA","STYRELUFTKOMPRESSORANLÆG (VED SEPARAT SYSTEM). Fra luftindtag incl. evt. lyddæmper til og med afgangsstuds luftkonditioneringsanlæg incl. kompressoranlæg, trykluftbeholder, filter- og tørringsanlæg samt luftkølere incl. reguleringsarmaturer."
"2187","Q","QFB","STYRELUFTFORDELINGSSYSTEM. Fra afgangsstudse kompressoranlæg til tilgangsstudse forbruger excl. afspærrings- og trykreduktionsventiler til forbruger."
"2188","Q","QFV","SMØREOLIEFORSYNING."
"2189","Q","QFW","SPÆRREMEDIUMFORSYNING."
"2190","Q","QFX","STYREMEDIUMFORSYNING FOR STYRINGS-, REGULERINGS- OG BESKYTTELSESUDSTYR."
"2191","Q","QFY","STYRINGS-, REGULERINGS- OG BESKYTTELSESUDSTYR."
"2192","Q","QGO","GENERELT, ALMENT, TVÆRGÅENDE FOR CENTRAL GASFORSYNING FOR LUKKEDE GASKREDSLØB (SOM ARBEJDSMEDIUM). Må og kan ikke anvendes til komponentnummerering."
"2193","Q","QHO","GENERELT, ALMENT, TVÆRGÅENDE FOR HJÆLPEDAMPKEDELANLÆG. Må og kan ikke anvendes til komponentnummerering."
"2194","Q","QHA","KEDELTRYKSYSTEM. Fra og med tilgangsstuds kedel til og med afgangsstuds kedel incl. sikkerhedsventiler, dræn- og udluftninger til tilgang andet system."
"2195","Q","QHB","BÆRENDE KONSTRUKTIONER OG BEKLÆDNINGER. Kedelstativ, stålkonstruktioner, gallerier, trapper og isolering."
"2196","Q","QHC","RENSESYSTEM FOR HEDEFLADER PÅ RØGSIDE. Sodblæseranlæg hhv. andet rensningssystem fra afgrening rensemedieforsyning incl. kuglerensningsanlæg."
"2197","Q","QHD","ANLÆG FOR UDTAGNING AF ASKE OG SLAGGE. Fra aske- og slaggetragte til transportsystem."
"2198","Q","QHE","DRÆN- OG AFBLÆSNINGSSYSTEM. Fra tilgang dræn- og udluftningsledninger til tilgang andet system incl. tank- og evt. pumpeanlæg."
"2199","Q","QHF","SILO-, TILDELER- OG MALEANLÆG. Fra afkaster siloindløb til tilslutning støvrør brændere incl. føder- og maleanlæg samt støvrør."
"2200","Q","QHG","START- OG LAVLASTSYSTEM (OGSÅ E-KEDEL). Fra afgangsstuds kedelbeholder til tilgang kedel incl. evt. kedelcirkulationspumpesystem."
"2201","Q","QHH","FYRINGSANLÆG (OGSÅ E-OPVARMNING). Fra afgrening hovedfyringsledning hhv. tank til og med brændere incl. oliepumpe- og forvarmeranlæg og øvrige hjælpeudrustning."
"2202","Q","QHJ","TÆNDFYRINGSANLÆG (VED SEPARAT SYSTEM)."
"2203","Q","QHL","FORBRÆNDINGSLUFTSYSTEM. Fra og med luftindtag til tilslutning brændere incl. blæsere, luftforvarmere, luftkanaler."
"2204","Q","QHM","GASOPVARMNINGSSYSTEM (FOR LUKKET SYSTEM)."
"2205","Q","QHN","RØGGASAFGANGSSYSTEM (EXCL. RØGGASBEHANDLING). Fra afgang kedel til tilgang skorsten incl. sugetræksblæsere og lyddæmpere, men excl. filteranlæg."
"2206","Q","QHP","MEKANISK RØGRENSNING (ASKEUDSKILNING)."
"2207","Q","QHQ","ELEKTROFILTER. Fra og med tilgangsstudse til og med afgangsstudse incl. filteranlæg."
"2208","Q","QHR","KEMISK RØGGASBEHANDLINGSANLÆG (INCL. BORTTRANSPORT AF AFFALD) ADSORPTIONSPROCESSER."
"2209","Q","QHS","KEMISK RØGGASBEHANDLINGSANLÆG (INCL. BORTTRANSPORT AF AFFALD) KATALYTISKE PROCESSER."
"2210","Q","QHT","KEMISK RØGGASBEHANDLINGSANLÆG (INCL. BORTTRANSPORT AF AFFALD) ABSORPTIONSPROCESSER. F.eks. afsvovlingsanlæg."
"2211","Q","QHU","RØGGASGENOPVARMNINGSSYSTEM."
"2212","Q","QHV","SMØREOLIEFORSYNING."
"2213","Q","QHX","STYREMEDIUMFORSYNING FOR STYRINGS-, REGULERINGS- OG BESKYTTELSESUDSTYR."
"2214","Q","QHY","STYRINGS-, REGULERINGS- OG BESKYTTELSESUDSTYR."
"2215","Q","QJO","GENERELT, ALMENT, TVÆRGÅENDE FOR CENTRAL GASFORSYNING. Må og kan ikke anvendes til komponentnummerering."
"2216","Q","QKO","GENERELT, ALMENT, TVÆRGÅENDE FOR KØLEANLÆG. Må og kan ikke anvendes til komponentnummerering."
"2217","Q","QLO","GENERELT, ALMENT, TVÆRGÅENDE FOR FØDEVANDS-, DAMP- OG Må og kan ikke anvendes til komponentnummerering. KONDENSATSYSTEM FOR HJÆLPEDAMPKEDELANLÆG OG -FORDELING."
"2218","Q","QLA","FØDEVANDSSYSTEM. Fra og med fødevandsbeholder til tilgangsstuds hjælpedampkedel incl. fødepumpe- og forvarmeranlæg."
"2219","Q","QLB","DAMPSYSTEM. Fra hjælpedampkedel afgangsstuds til tilgang andet system (LBG) incl. afspærringsarmaturer, dræn- og afluftningsledninger."
"2220","Q","QLC","KONDENSATSYSTEM. Fra kondensatbeholder hhv. afgangsstuds andet system til tilgang fødevandsbeholder incl. kondensatpumpe- og forvarmeranlæg."
"2221","Q","QLD","KONDENSATRENSNINGSANLÆG. Fra afgangsstuds kondensatsystem til tilgangsstuds kondensatsystem."
"2222","Q","QLF","FÆLLESANLÆG FOR HJÆLPEDAMPKEDEL OG LEDNINGSSYSTEM. Fælles dræn- og afluftningssystem samt evt. kemikaliedoseringsudrustning."
"2223","Q","QLV","SMØREOLIEFORSYNING."
"2224","Q","QLX","STYREMEDIUMFORSYNING FOR STYRINGS-, REGULERINGS- OG BESKYTTELSESUDSTYR."
"2225","Q","QLY","STYRINGS-, REGULERINGS- OG BESKYTTELSESUDSTYR."
"2226","Q","QMO","GENERELT, ALMENT, TVÆRGÅENDE FOR LUFTBEFUGTNINGSANLÆG. Må og kan ikke anvendes til komponentnummerering."
"2227","Q","QSO","GENERELT, ALMENT, TVÆRGÅENDE FOR CENTRALT OLIEFORSYNINGS- OG AFLØBSSYSTEM. Må og kan ikke anvendes til komponentnummerering."
"2228","Q","QUO","GENERELT, ALMENT, TVÆRGÅENDE FOR PRØVEUDTAGNINGSSYSTEM. Må og kan ikke anvendes til komponentnummerering."
"2229","Q","QUA","PRØVEUDTAGSSYSTEM, VAND/DAMPSYSTEM. Fra tilgangsstudse på udtagskølere hhv. til tilgangsstudse på prøvemanifold eller analyseapparater til og med analyseudrustning incl. afløbssystem, udtagskølere mv."
"2230","Q","QUB","PRØVEUDTAGSSYSTEM, HJÆLPESYSTEM. Fra tilgangsstudse på udtagskølere hhv. til tilgangsstudse på prøvemanifold eller analyseapparater til og med analyseudrustning incl. afløbssystem, udtagskølere mv."
"2231","Q","QUX","STYREMEDIUMFORSYNING FOR STYRINGS-, REGULERINGS- OG BESKYTTELSESUDSTYR."
"2232","Q","QUY","STYRINGS-, REGULERINGS- OG BESKYTTELSESUDSTYR."
"2233","R","RA","FREMSTILLING AF GAS (FORGASNING, FERMENTERING)."
"2234","R","RB","BÆRENDE KONSTRUKTION."
"2235","R","RC","TILFØRSELSSYSTEM FOR TILSÆTNINGSSTOFFER."
"2236","R","RD","UDLEDNINGSSYSTEM FOR FORGASNINGSRESTPRODUKT."
"2237","R","RE","FREMSTILLING OG FORDELING AF FORGASNINGSMIDDEL."
"2238","R","RG","HOVEDGASKØLING (SÅFREMT IKKE TILSTRÆKKELIG I *RA*)."
"2239","R","RH","GASRØRLEDNINGSSYSTEM, -OPLAGRING, -KOMPRESSION, -AFSPÆNDING."
"2240","R","RJ","GASSEPARATOR."
"2241","R","RK","GASRENSNING (IKKE *RJ*) INKL. REGENERERING."
"2242","R","RL","SURGAS INKL. BEHANDLINGSSYSTEM."
"2243","R","RM","GASTILBAGEFØRINGSSYSTEM, -OPLAGRING, -KOMPRESSION."
"2244","R","RN","OPSAMLINGS-, OPLAGRINGS- OG TILBAGEFØRINGSSYSTEM FOR GASKONDENSAT."
"2245","R","RP","ÆDELGAS - INKL. UDVINDINGSSYSTEM."
"2246","R","RS","FORSYNINGS- OG BORTSKAFFELSESSYSTEM FOR VAND, DAMP OG KONDENSAT."
"2247","R","RT","SPILDEVANDSOPSAMLINGS- OG -UDLEDNINGSSYSTEM."
"2248","R","RU","SPILDEVANDSBEHANDLINGSANLÆG."
"2249","R","RV","SMØREMEDIEFORSYNING."
"2250","R","RW","SPÆRREMEDIEFORSYNING."
"2251","R","RX","STYREMEDIEFORSYNING FOR STYRINGS-, REGULERINGS- OG BESKYTTELSESUDSTYR."
"2252","R","RY","STYRINGS-, REGULERINGS- OG BESKYTTELSESUDSTYR."
"2253","R","RZ","PODNINGS- OG DOSERINGSUDSTYR."
"2254","R","RAA","GASGENERATOR(FORGASSER, FERMENTER) Fra og med indgangssted for brændsel, tændbrændsel og tilsætningsstof eller fra brænder- og dysesystemer til udledningsystem eller til fast stofudskillelse og -tilbageføring eller til gasgeneratorens slukningsdel eller til og med hovedgasafgangen."
"2255","R","RAB","GASGENERATOR INDVENDIG."
"2256","R","RAC","GASGENERATOR INDBYGGET."
"2257","R","RAD","INDVENDIG BEKLÆDNING, UDMURING."
"2258","R","RAE","KØLING. Fra indgang gasgenerator-kølesystem til afgang gasgenerator-kølesystem."
"2259","R","RAF","FAST STOFUDSSKILLELSE OG -TILBAGEFØRING. Fra og med afgang gasgenerator frem til indgang gasgenerator; henholdvis til gasafgang."
"2260","R","RAG","GASGENERATORENS SLUTNINGSDEL. Fra og med ingang slukningsdel til afgang slukningsdel."
"2261","R","RAH","HOVEDBRÆNDERSYSTEM. Fra og med henholdsvis tilførselssystem for tilsætningsstof og forgasningsmiddelgenerering og -fordeling frem til gasgenerator-indvendig."
"2262","R","RAJ","HJÆLPEBRÆNDERSYSTEM. Fra og med henholdsvis oplagring og tildeling af hjælpebrændsel og forgasningsmiddelgenerering og -fordeling frem til gasgenerator-indvendig."
"2263","R","RAK","BRÆNDERSYSTEM VED GASGENERATOR FOR ANTÆNDING OG VARMHOLDELSE INKL. FORBRÆNDINGSLUFTSYSTEM. Fra og med henholdsvis oplagring og tildeling af tændbrændsel og fra forbrændingsluftindgang frem til gasgenerator-indvendig."
"2264","R","RAL","VARMGASGENERATOR OG -TILFØRSEL FOR ANTÆNDING OG VARMHOLDELSE INKL. FORBRÆNDINGSLUFTSYSTEM. Fra og med henholdsvis oplagring og tildeling af tændbrændsel og fra forbrændingsluftindgang frem til gasgenerator-indvendig."
"2265","R","RAM","TILFØRSEL FRA GASTILBAGEFØRINGSSYSTEM. Fra og med forgasningsmiddelgenerering og -fordeling frem til gasgenerator-indvendig."
"2266","R","RAN","TILFØRSEL FRA GASTILBAGEFØRINGSSYSTEM. Fra og med gastilbageføringsystemer frem til gasgenerator-indvendig."
"2267","R","RAP","GASKONDENSATTILFØRSEL. Fra og med gastilbageføringssystem for gaskondensater frem til gasgenerator-indvendig."
"2268","R","RAQ","TILFØRSEL AF ØVRIGE BRÆNDSLER. Fra og med tilbageføringssystem for øvrige brændsler frem til gasgenerator-indvendig."
"2269","R","RAR","TILFØRSEL AF TILSÆTNINGSSTOFFER. Fra og med tilbageføringssystem for tilsæstningsstoffer frem til gasgenerator-indvendig."
"2270","R","RAS","RENSNINGSSYSTEM."
"2271","R","RAT","TILFØRSEL FOR BASISHVIRVELBEVÆGELSE. Fra og med hvirvelgasledningssystem frem til gasgenerator-indvendig."
"2272","R","RAV","SMØREMEDIEFORSYNING."
"2273","R","RAW","SPÆRREMEDIEFORSYNING."
"2274","R","RAX","MEDIEFORSYNING FOR STYRINGS-, REGULERINGS-, BESKYTTELSESUDSTYR."
"2275","R","RAY","STYRINGS-, REGULERINGS-, BESKYTTELSESUDSTYR."
"2276","R","RBO","GENERELT, ALMENT, TVÆRGÅENDE FOR BÆRENDE KONSTRUKTION. Må og kan ikke anvendes ved komponentnummerering."
"2277","R","RBA","Stilladser inkl. fundamenter."
"2278","R","RBB","Indvendig beklædning, isolering."
"2279","R","RBD","Gallerier og trapper."
"2280","R","RBE","Bærende konstruktion."
"2281","R","RBF","Bærende konstruktion."
"2282","R","RCO","GENERELT, ALMENT, TVÆRGÅENDE FOR TILFØRSELSSYSTEM FOR TILSÆTNINGSSTOFFER. Må og kan ikke anvendes ved komponentnummerering."
"2283","R","RCA","Opbevaringssilo, opbevaringstank for brændsel (trykløs). Fra og med overtagelse frem til tilførsels- og transportsystemer (trykløs)."
"2284","R","RCB","Tilførsels- og transportsystem (trykløs). Fra og med afgang opbevaringssilo, -tank frem til henholdsvis male- og blandeanlæg (slurry), slusesystemer og pumpesystemer for slurry."
"2285","R","RCC","Male- og blandeanlæg (slurry). Fra og med tilførsels- og transportsystemer (trykløs) frem til slusesystemer, pumpesystemer for slurry."
"2286","R","RCE","Slusesystem, pumpesystem for slurry. Fra og med henholdsvis tilførsels- og transportsystemer (trykløs) samt male- og blandeanlæg (slurry) frem til opbevaringstank (under tryk)."
"2287","R","RCF","Opbevaringstank for brændsel (under tryk). Fra og med slusesystemer, pumpesystemer for slurry frem til tilførsels- og transportsystemer (under tryk)."
"2288","R","RCG","Tilførsels- og transportsystm (under tryk). Fra og med opbevaringstank for brændsel (under tryk) frem til henholdsvis gasgenerator og hovedbrændersystemer."
"2289","R","RCJ","Oplagring og tildeling af tændbrændsel. Fra og med tændbrændselforsyning frem til henholdsvis gasgenerator, brændersystemer ved gasgenerator for antænding og varmholdelse, varmgasgenerering og -tilførsel for antænding og varmholdelse samt tilførselssystemer for tilsætningsstoffer."
"2290","R","RCK","Oplagring og tildeling af hjælpebrændsel. Fra og med brændselsforsyningssystemer frem til hjælpebrændersystemer."
"2291","R","RCL","Doseringssystem for øvrige brændsler. Fra og med forsyningssystemer frem til henholdsvis gasgenerator og tilførselssystemer for øvrige brændsler."
"2292","R","RCM","Doseringssystem for tilsætningsstoffer. Fra og med forsyningssystemer frem til henholdsvis gasgenerator og tilførselssystemer for tilsætningsstoffer."
"2293","R","RCS","Afrensningssystem. Fra og med afgrening forsyningssystemer."
"2294","R","RCV","Smøremedieforsyning."
"2295","R","RCW","Spærremedieforsyning."
"2296","R","RCX","Medieforsyning for styrings-, regulerings-, beskyttelsesudstyr."
"2297","R","RCY","Styrings-, regulerings-, beskyttelsesudstyr."
"2298","R","RDO","GENERELT, ALMENT, TVÆRGÅENDE FOR UDLEDNINGSSYSTEM FOR FORGASNINGSRESTPRODUKT. Må og kan ikke anvendes ved komponentnummerering."
"2299","R","RDA","Opsamlings-, transport- og rensningsanlæg (under tryk) (system 1). Fra og med overtagelse frem til henholdsvis gasgenerator og trykafspændingssystem."
"2300","R","RDB","Trykafspændingssystem (system 1). Fra og med opsamlings-, transport- og rensningsanlæg (under tryk) frem til opsamlings-, transport- og rensningsanlæg (trykløs)."
"2301","R","RDC","Opsamling-, transport- og rensningsanlæg (trykløs) (system 1). Fra og med trykafspændingssystemer frem til henholdsvis rensnings- og transportanlæg for brændselsomdannelsesrestprodukter samt tilførselssystemer for tilsætningsstoffer."
"2302","R","RDE","Opsamlings-, transport- og rensningsanlæg (under tryk) (system 2). Fra og med overtagelse frem til henholdsvis gasgenerator og trykafspændingssystemer."
"2303","R","RDF","Trykafspændingssystem (system 2). Fra og med opsamlings-, transport- og rensningsanlæg (under tryk) frem til opsamlings-, transport- og rensningsanlæg (trykløs)."
"2304","R","RDG","Opsamling-, transport- og rensningsanlæg (trykløs) (system 2). Fra og med trykafspændingssystemer frem til henholdsvis rensnings- og transportanlæg for brændselsomdannelsesrestprodukter samt tilførselssystemer for tilsætningsstoffer."
"2305","R","RDJ","Opsamlings-, transport- og rensningsanlæg (under tryk) (system 3). Fra og med overtagelse frem til henholdsvis gasgenerator og trykafspændingssystemer."
"2306","R","RDK","Trykafspændingssystem (system 3). Fra og med opsamlings-, transport- og rensningsanlæg (under tryk) frem til opsamlings-, transport- og rensningsanlæg (trykløs)."
"2307","R","RDL","Opsamling-, transport- og rensningsanlæg (trykløs) (system 3). Fra og med trykafspændingssystemer frem til henholdsvis rensnings- og transportanlæg for brændselsomdannelsesrestprodukter samt tilførselssystemer for tilsætningsstoffer."
"2308","R","RDN","Opsamlings-, transport- og rensningsanlæg (under tryk) (system 4). Fra og med overtagelse frem til henholdsvis gasgenerator og trykafspændingssystemer."
"2309","R","RDP","Trykafspændingssystem (system 4). Fra og med opsamlings-, transport- og rensningsanlæg (under tryk) frem til opsamlings-, transport- og rensningsanlæg (trykløs)."
"2310","R","RDQ","Opsamling-, transport- og rensningsanlæg (trykløs) (system 4). Fra og med trykafspændingssystemer frem til henholdsvis rensnings- og transportanlæg for brændselsomdannelsesrestprodukter samt tilførselssystemer for tilsætningsstoffer."
"2311","R","RDS","Afrensningssystem. Fra og med afgrening forsyningssystemer."
"2312","R","RDV","Smøremedieforsyning."
"2313","R","RDW","Spærremedieforsyning."
"2314","R","RDX","Medieforsyning for styrings-, regulerings-, beskyttelsesudstyr."
"2315","R","RDY","Styrings-, regulerings-, beskyttelsesudstyr."
"2316","R","RE","FORGASNINGSMIDDELFREMSTILLING OG -FORDELING."
"2317","R","REO","GENERELT, ALMENT, TVÆRGÅENDE FOR FORGASNINGSMIDDELFREMSTILLING OG -FORDELING. Må og kan ikke anvendes ved komponentnummerering."
"2318","R","REA","Kompression og efterkompression af luft for forgasningsmiddel. Fra og med henholdsvis atmosfære og afgang gasturbineanlæggets kompressorhus frem til henholdsvis luftfordeling under tryk og forgasningsmiddelforvarmning."
"2319","R","REB","Forgasningsmiddelforvarming (såfremt ikke *RGC*). Fra indgang forvarmer til henholdsvis afgang forvarmer og afgang forvarmer inkl."
"2320","R","REC","Luftfordeling under tryk (også O 2 -holdig luft). Fra og med henholdsvis luftkompression og efterkompression for forgasningsmiddel luft, O 2 -rørledningssystemer (under tryk) samt andre systemer frem til henholdsvis andre systemer, hovedbrændersystemer, hjælpebrændersystemer samt særskilt forgasningsmiddeltilførsel."
"2321","R","REE","Luftkompression, -efterkompression før luftspaltningsanlæg. Fra og med henholdsvis atmosfære og afgang gasturbineanlæggets kompressorhus til afgang luftkompression, -efterkompression før luftspaltningsanlæg."
"2322","R","REF","Luftspaltningsanlæg. Fra og med luftkompression og -efterkompression før luftspaltningsanlæg frem til henholdsvis O 2 -rørledningssystem (under tryk), O 2- kompression, -efterkompression, flydende O 2 -udskillelsessystemer, udskillelsessystemer for øvrige gasser (ædelgasser) fra luftspaltning, flydende N 2 -udskillelsessystemer, ædelgas inkl. udvindingssystemer samt N 2 -rørledningssystemer (*RPG*)."
"2323","R","REG","O 2- kompression, -efterkompression. Fra indgang O 2 -kompression, -efterkompression til afgang O 2 -kompression, -efterkompression."
"2324","R","REH","O 2 -rørledningssystem (under tryk). Fra og med henholdsvis luftspaltningsanlæg, O 2 -kompression, -efterkompression samt andre systemer frem til henholdsvis andre systemer, hovedbrændersystemer, hjælpebrændersystemer samt særskilt forgasningsmiddeltilførsel."
"2325","R","REJ","Flydende O 2 -udskillelsessystem. Fra og med luftspaltningsanlæg frem til henholdsvis O 2 -rørledningssystemer (under tryk) og andre systemer."
"2326","R","REK","Udskillelsessystem for øvrige gasser (ædelgasser) fra luftspaltning. Fra og med luftspaltningsanlæg frem til henholdsvis læsseanordning samt andre systemer."
"2327","R","REL","Flydende N 2 -udskillelsessystem. Fra og med luftspaltningsanlæg frem til henholdsvis ædelgas inkl. udvindingssystemer, andre systemer samt læsseanordning."
"2328","R","REP","O 2 -fremmedforsyningssystem. Fra og med overtagelse frem til henholdsvis O 2 -kompression, -efterkompression samt O 2 -rørledningssystemer under tryk."
"2329","R","RER","Forgasningsdampsystem. Fra og med henholdsvis vand-/dampsystemer samt andre systemer frem til henholdsvis hovedbrændersystemer, hjælpebrændersystemer samt særskilt forgasningsmiddeltilførsel."
"2330","R","REV","Smøremedieforsyning."
"2331","R","REW","Spærremedieforsyning."
"2332","R","REX","Medieforsyning for styrings-, regulerings-, beskyttelsesudstyr."
"2333","R","REY","Styrings-, regulerings-, beskyttelsesudstyr."
"2334","R","RG","GASKØLING (SÅFREMT IKKE TILSTRÆKKELIG UNDER *RA*)."
"2335","R","RGO","GENERELT, ALMENT, TVÆRGÅENDE FOR GASKØLING. Må og kan ikke anvendes ved komponentnummerering."
"2336","R","RGA","Indirekte varmeoverførsel til vand-/dampsystem. Fra henholdsvis hovedgasindgang og vand-/dampindgang til henholdsvis hovedgasafgang, vand-/dampafgang samt gaskondensatafgang."
"2337","R","RGB","Indirekte varmeoverførsel til gas. Fra henholdsvis hovedgasindgang, tilbageføringsindgang samt ædelgasindgang til henholdsvis hovedgasafgang, tilbageføringsafgang, ædelgasafgang samt gaskondensatafgang."
"2338","R","RGC","Indirekte varmeoverførsel til forgasningsmiddel. Fra henholdsvis hovedgasindgang og forbrændingsmiddelindgang til henholdsvis hovedgasafgang, forbrændingsluftafgang samt gaskondensatafgang."
"2339","R","RGD","Indirekte varmeoverførsel til kølevand. Fra henholdsvis hovedgasindgang og kølevandsindgang til henholdsvis hovedgasafgang, kølevandsafgang samt gaskondensatafgang."
"2340","R","RGJ","Direkte varmeudveksling (slukning) med gas. Fra henholdsvis hovedgasindgang og kølemiddelindgang og fra og med kølemiddeltilførsel til hovedgasafgang."
"2341","R","RGK","Direkte varmeudveksling (slukning, mætning) med damp."
"2342","R","RGL","Direkte varmeudveksling (slukning, mætning) med vand."
"2343","R","RGM","Direkte varmeudveksling (slukning, mætning) med andre medier."
"2344","R","RGS","Afrensningssystem. Fra og med afgrening forsyningssystemer."
"2345","R","RGV","Smøremedieforsyning."
"2346","R","RGW","Spærremedieforsyning."
"2347","R","RGX","Medieforsyning for styrings-, regulerings-, beskyttelsesudstyr."
"2348","R","RGY","Styrings-, regulerings-, beskyttelsesudstyr."
"2349","R","RGZ","Podnings- og doseringsudstyr."
"2350","R","RH","GASLEDNINGSSYSTEM, -OPLAGRINGS, -KOMPRESSION, -AFSPÆNDING."
"2351","R","RHO","GENERELT, ALMENT, TVÆRGÅENDE FOR GASLEDNINGSSYSTEM, -OPLAGRING, -KOMPRESSION, -AFSPÆNDING. Må og kan ikke anvendes ved komponentnummerering."
"2352","R","RHA","Gasledningssystem. Fra og med andre systemer frem til andre systemer."
"2353","R","RHE","Befugtningssystem. Fra og med henholdsvis hovedgasrørledningssystemer, vand-/dampsystemer samt opsamlings-, oplagrings- og tilbageføringssystem for gaskondensater frem til henholdsvis hovedgasrørledningssystemer, vand-/dampsystemer samt opsamlings-, oplsagrings- og tilbageføringssystem for gaskondensater."
"2354","R","RHF","Konditioneringssystem 1. Fra og med henholdsvis afgrening forsyningssystemer og fra losseanordning."
"2355","R","RHG","Konditioneringssystem 2. Fra og med henholdsvis afgrening forsyningssystemer og fra losseanordning."
"2356","R","RHK","Gasoplagring. Fra og med henholdsvis hovedgasrørledningssystemer og gaskompression frem til henholdsvis hovedgasrørledningssystemer og gasafspændingssystemer."
"2357","R","RHM","Gaskompressionssystem. Fra og med hovedgasrørledningssystemer frem til henholdsvis hovedgasrørledningssystemer, gasoplagring samt gastilbageføringssystemer."
"2358","R","RHN","Gasafspændingssystem. Fra og med henholdsvis hovedgasrørledningssystemer og gasoplagring frem til henholdsvis hovedgasrørledningssystemer og andre systemer."
"2359","R","RHP","Fakkelsystem 1. Fra og med hovedgasrørledningssystemer til afgang fakkelsystem."
"2360","R","RHQ","Fakkelsystem 2. Fra og med hovedgasrørledningssystemer til afgang fakkelsystem."
"2361","R","RHS","Afrensningssystem. Fra og med afgrening forsyningssystemer."
"2362","R","RHV","Smøremedieforsyning."
"2363","R","RHW","Spærremedieforsyning."
"2364","R","RHX","Medieforsyning for styrings-, regulerings-, beskyttelsesudstyr."
"2365","R","RHY","Styrings-, regulerings-, beskyttelsesudstyr."
"2366","R","RHZ","Podnings- og doseringsudstyr."
"2367","R","RJ","STØVFJERNELSE FRA RÅGAS."
"2368","R","RJO","GENERELT, ALMENT, TVÆRGÅENDE FOR STØJVFJERNELSE FRA RÅGAS. Må og kan ikke anvendes ved komponentnummerering."
"2369","R","RJA","Cylinderfilteranlæg. Fra filterindgang fra og med afrensningssystem til filterafgang frem til udledningssystem for forgasningsrestprodukter."
"2370","R","RJB","Cyklonanlæg. Fra cyklonindgang fra og med afrensningssystem til cyklonafgang frem til udledningssystem for forgasningsrestprodukter."
"2371","R","RJC","Posefilteranlæg. Fra slangefilterindgang fra og med afrensningssystem til slangefilterafgang frem til udledningssystem for forgasningsrestprodukter."
"2372","R","RJD","Bed-filteranlæg. Fra bed-filterindgang fra og med afrensningssystem til bed-filterafgang frem til udledningssystem for forgasningsrestprodukter."
"2373","R","RJE","Elektrofilteranlæg. Fra elektrofilterindgang fra og med afrensningssystem til elektrofilterafgang frem til udledningssystem for forgasningsrestprodukter."
"2374","R","RJS","Afrensningssystem. Fra og med afgrening forsyningssystem."
"2375","R","RJV","Smøremedieforsyning."
"2376","R","RJW","Spærremedieforsyning."
"2377","R","RJX","Medieforsyning for styrings-, regulerings-, beskyttelsesudstyr."
"2378","R","RJY","Styrings-, regulerings-, beskyttelsesudstyr."
"2379","R","RK","RÅGASRENSNING (IKKE *RJ*) INKL. REGENERERING."
"2380","R","RKO","GENERELT, ALMENT, TVÆRGÅENDE FOR RÅGASRENSNING INKL. REGENERERING. Må og kan ikke anvendes til komponentnummerering."
"2381","R","RKA","Forrensning. Fra indgang til udgang."
"2382","R","RKB","Konvertering inkl. hydrolyse. Fra indgang til udgang."
"2383","R","RKC","Rensning. Fra indgang til udgang."
"2384","R","RKG","Regenerering 1 af forrensningen. Fra indgang til udgang."
"2385","R","RKH","Regenerering 2 af forrensningen. Fra indgang til udgang."
"2386","R","RKJ","Regenerering 3 af forrensningen. Fra indgang til udgang."
"2387","R","RKL","Regenerering 1 af rensningen. Fra indgang til udgang."
"2388","R","RKM","Regenerering 2 af rensningen. Fra indgang til udgang."
"2389","R","RKN","Regenerering 3 af rensningen. Fra indgang til udgang."
"2390","R","RKQ","Køleanlæg. Fra indgang til udgang."
"2391","R","RKV","Smøremedieforsyning."
"2392","R","RKW","Spærremedieforsyning."
"2393","R","RKX","Medieforsyning for styrings-, regulerings-, beskyttelsesudstyr."
"2394","R","RKY","Styrings-, regulerings-, beskyttelsesudstyr."
"2395","R","RKZ","Podnings- og doseringsudstyr."
"2396","R","RLO","GENERELT, ALMENT, TVÆRGÅENDE FOR SURGAS INKL. BEHANDLINGSSYSTEM. Må og kan ikke anvendes ved komponentnummerering."
"2397","R","RLA","Termisk behandling (Claus-metode). Fra indgang til udgang."
"2398","R","RLB","Katalytisk behandling (Claus-metode). Fra indgang til udgang."
"2399","R","RLE","Absorption, våd-oxidation. Fra indgang til udgang."
"2400","R","RLH","Termisk behandling (Tailgas). Fra indgang til udgang."
"2401","R","RLJ","Katalytisk behandling (Tailgas). Fra indgang til udgang."
"2402","R","RLK","Absorptionsbehandling (Tailgas). Fra indgang til udgang."
"2403","R","RLN","Svovlrensning. Fra indgang til udgang."
"2404","R","RLP","Svovludvinding og -lagring. Fra indgang til udgang."
"2405","R","RLR","Svovlsyreanlæg. Fra indgang til udgang."
"2406","R","RLS","Svovlsyrelagring. Fra indgang til udgang."
"2407","R","RLW","Spærremedieforsyning."
"2408","R","RLX","Medieforsyning for styrings-, regulerings-, beskyttelsesudstyr."
"2409","R","RLY","Styrings-, regulerings-, beskyttelsesudstyr."
"2410","R","RLZ","Podnings- og doseringsudstyr."
"2411","R","RMO","GENERELT, ALMENT, TVÆRGÅENDE FOR GASTILBAGEFØRINGSSYSTEM, -OPLAGRING, -KOMPRESSION. Må og kan ikke anvendes ved komponentnummerering."
"2412","R","RMA","Slukningsgas-rørledningssystem. Fra og med henholdsvis hovedgasrørledningssystemer og afgrening andet system frem til henholdsvis direkte varmeudveksling (slukning) med gas og gasgeneratorens slukningsdel."
"2413","R","RMB","Rørledningssystem for afspændingsgas (ikke fra slusesystem). Fra og med afspændingsventil frem til andet system (ekskl. gaskompressor)."
"2414","R","RMC","Surgas-rørledningssystem. Fra og med regenerering frem til surgas- inkl. behandlingssystemer."
"2415","R","RMD","Hvirvelgas-rørledningssystem. Fra og med hovedgasrørledningssystemer frem til henholdsvis indfødning til basishvirvelbevægelsessystem og forbrugersystemer (ekskl. hvirvelgaskompressor)."
"2416","R","RME","Slusegasrørledningssystem (ikke ædelgas). Fra og med afgrening andet system frem til sluser (ekskl. slusegaskompressor)."
"2417","R","RMF","Øvrigt gasrørledningssystem. Fra og med afgrening andre systemer frem til andre systemer."
"2418","R","RMH","Oplagring 1. Fra indgang lager frem til øvrige gasrørledningssystemer."
"2419","R","RMJ","Oplagring 2. Fra indgang lager frem til øvrige gasrørledningssystemer."
"2420","R","RMM","Kompression af slukningsgas. Fra indgang kompressor til afgang kompressor."
"2421","R","RMN","Kompression af afspændingsgas. Fra indgang kompressor til afgang kompressor."
"2422","R","RMP","Kompression af surgas. Fra indgang kompressor til afgang kompressor."
"2423","R","RMQ","Kompression af hvirvelgas. Fra indgang kompressor til afgang kompressor."
"2424","R","RMR","Kompression af slusegas (ikke ædelgas). Fra indgang kompressor til afgang kompressor."
"2425","R","RMS","Kompression af øvrige gasser. Fra indgang kompressor til afgang kompressor."
"2426","R","RMV","Smøremedieforsyning."
"2427","R","RMW","Spærremedieforsyning."
"2428","R","RMX","Medieforsyning for styrings-, regulerings-, beskyttelsesudstyr."
"2429","R","RMY","Styrings-, regulerings-, beskyttelsesudstyr."
"2430","R","RN","OPSAMLINGS-, OPLAGRINGS- OG TILBAGEFØRINGSSYSTEM FOR GASKONDENSATER."
"2431","R","RNO","GENERELT, ALMENT, TVÆRGÅENDE FOR OPSAMLINGS-, OPLAGRINGS- OG TILBAGEFØRINGSSYSTEM FOR GASKONDENSATER. Må og kan ikke anvendes ved komponentnummerering."
"2432","R","RNA","Opsamlings-, oplagrings- og tilbageføringssystem for gaskondensater (klar til afbenyttelse, afhængig af fremgangsmetode)."
"2433","R","RNV","Smøremedieforsyning."
"2434","R","RNW","Spærremedieforsyning."
"2435","R","RNX","Medieforsyning for styrings-, regulerings-, beskyttelsesudstyr."
"2436","R","RNY","Styrings-, regulerings-, beskyttelsesudstyr."
"2437","R","RP","ÆDELGAS INKL. UDVINDINGSSYSTEM."
"2438","R","RPO","GENERELT, ALMENT, TVÆRGÅENDE FOR ÆDELGAS INKL. UDVINDINGSSYSTEM. Må og kan ikke anvendes ved komponentnummerering."
"2439","R","RPA","Ædelgasfremstilling ved hjælp af luftspaltning. Fra og med atmosfære til indgang ædelgasfordeling."
"2440","R","RPB","Ædelgasfremstilling ved hjælp af mol-sigte. Fra og med atmosfære til indgang ædelgasfordeling."
"2441","R","RPC","Ædelgasproduktion ved hjælp af forbrænding. Fra og med atmosfære til indgang ædelgasfordeling."
"2442","R","RPG","N 2 -rørledningssystem for tilsætning før brændergasturbine. Fra og med henholdsvis afgang luftspaltningsanlæg og kompressor frem til henholdsvis indgang kompressor og indgang brændkammer."
"2443","R","RPH","Efterkompression for N 2 fra *RPG*. Fra indgang kompressor til afgang kompressor."
"2444","R","RPJ","Ædelgasfordeling inkl. oplagring. Fra og med henholdsvis afgang ædelgasfremstiller, afgang luftspaltningsanlæg *REF* samt afgang kompressor frem til henholdsvis indgang kompressor og indgang i et system, der anvender ædelgas."
"2445","R","RPP","Ædelgaskompression. Fra indgang kompressor til afgang kompressor."
"2446","R","RPW","Spærremedieforsyning."
"2447","R","RPX","Medieforsyning for styrings-, regulerings-, beskyttelsesudstyr."
"2448","R","RPY","Styrings-, regulerings-, beskyttelsesudstyr."
"2449","R","RSO","GENERELT, ALMENT, TVÆRGÅENDE FOR FORSYNINGS- OG BORTSKAFFELSESSYSTEM FOR VAND, DAMP OG KONDENSAT. Må og kan ikke anvendes ved komponentnummerering."
"2450","R","RSA","Forsynings- og bortskaffelsessystem for vand, damp og kondensat. For forsyningssystem gælder: Fra og med afgrening andre systemer frem til forbruger. For bortskaffelsessystem gælder: Fra og med tilblivelsessted frem til overgang til andre systemer."
"2451","R","RSV","Smøremedieforsyning."
"2452","R","RSW","Spærremedieforsyning."
"2453","R","RSX","Medieforsyning for styrings-, regulerings-, beskyttelsesudstyr."
"2454","R","RSY","Styrings-, regulerings-, beskyttelsesudstyr."
"2455","R","RSZ","Podnings- og doseringsudstyr."
"2456","R","RTO","GENERELT, ALMENT, TVÆRGÅENDE FOR SPILDEVANDSOPSAMLINGS- OG -UDLEDNINGSSYSTEM. Må og kan ikke anvendes ved komponentnummerering."
"2457","R","RTA","Spildevandsopsamlings- og -udledningssystem. Fra og med tilblivelsessted frem til overgang til andre systemer."
"2458","R","RTV","Smøremedieforsyning."
"2459","R","RTW","Spærremedieforsyning."
"2460","R","RTX","Medieforsyning for styrings-, regulerings-, beskyttelsesudstyr."
"2461","R","RTY","Styrings-, regulerings-, beskyttelsesudstyr."
"2462","R","RTZ","Podnings- og doseringsudstyr."
"2463","R","RUO","GENERELT, ALMENT, TVÆRGÅENDE FOR SPILDEVANDSBEHANDLINGSANLÆG. Må og kan ikke anvendes ved komponentnummerering."
"2464","R","RUA","Spildevandsbehandlingsanlæg. Fra og med indgang til afgang."
"2465","R","RUJ","System for hjælpematerialer."
"2466","R","RUS","Restproduktbehandlings- og bortskaffelsessystem. Fra og med indgang frem til afgang."
"2467","R","RUV","Smøremedieforsyning."
"2468","R","RUW","Spærremedieforsyning."
"2469","R","RUX","Medieforsyning for styrings-, regulerings-, beskyttelsesudstyr."
"2470","R","RUY","Styrings-, regulerings-, beskyttelsesudstyr."
"2471","R","RUZ","Podnings- og doseringsudstyr."
"2472","R","RVO","GENERELT, ALMENT, TVÆRGÅENDE FOR SMØREMEDIEFORSYNING. Må og kan ikke anvendes ved komponentnummerering."
"2473","R","RVA","Smøremedieforsyning."
"2474","R","RWO","GENERELT, ALMENT, TVÆRGÅENDE FOR SPÆRREMEDIEFORSYNING. Må og kan ikke anvendes ved komponentnummerering."
"2475","R","RWA","Spærremedieforsyning."
"2476","R","RX","MEDIEFORSYNING FOR STYRINGS-, REGULERINGS-, BESKYTTELSESUDSTYR."
"2477","R","RXO","GENERELT, ALMENT, TVÆRGÅENDE FOR MEDIEFORSYNING FOR STYRINGS-, REGULERINGS-, BESKYTTELSESUDSTYR. Må og kan ikke anvendes ved komponentnummerering."
"2478","R","RXA","Medieforsyning for styrings-, regulerings-, beskyttelsesudstyr."
"2479","R","RY","STYRINGS-, REGULERINGS-, BESKYTTELSESUDSTYR."
"2480","R","RYO","GENERELT, ALMENT, TVÆRGÅENDE FOR STYRINGS-, REGULERINGS-, BESKYTTELSESUDSTYR. Må og kan ikke anvendes ved komponentnummerering."
"2481","R","RYA","Styrings-, regulerings-, beskyttelsesudstyr."
"2482","R","RZO","GENERELT, ALMENT, TVÆRGÅENDE FOR PODNINGS- OG DOSERINGSUDSTYR. Må og kan ikke anvendes ved komponentnummerering."
"2483","R","RZA","Podnings- og doseringsudstyr."
"2484","S","SO","OVERORDNET, ALMENT, TVÆRGÅENDE FOR SERVICEANLÆG. Må og kan ikke anvendes til komponentnummerering."
"2485","S","SA","VENTILATIONSANLÆG (KONVENTIONELLE ANLÆG)."
"2486","S","SB","OPVARMNINGSANLÆG."
"2487","S","SC","STATIONÆR ARBEJDSLUFTFORSYNING (VÆRKSTED)."
"2488","S","SD","STATIONÆRE RENSESYSTEMER (STØVSUGERANLÆG)."
"2489","S","SE","STATIONÆRE AUTOGENSVEJSESYSTEMER."
"2490","S","SF","BYGAS-/FLASKEGASSYSTEMER."
"2491","S","SG","STATIONÆRE BRANDSLUKNINGSANLÆG."
"2492","S","SM","KRAN- OG STATIONÆRE TALJEANLÆG."
"2493","S","SN","ELEVATORANLÆG."
"2494","S","SP","JERNBANEANLÆG (SKINNE- OG AUTOMATIKANLÆG)."
"2495","S","SQ","VEJANLÆG."
"2496","S","SR","NUKLEAR."
"2497","S","ST","VÆRKSTEDER, LAGER, LABORATORIER OG FOLKERUM."
"2498","S","SOA","ALMENT."
"2499","S","SOB","HOVEDDATA."
"2500","S","SOC","UNDERSØGELSER, BUDGET, BEVILLINGER."
"2501","S","SOD","PLANLÆGNING, TID OG RESSOURCER."
"2502","S","SOE","ORDRE OG ORDREKORRESPONDANCE GENERELT."
"2503","S","SOF","MYNDIGHEDER, SIKKERHED, KVALITETSKONTROL."
"2504","S","SOG","MØDEREFERATER."
"2505","S","SOH","LAYOUT."
"2506","S","SOJ","DRIFT OG VEDLIGEHOLDELSE."
"2507","S","SAO","GENERELT, ALMENT, TVÆRGÅENDE FOR VENTILATIONSANLÆG (KONVENTIONELLE ANLÆG). Må kan ikke anvendes til komponentnummerering."
"2508","S","SAA","CENTRALVENTILATIONSANLÆG. Fra og med luftindtag til tilgang forbrugere incl. indsugningsspjæld, lydsluser, filtre, ventilatorer, luftkanaler excl. luftvarmeflader, luftkøleflader og luftbefugtningssystem. Udsugningsanlæg fra forbruger til afkast incl. kanaler, ventilatorer, spjæld og riste i centralsystem."
"2509","S","SAB","LUFTBEHANDLINGSANLÆG FOR CENTRALVENTILATIONSANLÆG. Fra og med tilgangsstudse luftvarmeflader, luftkøleflader og luftbefugtningssystem til og med afgangsstudse incl. reguleringsarmaturer, varmevekslere, køleaggregater, luftbefugtningsudrustning."
"2510","S","SAC","KLIMAANLÆG FOR KONTROLRUM OG ØVRIGE ARBEJDSRUM. Fra tilgangsstudse centralventilationsanlæg hhv. luftindtag for decentralt ventilationsanlæg til og med indblæsninsarmaturer incl. luftbehandlingsudstyr og udsugningsanlæg til tilgang andre systemer og incl. brandventilationssystem."
"2511","S","SAD","VENTILATIONSANLÆG FOR E-BYGNING EXCL. KONTROL- OG ARBEJDSRUM. Fra tilgangsstudse centralventilationsanlæg hhv. luftindtag for decentralt ventilationsanlæg til og med indblæsningsarmaturer incl. luftbehandlingsudstyr og udsugningsanlæg til tilgang andre systemer og incl. brandventilationssystem."
"2512","S","SAE","VENTILATIONSANLÆG FOR KULTRANSPORTANLÆG. Fra tilgangsstudse centralventilationsanlæg hhv. luftindtag for decentralt ventilationsanlæg til og med indblæsningsarmaturer incl. luftbehandlingsudstyr og udsugningsanlæg til tilgang andre systemer og incl. brandventilationssystem."
"2513","S","SAF","VENTILATIONSANLÆG FOR TRANSFORMER BYGNING. Fra tilgangsstudse centralventilationsanlæg hhv. luftindtag for decentralt ventilationsanlæg til og med indblæsningsarmaturer incl. luftbehandlingsudstyr og udsugningsanlæg til tilgang andre systemer og incl. brandventilationssystem."
"2514","S","SAG","VENTILATIONSANLÆG FOR VANDBEHANDLINGSBYGNING. Fra tilgangsstudse centralventilationsanlæg hhv. luftindtag for decentralt ventilationsanlæg til og med indblæsningsarmaturer incl. lufbehandlingsudstyr og udsugningsanlæg til tilgang andre systemer og incl. brandventilationssystem."
"2515","S","SAH","VENTILATIONSANLÆG FOR KEDELHUS. Fra tilgangsstudse centralventilationsanlæg hhv. luftindtag for decentralt ventilationsanlæg til og med indblæsningsarmaturer incl. lufbehandlingsudstyr og udsugningsanlæg til tilgang andre systemer og incl. brandventilationssystem."
"2516","S","SAK","VENTILATIONSANLÆG FOR NØDSTRØMSANLÆG. Fra tilgangsstudse centralventilationsanlæg hhv. luftindtag for decentralt ventilationsanlæg til og med indblæsningsarmaturer incl. lufbehandlingsudstyr og udsugningsanlæg til tilgang andre systemer og incl. brandventilationssystem."
"2517","S","SAL","VENTILATIONSANLÆG FOR AFSVOVLINGSANLÆG. Fra tilgangsstudse centralventilationsanlæg hhv. luftindtag for decentralt ventilationsanlæg til og med indblæsningsarmaturer incl. luftbehandlingsudstyr og udsugningsanlæg til tilgang andre systemer og incl. brandventilationssystem."
"2518","S","SAM","VENTILATIONSANLÆG FOR MASKINHUS. Fra tilgangsstudse centralventilationsanlæg hhv. luftindtag for decentralt ventilationsanlæg til og med indblæsningsarmaturer incl. luftbehandlingsudstyr og udsugningsanlæg til tilgang andre systemer og incl. brandventilationssystem."
"2519","S","SAN","VENTILATIONSANLÆG FOR FJERNVARMEPUMPEBYGNING. Fra tilgangsstudse centralventilationsanlæg hhv. luftindtag for decentralt ventilationsanlæg til og med indblæsningsarmaturer incl. luftbehandlingsudstyr og udsugningsanlæg til tilgang andre systemer og incl. brandventilationssystem."
"2520","S","SAQ","VENTILATIONSANLÆG FOR HJÆLPEANLÆG. Fra tilgangsstudse centralventilationsanlæg hhv. luftindtag for decentralt ventilationsanlæg til og med indblæsningsarmaturer incl. luftbehandlingsudstyr og udsugningsanlæg til tilgang andre systemer og incl. brandventilationssystem."
"2521","S","SAR","VENTILATIONSANLÆG FOR KOMPERSSORBYGNING Fra tilgangsstudse centralventilationsanlæg hhv. luftindtag for decentralt ventilationsanlæg til og med indblæsningsarmaturer incl. luftbehandlingsudstyr og udsugningsanlæg til tilgang andre systemer og incl. brandventilationssystem."
"2522","S","SAT","VENTILATIONSANLÆG FOR HJÆLPEKEDELBYGNING. Fra tilgangsstudse centralventilationsanlæg hhv. luftindtag for decentralt ventilationsanlæg til og med indblæsningsarmaturer incl. luftbehandlingsudstyr og udsugningsanlæg til tilgang andre systemer og incl. brandventilationssystem."
"2523","S","SAU","VENTILATIONSANLÆG FOR ADMINISTRATIONSBYGNING. Fra tilgangsstudse centralventilationsanlæg hhv. luftindtag for decentralt ventilationsanlæg til og med indblæsningsarmaturer incl. luftbehandlingsudstyr og udsugningsanlæg til tilgang andre systemer og incl. brandventilationssystem."
"2524","S","SAV","VENTILATIONSANLÆG FOR GARAGEBYGNING. Fra tilgangsstudse centralventilationsanlæg hhv. luftindtag for decentralt ventilationsanlæg til og med indblæsningsarmaturer incl. luftbehandlingsudstyr og udsugningsanlæg til tilgang andre systemer og incl. brandventilationssystem."
"2525","S","SAW","VENTILATIONSANLÆG FOR VÆRKSTEDS- OG LAGERBYGNING. (Ikke VGB-standard) Fra tilgangsstudse centralventilationsanlæg hhv. luftindtag for decentralt ventilationsanlæg til og med indblæsningsarmaturer incl. luftbehandlingsudstyr og udsugningsanlæg til tilgang andre systemer og incl. brandventilationssystem."
"2526","S","SAX","STYREMEDIUMFORSYNING FOR STYRINGS-, REGULERINGS- OG BESKYTTELSESUDSTYR."
"2527","S","SAY","STYRINGS-, REGULERINGS- OG BESKYTTELSESUDSTYR."
"2528","S","SBO","GENERELT, ALMENT, TVÆRGÅENDE FOR OPVARMNINGSANLÆG. Må og kan ikke anvendes til komponentnummerering."
"2529","S","SBA","CENTRALT OPVARMNINGSANLÆG (VAND). Fra og med afspærringsventiler mod varmeforsyningssystemer incl. rørsystem, varmevekslere hhv. varmeflader, cirkulationspumper, højdebeholder mv. samt kalorifere."
"2530","S","SBB","CENTRALT OPVARMNINGSANLÆG (DAMP). Fra og med afspærringsventiler mod varmeforsyningssystemer incl. rørsystem, varmevekslere hhv. varmeflader, cirkulationspumper, højdebeholder mv. samt kalorifere."
"2531","S","SBC","CENTRALT OPVARMNINGSANLÆG (EL). Fra og med afspærringsventiler mod varmeforsyningssystemer incl. rørsystem, varmevekslere hhv. varmeflader, cirkulationspumper, højdebeholder mv. samt kalorifere."
"2532","S","SBX","STYREMEDIUMFORSYNING FOR STYRINGS-, REGULERINGS- OG BESKYTTELSESUDSTYR."
"2533","S","SBY","STYRINGS-, REGULERINGS-, OG BESKYTTELSESUDSTYR."
"2534","S","SC","STATIONÆR ARBEJDSLUFTFORSYNING (VÆRKSTED). Anvendes kun ved separat forsyning, eller QE."
"2535","S","SCO","GENERELT, ALMENT, TVÆRGÅENDE FOR STATIONÆR ARBEJDSLUFTFORSYNING (VÆRKSTED). Må og kan ikke anvendes til komponentnummerering."
"2536","S","SCA","ARBEJDSLUFTKOMPRESSORANLÆG."
"2537","S","SCB","ARBEJDSLUFTFORDELINGSSYSTEM."
"2538","S","SCX","STYREMEDIUMFORSYNING FOR STYRINGS-, REGULERINGS- OG BESKYTTELSESUDSTYR."
"2539","S","SCY","STYRINGS-, REGULERINGS- OG BESKYTTELSESUDSTYR."
"2540","S","SDO","GENERELT, ALMENT, TVÆRGÅENDE FOR STATIONÆRE RENSESYSTEMER (STØVSUGERANLÆG). Må og kan ikke anvendes til komponentnummerering."
"2541","S","SDA","STØVSUGERANLÆG, FAST INSTALLERET. Fra og med mundstykke til støvsugning til og med affaldscontainer incl. slanger, rør, udskillere, filtre og vacuumpumper."
"2542","S","SEO","GENERELT, ALMENT, TVÆRGÅENDE FOR STATIONÆRE AUTOGENSVEJSESYSTEMER. Må og kan ikke anvendes til komponentnummerering."
"2543","S","SFO","GENERELT, ALMENT, TVÆRGÅENDE FOR BYGAS-/FLASKEGASSYSTERM. Må og kan ikke anvendes til komponentnummerering."
"2544","S","SFA","VARME- OG BRÆNDGAS, BRINT (H2)"
"2545","S","SGO","GENERELT, ALMENT, TVÆRGÅENDE FOR STATIONÆRE BRANDSLUKNINGSANLÆG. Må og kan ikke anvendes til komponentnummerering."
"2546","S","SGA","BRANDVANDSSYSTEM. Fra tilgangsstuds reservoir hhv. andet system til og med tilgangsstudse forbrugere incl. slangeskabe incl. reservoir og pumpeanlæg."
"2547","S","SGB","BRANDVANDSSYSTEM. Nukleart."
"2548","S","SGC","VANDTÅGESYSTEM FOR BRANDSLUKNING. Fra tilgangsstudse brandvandsforsyningsanlæg incl. afspærringsarmaturer til og med dyser og sprinklere og slangeskabe."
"2549","S","SGD","VANDTÅGESYSTEM FOR BRANDSLUKNING. Nukleart."
"2550","S","SGE","SPRINKLERANLÆG FOR BRANDSLUKNING. Fra tilgangsstudse brandvandsforsyningsanlæg incl. afspærringsarmaturer til og med dyser og sprinklere."
"2551","S","SGF","SKUMBRANDSLUKNINGSANLÆG. Fra tilgangsstudse brandvandssystem incl. ventilatorer, skumvæskebeholder, pumpeanlæg, rørsystem, dyser og slangeskabe."
"2552","S","SGG","OLIETANKBRANDSLUKNING- OG KØLEANLÆG."
"2553","S","SGH","MEKANISK SELVSLUKKENDE ANLÆG FOR VÆSKER."
"2554","S","SGJ","CO2-BRANDSLUKNINSANLÆG. Fra tilgangsstudse brandvandssystem incl. ventilatorer, skumvæskebeholder, pumpeanlæg, rørsystem, dyser og slangeskabe."
"2555","S","SGK","INERTGAS-BRANDSLUKNINGSANLÆG. Fra og med flaskebatteri til og med indblæsningsdyser incl. sikkerhedsudrustning."
"2556","S","SGL","PULVERSLUKNINGSANLÆG."
"2557","S","SGM","BRANDSLUKNINGSSYSTEM MED ANDRE SLUKNINGSMIDLER."
"2558","S","SGV","SMØREOLIEFORSYNING."
"2559","S","SGX","STYREMEDIUMFORSYNING FOR STYRINGS-, REGULERINGS- OG BESKYTTELSESUDSTYR."
"2560","S","SGY","STYRINGS-, REGULERINGS- OG BESKYTTELSESUDSTYR."
"2561","S","SMO","GENERELT, ALMENT, TVÆRGÅENDE FOR KRAN- OG STATIONÆRE TALJEANLÆG. Må og kan ikke anvendes til komponentnummerering."
"2562","S","SMA","KRAN- OG STATIONÆRE TALJEANLÆG I NET- OG FORDELINGSANLÆG. Incl. skinner."
"2563","S","SMB","KRAN- OG STATIONÆRE TALJEANLÆG FOR TRANSFORMERE, EGETFORBRUGSANLÆG SAMT NØDSTRØMSANLÆG. Incl. skinner."
"2564","S","SMC","KRAN- OG STATIONÆRE TALJEANLÆG I RELÆRUM. Incl. skinner."
"2565","S","SME","KRAN- OG STATIONÆRE TALJEANLÆG FOR BRÆNDSELSFORSYNINGSANLÆG SAMT I ASKE- OG SLAGGEANLÆG. Incl. skinner."
"2566","S","SMG","KRAN- OG STATIONÆRE TALJEANLÆG FOR VANDFORSYNINGS- OG SPILDEVANDSANLÆG. Incl. skinner."
"2567","S","SMH","KRAN- OG STATIONÆRE TALJEANLÆG FOR KEDELANLÆG. Incl. skinner."
"2568","S","SML","KRAN- OG STATIONÆRE TALJEANLÆG FOR ANLÆG I VAND- OG DAMPSYSTEM. Incl. skinner."
"2569","S","SMM","KRAN- OG STATIONÆRE TALJEANLÆG I TURBINEANLÆG. Incl. skinner."
"2570","S","SMN","KRAN- OG STATIONÆRE TALJEANLÆG I FJERNVARMEANLÆG. Incl. skinner."
"2571","S","SMP","KRAN- OG STATIONÆRE TALJEANLÆG I KØLEVANDSANLÆG. Incl. skinner."
"2572","S","SMQ","KRAN- OG STATIONÆRE TALJEANLÆG FOR HJÆLPEANLÆG. (HJÆLPEANLÆG, TRYKLUFTFORSYNING M.M.). Incl. skinner."
"2573","S","SMR","KRAN- OG STATIONÆRE TALJEANLÆG FOR RØGGASBEHANDLINGSANLÆG. Incl. skinner."
"2574","S","SMS","KRAN- OG STATIONÆRE TALJEANLÆG FOR SERVICEBYGNING. (VENTILATIONS- OG VARMEANLÆG M.M.). Incl. skinner."
"2575","S","SN","ELEVATORANLÆG. Elevatorskakte henføres under de respektive bygningsanlæg i (U)."
"2576","S","SNO","GENERELT, ALMENT, TVÆRGÅENDE FOR ELEVATORANLÆG. Må og kan ikke anvendes til komponentnummerering."
"2577","S","SNA","ELEVATORER I NET- OG FORDELINGSANLÆG."
"2578","S","SNB","ELEVATORER I E-BYGNING."
"2579","S","SNE","ELEVATORER I BRÆNDSELSFORSYNINGSANLÆG SAMT I ASKE- OG SLAGGEANLÆG."
"2580","S","SNG","ELEVATORER I VANDFORSYNINGS- OG SPILDEVANDSANLÆG."
"2581","S","SNH","ELEVATORER I KEDELHUS."
"2582","S","SNL","ELEVATORER FOR ANLÆG I VAND- OG DAMPSYSTEM."
"2583","S","SNM","ELEVATORER I MASKINHUS."
"2584","S","SNN","ELEVATORER I FJERNVARMEANLÆG."
"2585","S","SNP","ELEVATORER I KØLEVANDSANLÆG."
"2586","S","SNQ","ELEVATORER I HJÆLPEANLÆG."
"2587","S","SNR","ELEVATORER I FORGASNINGSANLÆG."
"2588","S","SNS","ELEVATORER I SERVICEANLÆG."
"2589","S","SNT","ELEVATORER I ANLÆG FOR RØGGASBEHANDLING INCL. RESTPRODUKTBORTSKAFFELSE."
"2590","S","SNU","ELEVATORER FOR FÆLLESANLÆG."
"2591","S","SNY","STYRINGS-, REGULERINGS- OG BESKYTTELSESUDSTYR."
"2592","S","SP","JERNBANEANLÆG (SKINNE- OG AUTOMATIKANLÆG). Bygningsanlæg henføres under UZE."
"2593","S","SPO","GENERELT, ALMENT, TVÆRGÅENDE FOR JERNBANEANLÆG (SKINNE- OG AUTOMATIKANLÆG). Må og kan ikke anvendes til komponentnummerering."
"2594","S","SQ","VEJANLÆG. Anvendes normalt ikke som komponentnr. Henføres under bygningsanlæg UZ."
"2595","S","SQO","GENERELT, ALMENT, TVÆRGÅENDE FOR VEJANLÆG. Må og kan ikke anvendes til komponentnummerering."
"2596","S","ST","VÆRKSTEDER, LAGER, LABORATORIER OG FOLKERUM. Inventar. Bygningsanlæg henføres under de respektive bygninger i US og UY."
"2597","S","STO","GENERELT, ALMENT, TVÆRGÅENDE FOR VÆRKSTEDER, LAGER, LABORATORIER OG FOLKERUM. Må og kan ikke anvendes til komponentnummerering."
"2598","S","STA","VÆRKSTED."
"2599","S","STC","REVISION."
"2600","S","STE","LAGER."
"2601","S","STG","LABORATORIUM."
"2602","S","STP","FOLKERUM."
"2603","T","T","Anvendes ikke"
"2604","U","UO","OVERORDNET, ALMENT, TVÆRGÅENDE FOR BYGNINGSANLÆG. Må og kan ikke anvendes til komponentnummerering."
"2605","U","UA","BYGNINGSANLÆG FOR NET- OG FORDELINGSANLÆG."
"2606","U","UB","BYGNINGSANLÆG FOR GENERATORFORBINDELSER OG EGETFORBRUGSANLÆG."
"2607","U","UC","BYGNINGSANLÆG FOR KONTROLANLÆG."
"2608","U","UE","BYGNINGSANLÆG FOR KONVENTIONEL BRÆNDSELSFORSYNING OG BORTSKAFFELSE AF RESTPRODUKTER (HERUNDER ASKE OG SLAGGE)."
"2609","U","UF","NUKLEAR."
"2610","U","UG","BYGNINGSANLÆG FOR VANDFORSYNING OG SPILDEVANDSBEHANDLING."
"2611","U","UH","BYGNINGSANLÆG FOR KEDELANLÆG."
"2612","U","UJ","NUKLEAR."
"2613","U","UK","NUKLEAR."
"2614","U","UL","BYGNINGSANLÆG FOR DAMP-, VAND- OG GASKREDSLØB."
"2615","U","UM","BYGNINGSANLÆG FOR HOVEDMASKINER (TURBINEANLÆG)."
"2616","U","UN","BYGNINGSANLÆG FOR PROCESENERGIANLÆG (FJERNVARME)."
"2617","U","UP","BYGNINGSANLÆG FOR KØLEVANDSTILGANG."
"2618","U","UQ","BYGNINGSANLÆG FOR KØLEVANDSANLÆG (F.EKS. KØLEVANDSTRANSPORT OG -AFGANG)."
"2619","U","UR","BYGNINGSANLÆG FOR KØLEVANDSANLÆG (F.EKS. KØLETÅRN)."
"2620","U","US","OMRÅDE / BYGNING."
"2621","U","UT","BYGNINGSANLÆG FOR HJÆLPEANLÆG FOR BLOK."
"2622","U","UU","RESERVERET AF VGB."
"2623","U","UV","BYGNINGSANLÆG FOR KEMISK RØGGASBEHANDLING INCL. RESTPRODUKTBORTSKAFFELSE."
"2624","U","UX","BYGNINGSANLÆG FOR EKSTERNE ANLÆG (KRAFTVÆRKSAFHÆNGIGE)."
"2625","U","UY","FÆLLES BYGNINGSANLÆG."
"2626","U","UZ","BYGGEMODNING, VEJE, HAVN, GRUND, HEGN M.M."
"2627","U","UO","OVERORDNET, ALMENT, TVÆRGÅENDE FOR BYGNINGSANLÆG. Må og kan ikke anvendes til nummerering af bygningsdele."
"2628","U","UOA","ALMENT."
"2629","U","UOB","HOVEDDATA."
"2630","U","UOC","UNDERSØGELSER, BUDGET, BEVILLINGER."
"2631","U","UOD","PLANLÆGNING, TID OG RESSOURCER."
"2632","U","UOE","ORDRE OG ORDREKORRESPONDANCE GENERELT."
"2633","U","UOF","MYNDIGHEDER, SIKKERHED, KVALITETSKONTROL."
"2634","U","UOG","MØDEREFERATER."
"2635","U","UOH","LAYOUT."
"2636","U","UOJ","DRIFT OG VEDLIGEHOLDELSE."
"2637","U","UOL","RÅDGIVERE."
"2638","U","UON","GEOTEKNISKE UNDERSØGELSER, GENERELT."
"2639","U","UOQ","MÆNGDEBEREGNING, GENERELT."
"2640","U","UOR","KONSTRUKTIONER OG MATERIALER."
"2641","U","UAO","GENERELT, ALMENT, TVÆRGÅENDE FOR BYGNINGSANLÆG FOR NET- OG FORDELINGSANLÆG. Må og kan ikke anvendes til komponentnummerering."
"2642","U","UAA","BYGNINGSANLÆG FOR FRILUFTSKOBLINGSANLÆG."
"2643","U","UAB","BYGNINGSANLÆG FOR INDENDØRS KOBLINGSANLÆG /OMRÅDER."
"2644","U","UAC","BYGNINGSANLÆG FOR NETKONTROL (DRIFTSCENTRAL)."
"2645","U","UAD","BYGNINGSANLÆG FOR NET- OG FORDELINGSANLÆG"
"2646","U","UAE","BYGNINGSANLÆG FOR STYRELUFTANLÆG."
"2647","U","UAG","BYGNINGSANLÆG FOR TRANSFORMERE VED KOBLINGSSTATIONEN."
"2648","U","UAH","BYGNINGSANLÆG FOR MASTER OG APPARATER."
"2649","U","UAX","DIVERSE SPECIELLE BYGVÆRKER (ANLÆGSAFHÆNGIGE)."
"2650","U","UAY","BROANLÆG."
"2651","U","UAZ","KANALBYGVÆRK.Herunder kloakering."
"2652","U","UBO","GENERELT, ALMENT, TVÆRGÅENDE FOR BYGNINGSANLÆG FOR GENERATORFORBINDELSER OG EGETFORBRUGSANLÆG. Må og kan ikke anvendes til komponentnummerering."
"2653","U","UBA","E-BYGNING."
"2654","U","UBB","E-BYGNING FOR AFSVOVLINGSANLÆG."
"2655","U","UBC","BYGNINGSANLÆG FOR TRANSFORMERE."
"2656","U","UBD","BYGNINGSANLÆG FOR LAVSPÆNDINGS- OG EGETFORBRUGSTRANSFORMERE."
"2657","U","UBF","BYGNINGSANLÆG FOR GENERATOR TRANSFORMER"
"2658","U","UBH","HJÆLPEANLÆG FOR EL-KEDEL (kun SSV17)"
"2659","U","UBN","BYGNINGSANLÆG FOR NØDSTRØMSANLÆG."
"2660","U","UBR","BYGNINGSANLÆG FOR ONSHORE POWER SUPPLY"
"2661","U","UBT","BYGNINGSANLÆG FOR BATTERI KONTAINER"
"2662","U","UBX","BYGNINGSANLÆG FOR NITROGEN"
"2663","U","UBY","BROANLÆG."
"2664","U","UBZ","KANALBYGVÆRK.Herunder kloakering."
"2665","U","UC","BYGNINGSANLÆG FOR KONTROLANLÆG. Benyttes når kontrolrummet er beliggende i en selvstændig bygning."
"2666","U","UCO","GENERELT, ALMENT, TVÆRGÅENDE FOR BYGNINGSANLÆG FOR KONTROLANLÆG. Må og kan ikke anvendes til komponentnummerering."
"2667","U","UCA","BLOKKONTROLBYGNING."
"2668","U","UCB","BYGNINGSANLÆG FOR KONTROLRUM (kun asv06) (brug UCA)"
"2669","U","UCT","KONTROLRUM FOR AFSVOVLINGSANLÆG."
"2670","U","UEO","GENERELT, ALMENT, TVÆRGÅENDE FOR BYGNINGSANLÆG FOR KONVENTIONEL BRÆNDSELSFORSYNING OG BORTSKAFFELSE AF RESTPRODUKTER (HERUNDER ASKE OG SLAGGE)."
"2671","U","UEA","BYGNINGSANLÆG FOR LOSSEANLÆG FASTE BRÆNDSTOFFER. Fundamenter for skinner excl. skinner."
"2672","U","UEB","BYGNINGSANLÆG FOR FASTBRÆNDSTOFSLAGER INCL. MELLEMSILOER. Bærende konstruktioner."
"2673","U","UEC","BYGNINGSANLÆG FOR TRÆFLIS (HEV)"
"2674","U","UED","BYGNINGSANLÆG FOR TRANSPORT AF FASTE BRÆNDSTOFFER. Båndbroer og fundamenter, bærende konstruktioner."
"2675","U","UEE","BYGNINGSANLÆG FOR BEHANDLINGSANLÆG AF FASTE BRÆNDSTOFFER.F.eks. harpe - knusebygning."
"2676","U","UEF","OMKASTERSTATION.F.eks. hjørnetårne."
"2677","U","UEG","BYGNINGSANLÆG FOR OMDANNELSE AF FASTE BRÆNDSTOFFER."
"2678","U","UEH","BYGNINGSANLÆG FOR LOSSEANLÆG TIL FLYDENDE BRÆNDSTOFFER."
"2679","U","UEJ","BYGNINGSANLÆG FOR LAGER AF FLYDENDE BRÆNDSTOFFER.Alt vedr. bygningsarbejde, bærende konstruktioner."
"2680","U","UEK","BYGNINGSANLÆG FOR TRÆPILLER"
"2681","U","UEL","BYGNINGSANLÆG FOR TRANSPORT AF FLYDENDE BRÆNDSTOFFER, F.EKS. PUMPEHUS."
"2682","U","UEM","BYGNINGSANLÆG FOR TILBEREDNING OG BEHANDLING AF FLYDENDE BRÆNDSTOFFER."
"2683","U","UEN","BYGNINGSANLÆG FOR MODTAGEANLÆG AF GASFORMIGE BRÆNDSTOFFER."
"2684","U","UEP","BYGNINGSANLÆG FOR BRÆNDSELSFORSYN OG BORTSKAFFELSE (kun SSV) BYGNINGSANLÆG FOR HALMANLÆG (kun SSV)"
"2685","U","UER","BYGNINGSANLÆG FOR TRANSPORT AF GASFORMIGE BRÆNDSTOFFER."
"2686","U","UET","BYGNINGSANLÆG FOR ASKE/SLAGGELAGER.Bærende konstruktioner for slaggesilo og flyveaskesilo."
"2687","U","UEU","BYGNINGSANLÆG FOR ASKE/SLAGGETRANSPORT."
"2688","U","UEV","BYGNINGSANLÆG FOR ASKE/SLAGGEFÆLDNINGSBASSIN."
"2689","U","UEW","BYGNINGSANLÆG FOR BEHANDLING AF FORBRÆNDINGSRESTPRODUKTER."
"2690","U","UEX","DIVERSE SPECIELLE BYGVÆRKER (ANLÆGSAFHÆNGIGE)."
"2691","U","UEY","BROANLÆG."
"2692","U","UEZ","KANALBYGVÆRK. Herunder kloakering."
"2693","U","UF","NUKLEAR"
"2694","U","UGO","GENERELT, ALMENT, TVÆRGÅENDE FOR BYGNINGSANLÆG FOR VANDFORSYNING OG SPILDEVANDSBEHANDLING. Må og kan ikke anvendes til komponentnummerering."
"2695","U","UGA","BYGNINGSANLÆG FOR RÅVANDSFORSYNING."
"2696","U","UGB","BYGNINGSANLÆG FOR DIONAT BYGNINGSANLÆG FOR RÅVAND (kun SSV) (brug UGA)"
"2697","U","UGC","BYGNINGSANLÆG FOR KONDENSAT BYGNING FOR VANDBEHANDLINGSFORSYNING (kun ASV)"
"2698","U","UGD","BYGNINGSANLÆG FOR TOTALAFSALTNINGSANLÆG."
"2699","U","UGE","NEUTRALISATIONSBASSIN."
"2700","U","UGF","BRANDDAM."
"2701","U","UGG","BYGNINGSANLÆG FOR DRIKKEVAND."
"2702","U","UGH","UDFÆLDNINGSBASSIN."
"2703","U","UGK","SPILDEVANDSMIXEBASSIN."
"2704","U","UGL","SPILDEVANDSRENSNINGSANLÆG."
"2705","U","UGQ","BYGNINGSANLÆG FOR SLAM"
"2706","U","UGR","SEDIMENTATIONSBASSIN."
"2707","U","UGU","KLOAKPUMPESTATION."
"2708","U","UGV","KLARINGSANLÆG."
"2709","U","UGX","DIVERSE SPECIELLE BYGVÆRKER (ANLÆGSAFHÆNGIGE)."
"2710","U","UGY","BROANLÆG."
"2711","U","UGZ","KANALBYGVÆRK. Herunder kloakering."
"2712","U","UHO","GENERELT, ALMENT, TVÆRGÅENDE FOR BYGNINGSANLÆG FOR KEDELANLÆG."
"2713","U","UHA","KEDELBYGNING.Kedelophæng, se HBA."
"2714","U","UHB","BYGNINGSANLÆG FOR RØGGASKONDENSERING (RGK)"
"2715","U","UHE","BYGNINGSANLÆG FOR TRÆFLIS (HEV)"
"2716","U","UHF","SILOBYGNING (INCL. SILOER). Bærende konstruktioner excl. spjæld."
"2717","U","UHH","BYGNINGSANLÆG FOR BRÆNDSELSOLIEANLÆG."
"2718","U","UHL","BYGNINGSANLÆG FOR KEDELFRISKLUFTSFORSYNING."
"2719","U","UHN","SKORSTEN (INCL. KERNER).Bærende konstruktioner."
"2720","U","UHO","BYGNINGSANLÆG FOR RØGRENSNING - MÅ IKKE ANVENDES (ikke vgbe standard) (brug UHT)"
"2721","U","UHQ","BYGNINGSANLÆG FOR RØGGASFILTERANLÆG. Fundamenter excl. røggasfilteranlæg."
"2722","U","UHT","BYGNINGSANLÆG FOR AFSVOVLING"
"2723","U","UHU","BYGNINGSANLÆG FOR RØGGASGENOPVARMNINGSANLÆG."
"2724","U","UHW","BYGNINGSANLÆG FOR KEDELSLAM."
"2725","U","UHX","DIVERSE SPECIELLE BYGVÆRKER (ANLÆGSAFHÆNGIGE)."
"2726","U","UHY","BROANLÆG."
"2727","U","UHZ","KANALBYGVÆRK.Herunder kloakering."
"2728","U","UJ","NUKLEAR"
"2729","U","UK","NUKLEAR"
"2730","U","ULA","BYGNINGSANLÆG FOR DAMP- VAND OG GASANLÆG"
"2731","U","ULO","GENERELT, ALMENT, TVÆRGÅENDE FOR BYGNINGSANLÆG FOR DAMP-, VAND- OG GASKREDSLØB. Må og kan ikke anvendes til komponentnummerering."
"2732","U","UMO","GENERELT, ALMENT, TVÆRGÅENDE FOR BYGNINGSANLÆG FOR HOVEDMASKINER (TURBINEANLÆG). Må og kan ikke anvendes til komponentnummerering."
"2733","U","UMA","TURBINEBYGNING.Turbinefundament, se MPA. Hvis det er et fjederlejret fundament, skal kun fjedre og bordplade henføres under MPA."
"2734","U","UMB","BYGNINGSANLÆG FOR GASTURBINE."
"2735","U","UMC","BYGNINGSANLÆG FOR VINDMØLLER."
"2736","U","UMJ","BYGNINGSANLÆG FOR DIESELGENERATORANLÆG."
"2737","U","UMR","BYGNINGSANLÆG FOR GASMOTORANLÆG."
"2738","U","UMX","DIVERSE SPECIELLE BYGVÆRKER (ANLÆGSAFHÆNGIGE)."
"2739","U","UMY","BROVÆRK."
"2740","U","UMZ","KANALBYGVÆRK.Herunder kloakering."
"2741","U","UNO","GENERELT, ALMENT, TVÆRGÅENDE FOR BYGNINGSANLÆG FOR PROCESENERGIANLÆG (FJERNVARME)."
"2742","U","UNA","FJERNVARMEBYGNING."
"2743","U","UNC","BYGNINGSANLÆG FOR FJENVARMERØR UDEN FOR BLOK."
"2744","U","UND","VARMEAKKUMULATOR. Bærende konstruktioner, herunder akkumulatortank."
"2745","U","UNE","SPÆDEVAND"
"2746","U","UNX","DIVERSE SPECIELLE BYGVÆRKER (ANLÆGSAFHÆNGIGE)."
"2747","U","UNY","BROBYGVÆRK."
"2748","U","UNZ","KANALBYGVÆRK.Herunder kloakering."
"2749","U","UPO","GENERELT, ALMENT, TVÆRGÅENDE FOR BYGNINGSANLÆG FOR KØLEVANDSTILGANG."
"2750","U","UPA","KØLEVANDSTILGANGSKANAL. Bærende konstruktioner."
"2751","U","UPC","KØLEVANDSINDTAGSBYGVÆRK (DYBVANDSINDTAG)."
"2752","U","UPH","BYGNINGSANLÆG FOR KØLEVANDSBEHANDLING."
"2753","U","UPX","DIVERSE SPECIELLE BYGVÆRKER (ANLÆGSAFHÆNGIGE)."
"2754","U","UPY","BROANLÆG."
"2755","U","UPZ","KANALBYGVÆRK. Herunder kloakering."
"2756","U","UQO","GENERELT, ALMENT, TVÆRGÅENDE FOR BYGNINGSANLÆG FOR KØLEVANDSANLÆG (F.EKS. KØLEVANDSTRANSPORT OG -AFGANG).Må og kan ikke anvendes til komponentnummerering."
"2757","U","UQA","KØLEVANDSPUMPEBYGNINGSANLÆG. Anvendes kun, såfremt pumperne er placeret i separate bygninger."
"2758","U","UQE","BYGNINGSANLÆG FOR TRYKLUFT (brug UAE)"
"2759","U","UQN","KØLEVANDSAFGANGSKANAL."
"2760","U","UQX","DIVERSE SPECIELLE BYGVÆRKER (ANLÆGSAFHÆNGIGE)."
"2761","U","UQY","BROANLÆG."
"2762","U","UQZ","KANALBYGVÆRK. Herunder kloakering."
"2763","U","URF","BYGNINGSANLÆG FOR CO2 JUST CATCH OMRÅDE"
"2764","U","URO","GENERELT, ALMENT, TVÆRGÅENDE FOR BYGNINGSANLÆG FOR KØLEVANDSANLÆG (F.EKS. KØLETÅRN).Må og kan ikke anvendes til komponentnummerering."
"2765","U","URT","BYGNINGSANLÆG FOR CO2 KØLEVANDSANLÆG"
"2766","U","US","OMRÅDE / BYGNING"
"2767","U","USB","BYGNINGSANLÆG FOR HAVN"
"2768","U","USG","BYGNINGSANLÆG FOR BRANDSLUKNING"
"2769","U","USO","GENERELT, ALMENT, TVÆRGÅENDE FOR BYGNINGSANLÆG FOR SERVICEANLÆG. Må og kan ikke anvendes til komponentnummerering."
"2770","U","USQ","MAGASINBYGNING (magasin/lager 4) (HCV10) (brug USU) S-BYGNING (SSV10)"
"2771","U","USR","LAGERBYGNING (gl. el-filter) (HCV10) (brug USU)"
"2772","U","UST","VÆRKSTEDSBYGNING."
"2773","U","USU","LAGERBYGNING."
"2774","U","USV","LABORATORIEBYGNING."
"2775","U","USW","BYGNINGSANLÆG FOR MILJØPLADS"
"2776","U","USX","DIVERSE SPECIELLE BYGVÆRKER (ANLÆGSAFHÆNGIGE)."
"2777","U","USY","BROANLÆG."
"2778","U","USZ","KANALBYGVÆRK. Herunder kloakering."
"2779","U","UTO","GENERELT, ALMENT, TVÆRGÅENDE FOR BYGNINGSANLÆG FOR HJÆLPEANLÆG FOR BLOK. Må og kan ikke anvendes til komponentnummerering."
"2780","U","UTH","HJÆLPEKEDELHUS."
"2781","U","UTJ","BYGNINGSANLÆG FOR SKORSTEN"
"2782","U","UTS","KEMIKALIELAGER."
"2783","U","UTX","DIVERSE SPECIELLE BYGVÆRKER (ANLÆGSAFHÆNGIGE)."
"2784","U","UTY","BROANLÆG."
"2785","U","UTZ","KANALBYGVÆRK. Herunder kloakering."
"2786","U","UU","Reserveret af VGB"
"2787","U","UVO","GENERELT, ALMENT OG TVÆRGÅENDE FOR BYGNINGSANLÆG FOR KEMISK RØGGASBEHANDLING INCL. RESTPRODUKTBORTSKAFFELSE (FOR HR, HS OG HT). Må og kan ikke anvendes for komponentnummerering."
"2788","U","UVA","BYGNINGSANLÆG FOR RØGGASVARMEVEKSLING. Kun for HSB (for HU anvendes UHU)."
"2789","U","UVB","BYGNINGSANLÆG FOR RØGGASBLÆSERANLÆG (BOOSTERBLÆSER)."
"2790","U","UVC","BYGNINGSANLÆG FOR ABSORBER/KATALYSATOR."
"2791","U","UVD","BYGNINGSANLÆG FOR AD- ELLER ABSORPTIONSKREDSLØB."
"2792","U","UVE","BYGNINGSANLÆG FOR REAKTIONSMIDDELFORSYNING INCL. OPBEREDNING, LAGER, TRANSPORT."
"2793","U","UVF","BYGNINGSANLÆG FOR SEDIMENTATIONS-, AFVANDINGS-, TØRRINGS- OG PELLETTERINGSANLÆG."
"2794","U","UVH","BYGNINGSANLÆG FOR TRANSPORT, LAGER OG UDLEVERING AF RESTPRODUKTER."
"2795","U","UVM","BYGNINGSANLÆG FOR OPLAGRING OG HÅNDTERING AF KATALYTISKE STOFFER (REDUKTIONSMIDLER)."
"2796","U","UVX","DIVERSE SPECIELLE BYGVÆRKER (ANLÆGSAFHÆNGIGE)."
"2797","U","UVY","BROANLÆG."
"2798","U","UVZ","KANALBYGVÆRK. Herunder kloakering."
"2799","U","UXO","GENERELT, ALMENT, TVÆRGÅENDE FOR BYGNINGSANLÆG FOR EKSTERNE ANLÆG (KRAFTVÆRKSAFHÆNGIGE). Må og kan ikke anvendes til komponentnummerering."
"2800","U","UXA","BYGNINGSANLÆG FOR 400 kV (energinet.dk) (HCV)"
"2801","U","UXJ","BYGNINGSANLÆG FOR KALK"
"2802","U","UXL","BYGNINGSANLÆG FOR RESTPRODUKTDEPONI. Areal, deponi og bygningsanlæg (se endvidere ZL)."
"2803","U","UXN","BYGNINGSANLÆG FOR FJERVARMEVEKSLER (HCV)"
"2804","U","UYO","GENERELT, ALMENT, TVÆRGÅENDE FOR FÆLLES BYGNINGSANLÆG. Må og kan ikke anvendes til komponentnummerering."
"2805","U","UYA","ADMINISTRATIONSBYGNING."
"2806","U","UYB","FOLKEBYGNING."
"2807","U","UYD","KANTINEBYGNING."
"2808","U","UYE","PORTNERBYGNING."
"2809","U","UYF","BROVÆGT OG VEJERBOD."
"2810","U","UYG","INFORMATIONSBYGNING."
"2811","U","UYH","TRÆNINGS FACILITETER"
"2812","U","UYJ","BYGNING FOR MEDICINSK BEHANDLING."
"2813","U","UYP","BYGNING FOR BRANDVÆRN."
"2814","U","UYQ","GARAGEANLÆG."
"2815","U","UYR","AUTOVÆRKSTED."
"2816","U","UYS","BENZINSTATION."
"2817","U","UYX","DIVERSE SPECIELLE BYGVÆRKER (ANLÆGSAFHÆNGIGE)."
"2818","U","UYY","BROANLÆG."
"2819","U","UYZ","KANALBYGVÆRK. Herunder kloakering."
"2820","U","UZO","GENERELT, ALMENT, TVÆRGÅENDE FOR BYGGEMODNING, VEJE, HAVN, GRUND, HEGN M.M. Må og kan ikke anvendes til komponentnummerering."
"2821","U","UZA","VEJE, BYGGEMODNING."
"2822","U","UZC","PLADS, GÅRDE."
"2823","U","UZD","PARKERINGSPLADSER."
"2824","U","UZE","JERNBANEANLÆG."
"2825","U","UZF","RO-RO-ANLÆG."
"2826","U","UZG","BYGNINGSANLÆG FOR KAJANLÆG."
"2827","U","UZJ","INDHEGNING OG PORTE."
"2828","U","UZK","PARKANLÆG OG BEPLANTNING."
"2829","U","UZN","BYGNINGSANLÆG FOR HØJVANDE."
"2830","U","UZL","STØJSKÆRM."
"2831","U","UZP","KYSTSIKRINGSANLÆG SAMT LANDINDVINDING."
"2832","U","UZR","BYGVÆRK FOR SKIBSFORTØJNING."
"2833","U","UZS","BØLGEBRYDERE."
"2834","U","UZT","GRUND- OG MATRIKELFORHOLD."
"2835","U","UZW","FUNKTIONÆRBOLIGER"
"2836","U","UZX","DIVERSE SPECIELLE BYGVÆRKER (ANLÆGSAFHÆNGIGE)."
"2837","U","UZY","BROANLÆG."
"2838","U","UZZ","KANALBYGVÆRK. Herunder kloakering."
"2839","V","V","Anvendes ikke"
"2840","X","XO","OVERORDNET, ALMENT, TVÆRGÅENDE FOR STØRRE MASKINENHEDER (EXCL. HOVEDMASKINER). Må og kan ikke anvendes til komponentnummerering."
"2841","X","XA","DAMPTURBINEANLÆG (FØDEPUMPETURBINEANLÆG)."
"2842","X","XB","GASTURBINEANLÆG. Oprettes efter behov i henhold til aftale med KKS-gruppen."
"2843","X","XE","VANDTURBINEANLÆG. Oprettes efter behov i henhold til aftale med KKS-gruppen."
"2844","X","XJ","DIESELMOTORANLÆG."
"2845","X","XK","GENERATORANLÆG."
"2846","X","XL","ELEKTROMOTORANLÆG FOR STORMASKINER. Oprettes efter behov i henhold til aftale med KKS-gruppen."
"2847","X","XP","FÆLLESUDRUSTNING FOR STØRRE MASKINENHEDER. Oprettes efter behov i henhold til aftale med KKS-gruppen."
"2848","X","XR","GASMOTORANLÆG. Oprettes efter behov i henhold til aftale med KKS-gruppen."
"2849","X","XV","SMØREMEDIEFORSYNING. Oprettes efter behov i henhold til aftale med KKS-gruppen."
"2850","X","XW","SPÆRREMEDIUMFORSYNING. Oprettes efter behov i henhold til aftale med KKS-gruppen."
"2851","X","XX","STYREMEDIEFORSYNING. Oprettes efter behov i henhold til aftale med KKS-gruppen."
"2852","X","XY","STYRINGS-, REGULERINGS- OG BESKYTTELSESUDSTYR. Oprettes efter behov i henhold til aftale med KKS-gruppen."
"2853","X","XOA","ALMENT."
"2854","X","XOB","HOVEDDATA."
"2855","X","XOC","UNDERSØGELSER, BUDGET, BEVILLINGER."
"2856","X","XOD","PLANLÆGNING, TID OG RESSOURCER."
"2857","X","XOE","ORDRE OG ORDREKORRESPONDANCE GENERELT."
"2858","X","XOF","MYNDIGHEDER, SIKKERHED, KVALITETSKONTROL."
"2859","X","XOG","MØDEREFERATER."
"2860","X","XOH","LAYOUT."
"2861","X","XOJ","DRIFT OG VEDLIGEHOLDELSE."
"2862","X","XAO","GENERELT, ALMENT, TVÆRGÅENDE FOR DAMPTURBINEANLÆG (FØDEPUMPETURBINEANLÆG). Må og kan ikke anvendes til komponentnummerering."
"2863","X","XAA","HT-TURBINE. Fra og med tilgangsstudse turbineindløbsventiler (komb. hurtiglukkere og reguleringsventiler) incl. sier, men excl. evt. overgangsstykker til ht-dampledning. Til og med udtags-, aftapnings- og afgangsstudse excl. evt. overgangsstykker."
"2864","X","XAB","MT-TURBINE. Fra og med tilgangsstudse på MT-turbinens opfangeventiler (komb. hurtiglukkere og reguleringsventiler) incl. sier, men excl. overgangsstykker til varme MOH-dampledninger. Til og med udtags- aftapnings og afgangsstudse excl. evt. overgangsstykker."
"2865","X","XAC","LT-TURBINE. Fra og med overtrømsledninger incl. armaturer. Til og med udtags- aftapnings- og afgangsstudse, men excl. evt. overgangsstykker."
"2866","X","XAG","KONDENSATIONSANLÆG. Fra og med kondensatorhals henholdsvis tilgangsstudse, dampindføringer for bypass til og med kondensatorafgangsstudse incl. hotwell, afspændingstank og incl. evt. udligningsledning mellem 2 kondensatorhalvdele samt incl. måleudrustning for kondensator."
"2867","X","XAH","VANDSYSTEM FOR EJEKTORSYSTEM. Såfremt det er adskilt fra XAJ. Fra afgangsstuds vandforsyningssystem til før vandstråleejektor."
"2868","X","XAJ","EVAKUERINGSSYSTEM. Fra afgang kondensator til overgang til atmosfære."
"2869","X","XAK","TØRNEUDRUSTNING."
"2870","X","XAL","DRÆN- OG UDLUFTNINGSSYSTEM. Fra og med samlested henholdsvis fra og med sidste dræn til indføring i andet system."
"2871","X","XAM","PAKDÅSEDAMPAFSUGNINGSSYSTEM. Fra afgrening på pakdåse til indfødning i andet system."
"2872","X","XAN","BYPASS-REDUKTIONSSTATION INCL. INDSPRØJTNING. Fra og med reduktionsstation og indsprøjtningsventiler til og med dampindføring i kondensator incl. drænledninger til tilgang andet system."
"2873","X","XAP","LT-BYPASSLEDNINGSSYSTEM INCL. INDSPRØJTNING. Fra og med reduktionsstation og indsprøjtningsventiler til dampindføringer i kondensator incl. drænledninger til tilgang andet system."
"2874","X","XAQ","UDLUFTNINGSSYSTEM. Såfremt det ikke indgår i XAL. Fra udluftningssted til indfødning i andet system."
"2875","X","XAV","SMØREMEDIEFORSYNING. Fra og med tilhørende smøreoliebeholder henholdsvis fælles smøre-, styremediebeholder henholdsvis fra afgrening smøreolieforsyning til forbruger og fra forbruger."
"2876","X","XAW","SPÆRRE-, OPVARME- OG KØLEDAMPSYSTEM. Fra afgrening forsyningssystem til studse for spærredampforbruger incl. udsugning og kondensator henholdsvis pakdåsedampkondensator (Stobüdako) til og med opvarme- og køledampforbruger."
"2877","X","XAX","IKKE ELEKTRISK STYRINGS-, REGULERINGS- OG BESKYTTELSESUDSTYR."
"2878","X","XAY","ELEKTRISK STYRINGS-, REGULERINGS- OG BESKYTTELSESUDSTYR."
"2879","X","XJO","GENERELT, ALMENT, TVÆRGÅENDE FOR DIESELMOTORANLÆG. Må og kan ikke anvendes til komponentnummerering."
"2880","X","XJA","KOMPLET DIESELANLÆG. Herunder nummereres komplet nødstrømsdieselmotor."
"2881","X","XKO","GENERELT, ALMENT, TVÆRGÅENDE FOR GENERATORANLÆG. Må og kan ikke anvendes til komponentnummerering."
"2882","X","XKA","GENERATORHUS INKL. STATOR, ROTOR SAMT ALT INDBYGGET KØLEUDSTYR. Til og med generatorgennemføring."
"2883","X","XKB","MAGNETISERING (ANVENDES KUN, SÅFREMT *XKC* IKKE ER TILSTRÆKKELIG SOM NUMMERERING)."
"2884","X","XKC","MAGNETISERING."
"2885","X","XKD","LAGRING."
"2886","X","XKF","STATOR/ROTORKØLING MED FLYDENDE KØLEMEDIE INKL. KØLEMEDIEFORSYNING. (Bemærk: Køleolie som kølemedie, se *XKU*) Opgave: Bortledning af varmeenergi fra stator/rotor via gasformigt kølemedie. Fra afgang stator/rotor til og med tilgang stator/rotor."
"2887","X","XKG","STATOR-/ROTORKØLING MED GASFORMIGT KØLEMEDIE INKL. KØLEMEDIEFORSYNING. (Bemærk: Kvælstof som kølemedie, se *XKH*) Opgave: Bortledning af varmeenergi fra stator/rotor via gasformigt kølemedie. Fra afgang stator/rotor til og med tilgang stator/rotor."
"2888","X","XKH","STATOR-/ROTORKØLING MED KVÆLSTOF SOM KØLEMEDIE INKL. KVÆLSTOFFORSYNING. (Bemærk: Andre gasformige kølemedier, se *XKG*) Opgave: Bortledning af varmeenergi fra stator/rotor via kvælstof som kølemedie. Fra afgang stator/rotor til og med tilgang stator/rotor."
"2889","X","XKQ","AFGASNINGSSYSTEM (SÅFREMT DET ER ADSKILT FRA *XKG* OG *XKH*)."
"2890","X","XKU","STATOR-/ROTORKØLING MED KØLEOLIE SOM KØLEMEDIE INKL. KØLEMOLIEFORSYNING. (Bemærk: Andre flydende kølemedier, se *XKF*) Opgave: Bortledning af varmeenergi fra stator/rotor via køleolie som kølemedie. Fra afgang stator/rotor til og med tilgang stator/rotor."
"2891","X","XKV","SMØREMEDIEFORSYNING (SÅFREMT DET ER ADSKILT FRA GENERATOR)."
"2892","X","XKW","SMØREMEDIEFORSYNING (TÆTNINGSOLIESYSTEM INKL. FORSYNING OF RENSNING). Fra grenrør tætningsoliesystem til og med tilgang stator og fra afgang stator til og med tilgang til andet system henholdsvis lukkede systemer. Fra afgang stator til og med tilgang stator."
"2893","X","XKX","MEDIEFORSYNING FOR STYRINGS-, REGULERINGS-, BESKYTTELSESUDSTYR."
"2894","X","XKY","STYRINGS-, REGULERINGS-, BESKYTTELSESUDSTYR."
"2895","Y","Y","Anvendes ikke"
"2896","Z","Z","DRIFTS- OG FORRETNINGSUDSTYR."
"2897","Z","ZO","OVERORDNET, ALMENT, TVÆRGÅENDE FOR DRIFTS- OG FORRETNINGSUDSTYR."
"2898","Z","ZJ","KALK/KALKSTENSFREMSKAFFELSE."
"2899","Z","ZL","DEPONI OG AFSÆTNING AF RESTPRODUKT"
"2900","Z","ZO","OVERORDNET, ALMENT, TVÆRGÅENDE FOR DRIFTS- OG FORRETNINGSUDSTYR. Må og kan ikke anvendes til komponentnummerering."
"2901","Z","ZOB","HOVEDDATA."
"2902","Z","ZOC","UNDERSØGELSER, BUDGET, BEVILLINGER."
"2903","Z","ZOD","PLANLÆGNING, TID OG RESSOURCER."
"2904","Z","ZOE","ORDRE OG ORDREKORRESPONDANCE GENERELT."
"2905","Z","ZOF","MYNDIGHEDER, SIKKERHED, KVALITETSKONTROL."
"2906","Z","ZOG","MØDEREFERATER."
"2907","Z","ZOH","LAYOUT."
"2908","Z","ZOJ","DRIFT OG VEDLIGEHOLDELSE."
"2909","Z","ZJO","GENERELT, ALMENT, TVÆRGÅENDE FOR KALK/KALKSTENSFREMSKAFFELSE."
"2910","Z","ZJA","KALKGRAV."
"2911","Z","ZL","Maskiner, værktøj og inventar (areal og bygningsanlæg UXJ)."
"2912","Z","ZLO","GENERELT, ALMENT, TVÆRGÅENDE FOR DEPONI OG AFSÆTNING AF RESTPRODUKT."
"2913","Z","ZLA","DEPONI."
